entity_type,canonical_label,ontology,code,ontology_label
Symptom,abdominal pain,SNOMED_CT,21522001,Abdominal pain
Symptom,nausea,SNOMED_CT,422587007,Nausea
Symptom,fever,SNOMED_CT,386661006,Fever
Symptom,jaundice,SNOMED_CT,18165001,Jaundice
Exam,computed tomography,LOINC,LP29708-2,CT imaging study
Exam,serum lipase,LOINC,3040-3,Lipase [Enzymatic activity/volume] in Serum or Plasma
Exam,c-reactive protein,LOINC,1988-5,C reactive protein [Mass/volume] in Serum or Plasma
Diagnosis,acute pancreatitis,ICD10,K85.9,Acute pancreatitis
Diagnosis,chronic pancreatitis,ICD10,K86.1,Other chronic pancreatitis
Diagnosis,diabetes mellitus,ICD10,E11,Type 2 diabetes mellitus
Diagnosis,hypertension,ICD10,I10,Essential (primary) hypertension
Diagnosis,pancreatic pseudocyst,ICD10,K86.3,Pseudocyst of pancreas
Diagnosis,gastric outlet obstruction,MeSH,D015431,Gastric Outlet Obstruction
Symptom,"abdomen, acute",MeSH,D000006,"Abdomen, Acute"
Symptom,abnormal karyotype,MeSH,D059786,Abnormal Karyotype
Symptom,abscess,MeSH,D000038,Abscess
Symptom,acantholysis,MeSH,D000051,Acantholysis
Symptom,accelerated idioventricular rhythm,MeSH,D016170,Accelerated Idioventricular Rhythm
Symptom,accessory atrioventricular bundle,MeSH,D058606,Accessory Atrioventricular Bundle
Symptom,acute disease,MeSH,D000208,Acute Disease
Symptom,acute pain,MeSH,D059787,Acute Pain
Symptom,acute-phase reaction,MeSH,D000210,Acute-Phase Reaction
Symptom,adams-stokes syndrome,MeSH,D000219,Adams-Stokes Syndrome
Symptom,adenocarcinoma in situ,MeSH,D065311,Adenocarcinoma in Situ
Symptom,aerophagy,MeSH,D000334,Aerophagy
Symptom,afferent loop syndrome,MeSH,D000343,Afferent Loop Syndrome
Symptom,agenesis of corpus callosum,MeSH,D061085,Agenesis of Corpus Callosum
Symptom,ageusia,MeSH,D000370,Ageusia
Symptom,"aging, premature",MeSH,D019588,"Aging, Premature"
Symptom,agnosia,MeSH,D000377,Agnosia
Symptom,agraphia,MeSH,D000381,Agraphia
Symptom,airway remodeling,MeSH,D056151,Airway Remodeling
Symptom,"akathisia, drug-induced",MeSH,D017109,"Akathisia, Drug-Induced"
Symptom,albuminuria,MeSH,D000419,Albuminuria
Symptom,alcohol withdrawal seizures,MeSH,D020270,Alcohol Withdrawal Seizures
Symptom,alcoholic korsakoff syndrome,MeSH,D000076042,Alcoholic Korsakoff Syndrome
Symptom,"alert fatigue, health personnel",MeSH,D000071064,"Alert Fatigue, Health Personnel"
Symptom,"alexia, pure",MeSH,D020237,"Alexia, Pure"
Symptom,alice in wonderland syndrome,MeSH,D062026,Alice in Wonderland Syndrome
Symptom,alien limb phenomenon,MeSH,D055964,Alien Limb Phenomenon
Symptom,allesthesia,MeSH,D066190,Allesthesia
Symptom,alopecia,MeSH,D000505,Alopecia
Symptom,amaurosis fugax,MeSH,D020757,Amaurosis Fugax
Symptom,amblyopia,MeSH,D000550,Amblyopia
Symptom,ambulatory care sensitive conditions,MeSH,D000090004,Ambulatory Care Sensitive Conditions
Symptom,amenorrhea,MeSH,D000568,Amenorrhea
Symptom,amnesia,MeSH,D000647,Amnesia
Symptom,"amnesia, anterograde",MeSH,D020324,"Amnesia, Anterograde"
Symptom,"amnesia, retrograde",MeSH,D000648,"Amnesia, Retrograde"
Symptom,"amnesia, transient global",MeSH,D020236,"Amnesia, Transient Global"
Symptom,anaplasia,MeSH,D000708,Anaplasia
Symptom,anastomotic leak,MeSH,D057868,Anastomotic Leak
Symptom,andersen syndrome,MeSH,D050030,Andersen Syndrome
Symptom,aneuploidy,MeSH,D000782,Aneuploidy
Symptom,angina pectoris,MeSH,D000787,Angina Pectoris
Symptom,"angina pectoris, variant",MeSH,D000788,"Angina Pectoris, Variant"
Symptom,"angina, stable",MeSH,D060050,"Angina, Stable"
Symptom,"angina, unstable",MeSH,D000789,"Angina, Unstable"
Symptom,anhedonia,MeSH,D059445,Anhedonia
Symptom,anisocoria,MeSH,D015875,Anisocoria
Symptom,anomia,MeSH,D000849,Anomia
Symptom,anorexia,MeSH,D000855,Anorexia
Symptom,anosmia,MeSH,D000086582,Anosmia
Symptom,anterior wall myocardial infarction,MeSH,D056988,Anterior Wall Myocardial Infarction
Symptom,"anticipation, genetic",MeSH,D020132,"Anticipation, Genetic"
Symptom,aortic intramural hematoma,MeSH,D000094666,Aortic Intramural Hematoma
Symptom,aphasia,MeSH,D001037,Aphasia
Symptom,"aphasia, broca",MeSH,D001039,"Aphasia, Broca"
Symptom,"aphasia, conduction",MeSH,D018886,"Aphasia, Conduction"
Symptom,"aphasia, primary progressive",MeSH,D018888,"Aphasia, Primary Progressive"
Symptom,"aphasia, wernicke",MeSH,D001041,"Aphasia, Wernicke"
Symptom,aphonia,MeSH,D001044,Aphonia
Symptom,apnea,MeSH,D001049,Apnea
Symptom,"apraxia, ideomotor",MeSH,D020240,"Apraxia, Ideomotor"
Symptom,apraxias,MeSH,D001072,Apraxias
Symptom,"arrhythmia, sinus",MeSH,D001146,"Arrhythmia, Sinus"
Symptom,"arrhythmias, cardiac",MeSH,D001145,"Arrhythmias, Cardiac"
Symptom,arterio-arterial fistula,MeSH,D001159,Arterio-Arterial Fistula
Symptom,arteriovenous fistula,MeSH,D001164,Arteriovenous Fistula
Symptom,arthralgia,MeSH,D018771,Arthralgia
Symptom,"arthritis, reactive",MeSH,D016918,"Arthritis, Reactive"
Symptom,articulation disorders,MeSH,D001184,Articulation Disorders
Symptom,ascites,MeSH,D001201,Ascites
Symptom,asphyxia,MeSH,D001237,Asphyxia
Symptom,asthenia,MeSH,D001247,Asthenia
Symptom,asthma-chronic obstructive pulmonary disease overlap syndrome,MeSH,D000080445,Asthma-Chronic Obstructive Pulmonary Disease Overlap Syndrome
Symptom,asymptomatic diseases,MeSH,D058070,Asymptomatic Diseases
Symptom,asymptomatic infections,MeSH,D058345,Asymptomatic Infections
Symptom,ataxia,MeSH,D001259,Ataxia
Symptom,athetosis,MeSH,D001264,Athetosis
Symptom,atrial fibrillation,MeSH,D001281,Atrial Fibrillation
Symptom,atrial flutter,MeSH,D001282,Atrial Flutter
Symptom,atrial premature complexes,MeSH,D018880,Atrial Premature Complexes
Symptom,atrial remodeling,MeSH,D064752,Atrial Remodeling
Symptom,atrioventricular block,MeSH,D054537,Atrioventricular Block
Symptom,atrophy,MeSH,D001284,Atrophy
Symptom,atypical squamous cells of the cervix,MeSH,D065309,Atypical Squamous Cells of the Cervix
Symptom,auditory perceptual disorders,MeSH,D001308,Auditory Perceptual Disorders
Symptom,autoimmune pancreatitis,MeSH,D000081012,Autoimmune Pancreatitis
Symptom,autolysis,MeSH,D001329,Autolysis
Symptom,azotemia,MeSH,D053099,Azotemia
Symptom,back pain,MeSH,D001416,Back Pain
Symptom,bacteremia,MeSH,D016470,Bacteremia
Symptom,basal ganglia hemorrhage,MeSH,D020145,Basal Ganglia Hemorrhage
Symptom,benign paroxysmal positional vertigo,MeSH,D065635,Benign Paroxysmal Positional Vertigo
Symptom,bilateral vestibulopathy,MeSH,D000071699,Bilateral Vestibulopathy
Symptom,biliary fistula,MeSH,D001658,Biliary Fistula
Symptom,birth weight,MeSH,D001724,Birth Weight
Symptom,bisphosphonate-associated osteonecrosis of the jaw,MeSH,D059266,Bisphosphonate-Associated Osteonecrosis of the Jaw
Symptom,bland white garland syndrome,MeSH,D063748,Bland White Garland Syndrome
Symptom,blast crisis,MeSH,D001752,Blast Crisis
Symptom,blindness,MeSH,D001766,Blindness
Symptom,"blindness, cortical",MeSH,D019575,"Blindness, Cortical"
Symptom,blister,MeSH,D001768,Blister
Symptom,"blood loss, surgical",MeSH,D016063,"Blood Loss, Surgical"
Symptom,blood-borne infections,MeSH,D000086982,Blood-Borne Infections
Symptom,body odor,MeSH,D000089083,Body Odor
Symptom,body remains,MeSH,D000071298,Body Remains
Symptom,body temperature changes,MeSH,D001832,Body Temperature Changes
Symptom,body weight,MeSH,D001835,Body Weight
Symptom,body weight changes,MeSH,D001836,Body Weight Changes
Symptom,body-weight trajectory,MeSH,D000077962,Body-Weight Trajectory
Symptom,bone anteversion,MeSH,D060750,Bone Anteversion
Symptom,bone retroversion,MeSH,D060751,Bone Retroversion
Symptom,bradycardia,MeSH,D001919,Bradycardia
Symptom,"brain damage, chronic",MeSH,D001925,"Brain Damage, Chronic"
Symptom,brain death,MeSH,D001926,Brain Death
Symptom,brain infarction,MeSH,D020520,Brain Infarction
Symptom,"brain injury, chronic",MeSH,D020208,"Brain Injury, Chronic"
Symptom,brain stem infarctions,MeSH,D020526,Brain Stem Infarctions
Symptom,breakthrough infections,MeSH,D000093742,Breakthrough Infections
Symptom,breakthrough pain,MeSH,D059390,Breakthrough Pain
Symptom,breast cancer lymphedema,MeSH,D000072656,Breast Cancer Lymphedema
Symptom,"brief, resolved, unexplained event",MeSH,D057768,"Brief, Resolved, Unexplained Event"
Symptom,bronchial fistula,MeSH,D001983,Bronchial Fistula
Symptom,"bronchitis, chronic",MeSH,D029481,"Bronchitis, Chronic"
Symptom,brown-sequard syndrome,MeSH,D018437,Brown-Sequard Syndrome
Symptom,bulimia,MeSH,D002032,Bulimia
Symptom,bundle-branch block,MeSH,D002037,Bundle-Branch Block
Symptom,buschke-lowenstein tumor,MeSH,D062688,Buschke-Lowenstein Tumor
Symptom,cadasil,MeSH,D046589,CADASIL
Symptom,charge syndrome,MeSH,D058747,CHARGE Syndrome
Symptom,cachexia,MeSH,D002100,Cachexia
Symptom,cadaver,MeSH,D002102,Cadaver
Symptom,cafe-au-lait spots,MeSH,D019080,Cafe-au-Lait Spots
Symptom,calculi,MeSH,D002137,Calculi
Symptom,cancer pain,MeSH,D000072716,Cancer Pain
Symptom,candidemia,MeSH,D058387,Candidemia
Symptom,"candidiasis, chronic mucocutaneous",MeSH,D002178,"Candidiasis, Chronic Mucocutaneous"
Symptom,carcinogenesis,MeSH,D063646,Carcinogenesis
Symptom,"cardiac complexes, premature",MeSH,D005117,"Cardiac Complexes, Premature"
Symptom,"cardiac output, high",MeSH,D016534,"Cardiac Output, High"
Symptom,"cardiac output, low",MeSH,D002303,"Cardiac Output, Low"
Symptom,cardiomegaly,MeSH,D006332,Cardiomegaly
Symptom,cardiotoxicity,MeSH,D066126,Cardiotoxicity
Symptom,carotid-cavernous sinus fistula,MeSH,D020216,Carotid-Cavernous Sinus Fistula
Symptom,catalepsy,MeSH,D002375,Catalepsy
Symptom,catastrophic illness,MeSH,D002388,Catastrophic Illness
Symptom,catatonia,MeSH,D002389,Catatonia
Symptom,"cell transformation, neoplastic",MeSH,D002471,"Cell Transformation, Neoplastic"
Symptom,"cell transformation, viral",MeSH,D002472,"Cell Transformation, Viral"
Symptom,cellulite,MeSH,D000071697,Cellulite
Symptom,cellulitis,MeSH,D002481,Cellulitis
Symptom,cerebellar ataxia,MeSH,D002524,Cerebellar Ataxia
Symptom,cerebral cortical thinning,MeSH,D000082643,Cerebral Cortical Thinning
Symptom,cerebral hemorrhage,MeSH,D002543,Cerebral Hemorrhage
Symptom,cerebral infarction,MeSH,D002544,Cerebral Infarction
Symptom,cerebral intraventricular hemorrhage,MeSH,D000074042,Cerebral Intraventricular Hemorrhage
Symptom,cerebrospinal fluid leak,MeSH,D065634,Cerebrospinal Fluid Leak
Symptom,cerebrospinal fluid otorrhea,MeSH,D002558,Cerebrospinal Fluid Otorrhea
Symptom,cerebrospinal fluid rhinorrhea,MeSH,D002559,Cerebrospinal Fluid Rhinorrhea
Symptom,cervical dizziness,MeSH,D000099106,Cervical Dizziness
Symptom,channelopathies,MeSH,D053447,Channelopathies
Symptom,charles bonnet syndrome,MeSH,D000075562,Charles Bonnet Syndrome
Symptom,"chemical and drug induced liver injury, chronic",MeSH,D056487,"Chemical and Drug Induced Liver Injury, Chronic"
Symptom,chest pain,MeSH,D002637,Chest Pain
Symptom,cheyne-stokes respiration,MeSH,D002639,Cheyne-Stokes Respiration
Symptom,chills,MeSH,D023341,Chills
Symptom,chorea,MeSH,D002819,Chorea
Symptom,choristoma,MeSH,D002828,Choristoma
Symptom,choroid hemorrhage,MeSH,D002832,Choroid Hemorrhage
Symptom,choroidal neovascularization,MeSH,D020256,Choroidal Neovascularization
Symptom,chromosomal instability,MeSH,D043171,Chromosomal Instability
Symptom,chromosome aberrations,MeSH,D002869,Chromosome Aberrations
Symptom,chromosome breakage,MeSH,D019457,Chromosome Breakage
Symptom,chromosome deletion,MeSH,D002872,Chromosome Deletion
Symptom,chromosome duplication,MeSH,D058674,Chromosome Duplication
Symptom,chromosome fragility,MeSH,D002873,Chromosome Fragility
Symptom,chromosome inversion,MeSH,D007446,Chromosome Inversion
Symptom,chromothripsis,MeSH,D000072837,Chromothripsis
Symptom,chronic cough,MeSH,D000096822,Chronic Cough
Symptom,chronic disease,MeSH,D002908,Chronic Disease
Symptom,chronic exertional compartment syndrome,MeSH,D000083182,Chronic Exertional Compartment Syndrome
Symptom,chronic inducible urticaria,MeSH,D000094482,Chronic Inducible Urticaria
Symptom,chronic kidney disease-mineral and bone disorder,MeSH,D012080,Chronic Kidney Disease-Mineral and Bone Disorder
Symptom,chronic kidney diseases of uncertain etiology,MeSH,D000092702,Chronic Kidney Diseases of Uncertain Etiology
Symptom,chronic limb-threatening ischemia,MeSH,D000089802,Chronic Limb-Threatening Ischemia
Symptom,chronic pain,MeSH,D059350,Chronic Pain
Symptom,chronic periodontitis,MeSH,D055113,Chronic Periodontitis
Symptom,chronic traumatic encephalopathy,MeSH,D000070627,Chronic Traumatic Encephalopathy
Symptom,chronic urticaria,MeSH,D000080223,Chronic Urticaria
Symptom,cicatrix,MeSH,D002921,Cicatrix
Symptom,"cicatrix, hypertrophic",MeSH,D017439,"Cicatrix, Hypertrophic"
Symptom,clinical deterioration,MeSH,D000075902,Clinical Deterioration
Symptom,cocarcinogenesis,MeSH,D003043,Cocarcinogenesis
Symptom,colonic polyps,MeSH,D003111,Colonic Polyps
Symptom,color vision defects,MeSH,D003117,Color Vision Defects
Symptom,coma,MeSH,D003128,Coma
Symptom,communicable diseases,MeSH,D003141,Communicable Diseases
Symptom,"communicable diseases, emerging",MeSH,D021821,"Communicable Diseases, Emerging"
Symptom,"communicable diseases, imported",MeSH,D000076263,"Communicable Diseases, Imported"
Symptom,communication disorders,MeSH,D003147,Communication Disorders
Symptom,compassion fatigue,MeSH,D000068376,Compassion Fatigue
Symptom,condylomata acuminata,MeSH,D003218,Condylomata Acuminata
Symptom,confusion,MeSH,D003221,Confusion
Symptom,consciousness disorders,MeSH,D003244,Consciousness Disorders
Symptom,constipation,MeSH,D003248,Constipation
Symptom,"constriction, pathologic",MeSH,D003251,"Constriction, Pathologic"
Symptom,convalescence,MeSH,D003289,Convalescence
Symptom,corneal endothelial cell loss,MeSH,D055954,Corneal Endothelial Cell Loss
Symptom,corneal neovascularization,MeSH,D016510,Corneal Neovascularization
Symptom,coronary-subclavian steal syndrome,MeSH,D058686,Coronary-Subclavian Steal Syndrome
Symptom,corpse dismemberment,MeSH,D056146,Corpse Dismemberment
Symptom,cough,MeSH,D003371,Cough
Symptom,coxa valga,MeSH,D060906,Coxa Valga
Symptom,coxa vara,MeSH,D060905,Coxa Vara
Symptom,critical illness,MeSH,D016638,Critical Illness
Symptom,cronkhite-canada syndrome,MeSH,D000098858,Cronkhite-Canada Syndrome
Symptom,cross infection,MeSH,D003428,Cross Infection
Symptom,cryopyrin-associated periodic syndromes,MeSH,D056587,Cryopyrin-Associated Periodic Syndromes
Symptom,crystalluria,MeSH,D000092162,Crystalluria
Symptom,cutaneous fistula,MeSH,D017577,Cutaneous Fistula
Symptom,cyanosis,MeSH,D003490,Cyanosis
Symptom,cystocele,MeSH,D052858,Cystocele
Symptom,cysts,MeSH,D003560,Cysts
Symptom,cytokine release syndrome,MeSH,D000080424,Cytokine Release Syndrome
Symptom,"dna degradation, necrotic",MeSH,D053836,"DNA Degradation, Necrotic"
Symptom,deaf-blind disorders,MeSH,D054062,Deaf-Blind Disorders
Symptom,deafness,MeSH,D003638,Deafness
Symptom,death,MeSH,D003643,Death
Symptom,"death, sudden",MeSH,D003645,"Death, Sudden"
Symptom,"death, sudden, cardiac",MeSH,D016757,"Death, Sudden, Cardiac"
Symptom,decerebrate state,MeSH,D003655,Decerebrate State
Symptom,dehydration,MeSH,D003681,Dehydration
Symptom,delayed emergence from anesthesia,MeSH,D055191,Delayed Emergence from Anesthesia
Symptom,delayed graft function,MeSH,D051799,Delayed Graft Function
Symptom,delirium,MeSH,D003693,Delirium
Symptom,"dementia, multi-infarct",MeSH,D015161,"Dementia, Multi-Infarct"
Symptom,dental calculus,MeSH,D003728,Dental Calculus
Symptom,dental fistula,MeSH,D003751,Dental Fistula
Symptom,dental pulp necrosis,MeSH,D003790,Dental Pulp Necrosis
Symptom,diabesity,MeSH,D000099074,Diabesity
Symptom,diarrhea,MeSH,D003967,Diarrhea
Symptom,"diarrhea, infantile",MeSH,D003968,"Diarrhea, Infantile"
Symptom,digestive system fistula,MeSH,D016154,Digestive System Fistula
Symptom,"dilatation, pathologic",MeSH,D004108,"Dilatation, Pathologic"
Symptom,diplopia,MeSH,D004172,Diplopia
Symptom,disease,MeSH,D004194,Disease
Symptom,disease attributes,MeSH,D020969,Disease Attributes
Symptom,disease progression,MeSH,D018450,Disease Progression
Symptom,disease resistance,MeSH,D060467,Disease Resistance
Symptom,disease susceptibility,MeSH,D004198,Disease Susceptibility
Symptom,diseases in twins,MeSH,D004200,Diseases in Twins
Symptom,diverticulum,MeSH,D004240,Diverticulum
Symptom,"diverticulum, colon",MeSH,D004241,"Diverticulum, Colon"
Symptom,"diverticulum, esophageal",MeSH,D004936,"Diverticulum, Esophageal"
Symptom,"diverticulum, stomach",MeSH,D013273,"Diverticulum, Stomach"
Symptom,dizziness,MeSH,D004244,Dizziness
Symptom,dropped head syndrome,MeSH,D000094222,Dropped Head Syndrome
Symptom,drowning,MeSH,D004332,Drowning
Symptom,drug fever,MeSH,D000092582,Drug Fever
Symptom,dumping syndrome,MeSH,D004377,Dumping Syndrome
Symptom,dysarthria,MeSH,D004401,Dysarthria
Symptom,dysbiosis,MeSH,D064806,Dysbiosis
Symptom,dyscalculia,MeSH,D060705,Dyscalculia
Symptom,dysgeusia,MeSH,D004408,Dysgeusia
Symptom,"dyskinesia, drug-induced",MeSH,D004409,"Dyskinesia, Drug-Induced"
Symptom,dyskinesias,MeSH,D020820,Dyskinesias
Symptom,dyslexia,MeSH,D004410,Dyslexia
Symptom,"dyslexia, acquired",MeSH,D004411,"Dyslexia, Acquired"
Symptom,dysmenorrhea,MeSH,D004412,Dysmenorrhea
Symptom,dyspepsia,MeSH,D004415,Dyspepsia
Symptom,dysphonia,MeSH,D055154,Dysphonia
Symptom,dyspnea,MeSH,D004417,Dyspnea
Symptom,"dyspnea, paroxysmal",MeSH,D004418,"Dyspnea, Paroxysmal"
Symptom,dystonia,MeSH,D004421,Dystonia
Symptom,dysuria,MeSH,D053159,Dysuria
Symptom,earache,MeSH,D004433,Earache
Symptom,ecchymosis,MeSH,D004438,Ecchymosis
Symptom,echolalia,MeSH,D004454,Echolalia
Symptom,edema,MeSH,D004487,Edema
Symptom,"edema, cardiac",MeSH,D004489,"Edema, Cardiac"
Symptom,emaciation,MeSH,D004614,Emaciation
Symptom,embryo loss,MeSH,D020964,Embryo Loss
Symptom,emergence delirium,MeSH,D000071257,Emergence Delirium
Symptom,emergencies,MeSH,D004630,Emergencies
Symptom,emotional exhaustion,MeSH,D000097815,Emotional Exhaustion
Symptom,emphysema,MeSH,D004646,Emphysema
Symptom,emphysematous pyelonephritis,MeSH,D000098985,Emphysematous Pyelonephritis
Symptom,empyema,MeSH,D004653,Empyema
Symptom,"empyema, pleural",MeSH,D016724,"Empyema, Pleural"
Symptom,"empyema, subdural",MeSH,D013354,"Empyema, Subdural"
Symptom,"empyema, tuberculous",MeSH,D004654,"Empyema, Tuberculous"
Symptom,encephalocele,MeSH,D004677,Encephalocele
Symptom,"encephalomyelitis, acute disseminated",MeSH,D004673,"Encephalomyelitis, Acute Disseminated"
Symptom,encopresis,MeSH,D004688,Encopresis
Symptom,endoleak,MeSH,D057867,Endoleak
Symptom,endotoxemia,MeSH,D019446,Endotoxemia
Symptom,eosinophilic granuloma,MeSH,D004803,Eosinophilic Granuloma
Symptom,epilepsia partialis continua,MeSH,D017036,Epilepsia Partialis Continua
Symptom,epistaxis,MeSH,D004844,Epistaxis
Symptom,eructation,MeSH,D004884,Eructation
Symptom,erythema,MeSH,D004890,Erythema
Symptom,erythema ab igne,MeSH,D000089965,Erythema Ab Igne
Symptom,esophageal fistula,MeSH,D004937,Esophageal Fistula
Symptom,exsanguination,MeSH,D058734,Exsanguination
Symptom,extranodal extension,MeSH,D000079822,Extranodal Extension
Symptom,extravasation of diagnostic and therapeutic materials,MeSH,D005119,Extravasation of Diagnostic and Therapeutic Materials
Symptom,eye hemorrhage,MeSH,D005130,Eye Hemorrhage
Symptom,eye manifestations,MeSH,D005132,Eye Manifestations
Symptom,eye pain,MeSH,D058447,Eye Pain
Symptom,facial asymmetry,MeSH,D005146,Facial Asymmetry
Symptom,facial pain,MeSH,D005157,Facial Pain
Symptom,facial paralysis,MeSH,D005158,Facial Paralysis
Symptom,facies,MeSH,D019066,Facies
Symptom,failed back surgery syndrome,MeSH,D055111,Failed Back Surgery Syndrome
Symptom,failure to thrive,MeSH,D005183,Failure to Thrive
Symptom,fasciculation,MeSH,D005207,Fasciculation
Symptom,fat necrosis,MeSH,D005218,Fat Necrosis
Symptom,fatigue,MeSH,D005221,Fatigue
Symptom,"fatigue syndrome, chronic",MeSH,D015673,"Fatigue Syndrome, Chronic"
Symptom,feeding and eating disorders,MeSH,D001068,Feeding and Eating Disorders
Symptom,feminization,MeSH,D005262,Feminization
Symptom,femoracetabular impingement,MeSH,D057925,Femoracetabular Impingement
Symptom,femur head necrosis,MeSH,D005271,Femur Head Necrosis
Symptom,fetal death,MeSH,D005313,Fetal Death
Symptom,fetal distress,MeSH,D005316,Fetal Distress
Symptom,fetal growth retardation,MeSH,D005317,Fetal Growth Retardation
Symptom,fetal hypoxia,MeSH,D005311,Fetal Hypoxia
Symptom,fetal macrosomia,MeSH,D005320,Fetal Macrosomia
Symptom,fetal resorption,MeSH,D005327,Fetal Resorption
Symptom,fetal weight,MeSH,D020567,Fetal Weight
Symptom,fever of unknown origin,MeSH,D005335,Fever of Unknown Origin
Symptom,fibrosis,MeSH,D005355,Fibrosis
Symptom,fistula,MeSH,D005402,Fistula
Symptom,flank pain,MeSH,D021501,Flank Pain
Symptom,flatulence,MeSH,D005414,Flatulence
Symptom,flushing,MeSH,D005483,Flushing
Symptom,food intolerance,MeSH,D000073923,Food Intolerance
Symptom,foreign-body reaction,MeSH,D005549,Foreign-Body Reaction
Symptom,frailty,MeSH,D000073496,Frailty
Symptom,frasier syndrome,MeSH,D052159,Frasier Syndrome
Symptom,fungemia,MeSH,D016469,Fungemia
Symptom,gagging,MeSH,D005683,Gagging
Symptom,gait apraxia,MeSH,D020235,Gait Apraxia
Symptom,gait ataxia,MeSH,D020234,Gait Ataxia
Symptom,"gait disorders, neurologic",MeSH,D020233,"Gait Disorders, Neurologic"
Symptom,gallstones,MeSH,D042882,Gallstones
Symptom,gangrene,MeSH,D005734,Gangrene
Symptom,gastric fistula,MeSH,D005747,Gastric Fistula
Symptom,gastrointestinal hemorrhage,MeSH,D006471,Gastrointestinal Hemorrhage
Symptom,gastroparesis,MeSH,D018589,Gastroparesis
Symptom,gastroschisis,MeSH,D020139,Gastroschisis
Symptom,genetic predisposition to disease,MeSH,D020022,Genetic Predisposition to Disease
Symptom,genetic risk score,MeSH,D000096442,Genetic Risk Score
Symptom,genomic instability,MeSH,D042822,Genomic Instability
Symptom,gerstmann syndrome,MeSH,D005862,Gerstmann Syndrome
Symptom,gestational weight gain,MeSH,D000078064,Gestational Weight Gain
Symptom,gingival hemorrhage,MeSH,D005884,Gingival Hemorrhage
Symptom,gliosis,MeSH,D005911,Gliosis
Symptom,glossalgia,MeSH,D005926,Glossalgia
Symptom,"graft occlusion, vascular",MeSH,D006083,"Graft Occlusion, Vascular"
Symptom,granuloma,MeSH,D006099,Granuloma
Symptom,granuloma annulare,MeSH,D016460,Granuloma Annulare
Symptom,"granuloma, foreign-body",MeSH,D015745,"Granuloma, Foreign-Body"
Symptom,"granuloma, giant cell",MeSH,D006101,"Granuloma, Giant Cell"
Symptom,"granuloma, laryngeal",MeSH,D006102,"Granuloma, Laryngeal"
Symptom,"granuloma, plasma cell",MeSH,D006104,"Granuloma, Plasma Cell"
Symptom,"granuloma, pyogenic",MeSH,D017789,"Granuloma, Pyogenic"
Symptom,"granuloma, respiratory tract",MeSH,D015769,"Granuloma, Respiratory Tract"
Symptom,"granulomatosis, orofacial",MeSH,D051261,"Granulomatosis, Orofacial"
Symptom,"granulomatous disease, chronic",MeSH,D006105,"Granulomatous Disease, Chronic"
Symptom,growth disorders,MeSH,D006130,Growth Disorders
Symptom,guillain-barre syndrome,MeSH,D020275,Guillain-Barre Syndrome
Symptom,halitosis,MeSH,D006209,Halitosis
Symptom,hallucinations,MeSH,D006212,Hallucinations
Symptom,headache,MeSH,D006261,Headache
Symptom,healthcare-associated pneumonia,MeSH,D000077299,Healthcare-Associated Pneumonia
Symptom,hearing disorders,MeSH,D006311,Hearing Disorders
Symptom,hearing loss,MeSH,D034381,Hearing Loss
Symptom,"hearing loss, bilateral",MeSH,D006312,"Hearing Loss, Bilateral"
Symptom,"hearing loss, central",MeSH,D006313,"Hearing Loss, Central"
Symptom,"hearing loss, conductive",MeSH,D006314,"Hearing Loss, Conductive"
Symptom,"hearing loss, functional",MeSH,D006315,"Hearing Loss, Functional"
Symptom,"hearing loss, hidden",MeSH,D000097942,"Hearing Loss, Hidden"
Symptom,"hearing loss, high-frequency",MeSH,D006316,"Hearing Loss, High-Frequency"
Symptom,"hearing loss, mixed conductive-sensorineural",MeSH,D046089,"Hearing Loss, Mixed Conductive-Sensorineural"
Symptom,"hearing loss, noise-induced",MeSH,D006317,"Hearing Loss, Noise-Induced"
Symptom,"hearing loss, sensorineural",MeSH,D006319,"Hearing Loss, Sensorineural"
Symptom,"hearing loss, sudden",MeSH,D003639,"Hearing Loss, Sudden"
Symptom,"hearing loss, unilateral",MeSH,D046088,"Hearing Loss, Unilateral"
Symptom,heart block,MeSH,D006327,Heart Block
Symptom,heart murmurs,MeSH,D006337,Heart Murmurs
Symptom,heartburn,MeSH,D006356,Heartburn
Symptom,hemarthrosis,MeSH,D006395,Hemarthrosis
Symptom,hematemesis,MeSH,D006396,Hematemesis
Symptom,hematocele,MeSH,D006398,Hematocele
Symptom,hematoma,MeSH,D006406,Hematoma
Symptom,"hematoma, epidural, cranial",MeSH,D006407,"Hematoma, Epidural, Cranial"
Symptom,"hematoma, epidural, spinal",MeSH,D046748,"Hematoma, Epidural, Spinal"
Symptom,"hematoma, subdural",MeSH,D006408,"Hematoma, Subdural"
Symptom,"hematoma, subdural, acute",MeSH,D020199,"Hematoma, Subdural, Acute"
Symptom,"hematoma, subdural, chronic",MeSH,D020200,"Hematoma, Subdural, Chronic"
Symptom,"hematoma, subdural, intracranial",MeSH,D046648,"Hematoma, Subdural, Intracranial"
Symptom,"hematoma, subdural, spinal",MeSH,D046649,"Hematoma, Subdural, Spinal"
Symptom,hematuria,MeSH,D006417,Hematuria
Symptom,hemianopsia,MeSH,D006423,Hemianopsia
Symptom,hemifacial spasm,MeSH,D019569,Hemifacial Spasm
Symptom,hemiplegia,MeSH,D006429,Hemiplegia
Symptom,hemobilia,MeSH,D006431,Hemobilia
Symptom,hemoglobinuria,MeSH,D006456,Hemoglobinuria
Symptom,hemolysis,MeSH,D006461,Hemolysis
Symptom,hemoperitoneum,MeSH,D006465,Hemoperitoneum
Symptom,hemopneumothorax,MeSH,D006468,Hemopneumothorax
Symptom,hemoptysis,MeSH,D006469,Hemoptysis
Symptom,hemorrhage,MeSH,D006470,Hemorrhage
Symptom,hemorrhagic septicemia,MeSH,D006483,Hemorrhagic Septicemia
Symptom,"hemorrhagic septicemia, viral",MeSH,D031941,"Hemorrhagic Septicemia, Viral"
Symptom,hemothorax,MeSH,D006491,Hemothorax
Symptom,hepatic infarction,MeSH,D000081011,Hepatic Infarction
Symptom,"hepatitis b, chronic",MeSH,D019694,"Hepatitis B, Chronic"
Symptom,"hepatitis c, chronic",MeSH,D019698,"Hepatitis C, Chronic"
Symptom,"hepatitis d, chronic",MeSH,D019701,"Hepatitis D, Chronic"
Symptom,"hepatitis, chronic",MeSH,D006521,"Hepatitis, Chronic"
Symptom,hepatomegaly,MeSH,D006529,Hepatomegaly
Symptom,hernia,MeSH,D006547,Hernia
Symptom,"hernia, abdominal",MeSH,D046449,"Hernia, Abdominal"
Symptom,"hernia, diaphragmatic",MeSH,D006548,"Hernia, Diaphragmatic"
Symptom,"hernia, diaphragmatic, traumatic",MeSH,D006549,"Hernia, Diaphragmatic, Traumatic"
Symptom,"hernia, femoral",MeSH,D006550,"Hernia, Femoral"
Symptom,"hernia, hiatal",MeSH,D006551,"Hernia, Hiatal"
Symptom,"hernia, inguinal",MeSH,D006552,"Hernia, Inguinal"
Symptom,"hernia, obturator",MeSH,D006553,"Hernia, Obturator"
Symptom,"hernia, umbilical",MeSH,D006554,"Hernia, Umbilical"
Symptom,"hernia, ventral",MeSH,D006555,"Hernia, Ventral"
Symptom,"hernias, diaphragmatic, congenital",MeSH,D065630,"Hernias, Diaphragmatic, Congenital"
Symptom,hiccup,MeSH,D006606,Hiccup
Symptom,hirsutism,MeSH,D006628,Hirsutism
Symptom,hoarseness,MeSH,D006685,Hoarseness
Symptom,horner syndrome,MeSH,D006732,Horner Syndrome
Symptom,hot flashes,MeSH,D019584,Hot Flashes
Symptom,hydrops fetalis,MeSH,D015160,Hydrops Fetalis
Symptom,hyperacusis,MeSH,D012001,Hyperacusis
Symptom,hyperalgesia,MeSH,D006930,Hyperalgesia
Symptom,hyperammonemia,MeSH,D022124,Hyperammonemia
Symptom,hyperamylasemia,MeSH,D034321,Hyperamylasemia
Symptom,hyperbilirubinemia,MeSH,D006932,Hyperbilirubinemia
Symptom,"hyperbilirubinemia, neonatal",MeSH,D051556,"Hyperbilirubinemia, Neonatal"
Symptom,hypercalciuria,MeSH,D053565,Hypercalciuria
Symptom,hypercapnia,MeSH,D006935,Hypercapnia
Symptom,hyperemesis gravidarum,MeSH,D006939,Hyperemesis Gravidarum
Symptom,hyperesthesia,MeSH,D006941,Hyperesthesia
Symptom,hypergammaglobulinemia,MeSH,D006942,Hypergammaglobulinemia
Symptom,hyperkinesis,MeSH,D006948,Hyperkinesis
Symptom,hyperlactatemia,MeSH,D065906,Hyperlactatemia
Symptom,hyperoxia,MeSH,D018496,Hyperoxia
Symptom,hyperphagia,MeSH,D006963,Hyperphagia
Symptom,hyperplasia,MeSH,D006965,Hyperplasia
Symptom,hyperthermia,MeSH,D000084462,Hyperthermia
Symptom,hypertriglyceridemic waist,MeSH,D064250,Hypertriglyceridemic Waist
Symptom,hypertrophy,MeSH,D006984,Hypertrophy
Symptom,"hypertrophy, left ventricular",MeSH,D017379,"Hypertrophy, Left Ventricular"
Symptom,"hypertrophy, right ventricular",MeSH,D017380,"Hypertrophy, Right Ventricular"
Symptom,hyperuricemia,MeSH,D033461,Hyperuricemia
Symptom,hyperventilation,MeSH,D006985,Hyperventilation
Symptom,hypesthesia,MeSH,D006987,Hypesthesia
Symptom,hyphema,MeSH,D006988,Hyphema
Symptom,hypocapnia,MeSH,D016857,Hypocapnia
Symptom,hypokinesia,MeSH,D018476,Hypokinesia
Symptom,hypothermia,MeSH,D007035,Hypothermia
Symptom,hypoventilation,MeSH,D007040,Hypoventilation
Symptom,hypovolemia,MeSH,D020896,Hypovolemia
Symptom,hypoxia,MeSH,D000860,Hypoxia
Symptom,"hypoxia, brain",MeSH,D002534,"Hypoxia, Brain"
Symptom,"hypoxia-ischemia, brain",MeSH,D020925,"Hypoxia-Ischemia, Brain"
Symptom,iatrogenic disease,MeSH,D007049,Iatrogenic Disease
Symptom,iga vasculitis,MeSH,D011695,IgA Vasculitis
Symptom,illusions,MeSH,D007088,Illusions
Symptom,implant capsular contracture,MeSH,D057910,Implant Capsular Contracture
Symptom,incisional hernia,MeSH,D000069290,Incisional Hernia
Symptom,infant death,MeSH,D066088,Infant Death
Symptom,infarction,MeSH,D007238,Infarction
Symptom,"infarction, anterior cerebral artery",MeSH,D020243,"Infarction, Anterior Cerebral Artery"
Symptom,"infarction, middle cerebral artery",MeSH,D020244,"Infarction, Middle Cerebral Artery"
Symptom,"infarction, posterior cerebral artery",MeSH,D020762,"Infarction, Posterior Cerebral Artery"
Symptom,inferior wall myocardial infarction,MeSH,D056989,Inferior Wall Myocardial Infarction
Symptom,inflammation,MeSH,D007249,Inflammation
Symptom,injection site reaction,MeSH,D000075662,Injection Site Reaction
Symptom,intellectual disability,MeSH,D008607,Intellectual Disability
Symptom,interatrial block,MeSH,D000074021,Interatrial Block
Symptom,intermittent claudication,MeSH,D007383,Intermittent Claudication
Symptom,internal hernia,MeSH,D000082122,Internal Hernia
Symptom,intervertebral disc displacement,MeSH,D007405,Intervertebral Disc Displacement
Symptom,intestinal fistula,MeSH,D007412,Intestinal Fistula
Symptom,intestinal polyps,MeSH,D007417,Intestinal Polyps
Symptom,intestinal volvulus,MeSH,D045822,Intestinal Volvulus
Symptom,intracranial hemorrhages,MeSH,D020300,Intracranial Hemorrhages
Symptom,intractable pain,MeSH,D010148,Intractable Pain
Symptom,intraoperative awareness,MeSH,D058926,Intraoperative Awareness
Symptom,intraoperative complications,MeSH,D007431,Intraoperative Complications
Symptom,ischemia,MeSH,D007511,Ischemia
Symptom,isochromosomes,MeSH,D018404,Isochromosomes
Symptom,"jaundice, chronic idiopathic",MeSH,D007566,"Jaundice, Chronic Idiopathic"
Symptom,"jaundice, neonatal",MeSH,D007567,"Jaundice, Neonatal"
Symptom,"jaundice, obstructive",MeSH,D041781,"Jaundice, Obstructive"
Symptom,jet lag syndrome,MeSH,D020179,Jet Lag Syndrome
Symptom,karoshi death,MeSH,D065907,Karoshi Death
Symptom,kearns-sayre syndrome,MeSH,D007625,Kearns-Sayre Syndrome
Symptom,keloid,MeSH,D007627,Keloid
Symptom,kernicterus,MeSH,D007647,Kernicterus
Symptom,kidney calculi,MeSH,D007669,Kidney Calculi
Symptom,"kidney failure, chronic",MeSH,D007676,"Kidney Failure, Chronic"
Symptom,korsakoff syndrome,MeSH,D020915,Korsakoff Syndrome
Symptom,labor pain,MeSH,D048949,Labor Pain
Symptom,language development disorders,MeSH,D007805,Language Development Disorders
Symptom,language disorders,MeSH,D007806,Language Disorders
Symptom,late onset disorders,MeSH,D000067562,Late Onset Disorders
Symptom,lateral medullary syndrome,MeSH,D014854,Lateral Medullary Syndrome
Symptom,learning disabilities,MeSH,D007859,Learning Disabilities
Symptom,leg length inequality,MeSH,D007870,Leg Length Inequality
Symptom,lethargy,MeSH,D053609,Lethargy
Symptom,"leukemia, lymphocytic, chronic, b-cell",MeSH,D015451,"Leukemia, Lymphocytic, Chronic, B-Cell"
Symptom,"leukemia, myelogenous, chronic, bcr-abl positive",MeSH,D015464,"Leukemia, Myelogenous, Chronic, BCR-ABL Positive"
Symptom,"leukemia, myeloid, accelerated phase",MeSH,D015465,"Leukemia, Myeloid, Accelerated Phase"
Symptom,"leukemia, myeloid, chronic, atypical, bcr-abl negative",MeSH,D054438,"Leukemia, Myeloid, Chronic, Atypical, BCR-ABL Negative"
Symptom,"leukemia, myeloid, chronic-phase",MeSH,D015466,"Leukemia, Myeloid, Chronic-Phase"
Symptom,"leukemia, myelomonocytic, chronic",MeSH,D015477,"Leukemia, Myelomonocytic, Chronic"
Symptom,"leukemia, neutrophilic, chronic",MeSH,D015467,"Leukemia, Neutrophilic, Chronic"
Symptom,leukemic infiltration,MeSH,D017254,Leukemic Infiltration
Symptom,leukoaraiosis,MeSH,D049292,Leukoaraiosis
Symptom,leukocytosis,MeSH,D007964,Leukocytosis
Symptom,leukoplakia,MeSH,D007971,Leukoplakia
Symptom,"leukoplakia, hairy",MeSH,D017733,"Leukoplakia, Hairy"
Symptom,"leukoplakia, oral",MeSH,D007972,"Leukoplakia, Oral"
Symptom,lithiasis,MeSH,D020347,Lithiasis
Symptom,livedo reticularis,MeSH,D054068,Livedo Reticularis
Symptom,liver cirrhosis,MeSH,D008103,Liver Cirrhosis
Symptom,"liver cirrhosis, alcoholic",MeSH,D008104,"Liver Cirrhosis, Alcoholic"
Symptom,"liver cirrhosis, biliary",MeSH,D008105,"Liver Cirrhosis, Biliary"
Symptom,"liver cirrhosis, experimental",MeSH,D008106,"Liver Cirrhosis, Experimental"
Symptom,locked-in syndrome,MeSH,D000080422,Locked-In Syndrome
Symptom,long qt syndrome,MeSH,D008133,Long QT Syndrome
Symptom,long term adverse effects,MeSH,D000069451,Long Term Adverse Effects
Symptom,loose anagen hair syndrome,MeSH,D058247,Loose Anagen Hair Syndrome
Symptom,low anterior resection syndrome,MeSH,D000094123,Low Anterior Resection Syndrome
Symptom,low back pain,MeSH,D017116,Low Back Pain
Symptom,lower urinary tract symptoms,MeSH,D059411,Lower Urinary Tract Symptoms
Symptom,lymphatic metastasis,MeSH,D008207,Lymphatic Metastasis
Symptom,minoca,MeSH,D000088442,MINOCA
Symptom,malacoplakia,MeSH,D008287,Malacoplakia
Symptom,malignant hyperthermia,MeSH,D008305,Malignant Hyperthermia
Symptom,mania,MeSH,D000087122,Mania
Symptom,margins of excision,MeSH,D000072662,Margins of Excision
Symptom,mastodynia,MeSH,D059373,Mastodynia
Symptom,maternal death,MeSH,D063130,Maternal Death
Symptom,meckel diverticulum,MeSH,D008467,Meckel Diverticulum
Symptom,mediastinal emphysema,MeSH,D008478,Mediastinal Emphysema
Symptom,medically unexplained symptoms,MeSH,D000071896,Medically Unexplained Symptoms
Symptom,melena,MeSH,D008551,Melena
Symptom,memory disorders,MeSH,D008569,Memory Disorders
Symptom,meningism,MeSH,D008580,Meningism
Symptom,meningocele,MeSH,D008588,Meningocele
Symptom,menorrhagia,MeSH,D008595,Menorrhagia
Symptom,menstruation disturbances,MeSH,D008599,Menstruation Disturbances
Symptom,mental fatigue,MeSH,D005222,Mental Fatigue
Symptom,metaplasia,MeSH,D008679,Metaplasia
Symptom,metatarsalgia,MeSH,D037061,Metatarsalgia
Symptom,metrorrhagia,MeSH,D008796,Metrorrhagia
Symptom,"micronuclei, chromosome-defective",MeSH,D048629,"Micronuclei, Chromosome-Defective"
Symptom,microsatellite instability,MeSH,D053842,Microsatellite Instability
Symptom,microvascular rarefaction,MeSH,D000073436,Microvascular Rarefaction
Symptom,miosis,MeSH,D015877,Miosis
Symptom,mobility limitation,MeSH,D051346,Mobility Limitation
Symptom,monosomy,MeSH,D009006,Monosomy
Symptom,morning sickness,MeSH,D048968,Morning Sickness
Symptom,morphological and microscopic findings,MeSH,D065308,Morphological and Microscopic Findings
Symptom,morton neuroma,MeSH,D000070607,Morton Neuroma
Symptom,motion sickness,MeSH,D009041,Motion Sickness
Symptom,mouth breathing,MeSH,D009058,Mouth Breathing
Symptom,multiple chronic conditions,MeSH,D000071069,Multiple Chronic Conditions
Symptom,multiple organ failure,MeSH,D009102,Multiple Organ Failure
Symptom,"multiple sclerosis, chronic progressive",MeSH,D020528,"Multiple Sclerosis, Chronic Progressive"
Symptom,muscle cramp,MeSH,D009120,Muscle Cramp
Symptom,muscle hypertonia,MeSH,D009122,Muscle Hypertonia
Symptom,muscle hypotonia,MeSH,D009123,Muscle Hypotonia
Symptom,muscle rigidity,MeSH,D009127,Muscle Rigidity
Symptom,muscle spasticity,MeSH,D009128,Muscle Spasticity
Symptom,muscle weakness,MeSH,D018908,Muscle Weakness
Symptom,muscular atrophy,MeSH,D009133,Muscular Atrophy
Symptom,musculoskeletal pain,MeSH,D059352,Musculoskeletal Pain
Symptom,mutism,MeSH,D009155,Mutism
Symptom,myalgia,MeSH,D063806,Myalgia
Symptom,myocardial infarction,MeSH,D009203,Myocardial Infarction
Symptom,myocardial reperfusion injury,MeSH,D015428,Myocardial Reperfusion Injury
Symptom,myocardial stunning,MeSH,D017682,Myocardial Stunning
Symptom,myoclonus,MeSH,D009207,Myoclonus
Symptom,myokymia,MeSH,D020385,Myokymia
Symptom,myotonia,MeSH,D009222,Myotonia
Symptom,myotoxicity,MeSH,D000081030,Myotoxicity
Symptom,"nails, malformed",MeSH,D009264,"Nails, Malformed"
Symptom,nasal polyps,MeSH,D009298,Nasal Polyps
Symptom,neck pain,MeSH,D019547,Neck Pain
Symptom,necrobiotic xanthogranuloma,MeSH,D058252,Necrobiotic Xanthogranuloma
Symptom,necrolytic migratory erythema,MeSH,D058568,Necrolytic Migratory Erythema
Symptom,necrosis,MeSH,D009336,Necrosis
Symptom,neglected diseases,MeSH,D058069,Neglected Diseases
Symptom,neointima,MeSH,D058426,Neointima
Symptom,neonatal sepsis,MeSH,D000071074,Neonatal Sepsis
Symptom,neoplasm invasiveness,MeSH,D009361,Neoplasm Invasiveness
Symptom,neoplasm metastasis,MeSH,D009362,Neoplasm Metastasis
Symptom,neoplasm micrometastasis,MeSH,D061206,Neoplasm Micrometastasis
Symptom,"neoplasm recurrence, local",MeSH,D009364,"Neoplasm Recurrence, Local"
Symptom,"neoplasm regression, spontaneous",MeSH,D009365,"Neoplasm Regression, Spontaneous"
Symptom,neoplasm seeding,MeSH,D009366,Neoplasm Seeding
Symptom,"neoplasm, residual",MeSH,D018365,"Neoplasm, Residual"
Symptom,"neoplasms, unknown primary",MeSH,D009382,"Neoplasms, Unknown Primary"
Symptom,"neoplastic cells, circulating",MeSH,D009360,"Neoplastic Cells, Circulating"
Symptom,neoplastic processes,MeSH,D009385,Neoplastic Processes
Symptom,"neovascularization, pathologic",MeSH,D009389,"Neovascularization, Pathologic"
Symptom,nephrogenic fibrosing dermopathy,MeSH,D054989,Nephrogenic Fibrosing Dermopathy
Symptom,nerve degeneration,MeSH,D009410,Nerve Degeneration
Symptom,neuralgia,MeSH,D009437,Neuralgia
Symptom,"neuralgia, postherpetic",MeSH,D051474,"Neuralgia, Postherpetic"
Symptom,neurobehavioral manifestations,MeSH,D019954,Neurobehavioral Manifestations
Symptom,neurogenic inflammation,MeSH,D020078,Neurogenic Inflammation
Symptom,neuroinflammatory diseases,MeSH,D000090862,Neuroinflammatory Diseases
Symptom,neurologic manifestations,MeSH,D009461,Neurologic Manifestations
Symptom,neuromuscular manifestations,MeSH,D020879,Neuromuscular Manifestations
Symptom,no-reflow phenomenon,MeSH,D054318,No-Reflow Phenomenon
Symptom,nociceptive pain,MeSH,D059226,Nociceptive Pain
Symptom,nociplastic pain,MeSH,D000098653,Nociplastic Pain
Symptom,nocturia,MeSH,D053158,Nocturia
Symptom,non-st elevated myocardial infarction,MeSH,D000072658,Non-ST Elevated Myocardial Infarction
Symptom,noncommunicable diseases,MeSH,D000073296,Noncommunicable Diseases
Symptom,"nondisjunction, genetic",MeSH,D009630,"Nondisjunction, Genetic"
Symptom,obesity,MeSH,D009765,Obesity
Symptom,"obesity, abdominal",MeSH,D056128,"Obesity, Abdominal"
Symptom,"obesity, metabolically benign",MeSH,D000067329,"Obesity, Metabolically Benign"
Symptom,"obesity, morbid",MeSH,D009767,"Obesity, Morbid"
Symptom,ochronosis,MeSH,D009794,Ochronosis
Symptom,olfaction disorders,MeSH,D000857,Olfaction Disorders
Symptom,oligomenorrhea,MeSH,D009839,Oligomenorrhea
Symptom,oliguria,MeSH,D009846,Oliguria
Symptom,oncogene addiction,MeSH,D000074723,Oncogene Addiction
Symptom,ophthalmoplegia,MeSH,D009886,Ophthalmoplegia
Symptom,"ophthalmoplegia, chronic progressive external",MeSH,D017246,"Ophthalmoplegia, Chronic Progressive External"
Symptom,ophthalmoplegic migraine,MeSH,D060486,Ophthalmoplegic Migraine
Symptom,opioid-induced constipation,MeSH,D000079689,Opioid-Induced Constipation
Symptom,oral fistula,MeSH,D016155,Oral Fistula
Symptom,oral hemorrhage,MeSH,D006472,Oral Hemorrhage
Symptom,oral manifestations,MeSH,D009912,Oral Manifestations
Symptom,oroantral fistula,MeSH,D009957,Oroantral Fistula
Symptom,orthostatic intolerance,MeSH,D054971,Orthostatic Intolerance
Symptom,ossification of posterior longitudinal ligament,MeSH,D017887,Ossification of Posterior Longitudinal Ligament
Symptom,"ossification, heterotopic",MeSH,D009999,"Ossification, Heterotopic"
Symptom,osteonecrosis,MeSH,D010020,Osteonecrosis
Symptom,ototoxicity,MeSH,D000081015,Ototoxicity
Symptom,ovarian torsion,MeSH,D000082843,Ovarian Torsion
Symptom,overtraining syndrome,MeSH,D000095027,Overtraining Syndrome
Symptom,overweight,MeSH,D050177,Overweight
Symptom,pain,MeSH,D010146,Pain
Symptom,pallor,MeSH,D010167,Pallor
Symptom,pancreatic fistula,MeSH,D010185,Pancreatic Fistula
Symptom,"pancreatitis, chronic",MeSH,D050500,"Pancreatitis, Chronic"
Symptom,papillomavirus infections,MeSH,D030361,Papillomavirus Infections
Symptom,paraduodenal hernia,MeSH,D000082123,Paraduodenal Hernia
Symptom,paralysis,MeSH,D010243,Paralysis
Symptom,paraparesis,MeSH,D020335,Paraparesis
Symptom,"paraparesis, spastic",MeSH,D020336,"Paraparesis, Spastic"
Symptom,paraplegia,MeSH,D010264,Paraplegia
Symptom,parasitemia,MeSH,D018512,Parasitemia
Symptom,parasystole,MeSH,D017574,Parasystole
Symptom,parental death,MeSH,D063129,Parental Death
Symptom,paresis,MeSH,D010291,Paresis
Symptom,paresthesia,MeSH,D010292,Paresthesia
Symptom,parovarian cyst,MeSH,D010310,Parovarian Cyst
Symptom,paternal death,MeSH,D000098829,Paternal Death
Symptom,pathologic complete response,MeSH,D000095384,Pathologic Complete Response
Symptom,pathologic processes,MeSH,D010335,Pathologic Processes
Symptom,"pathological conditions, anatomical",MeSH,D020763,"Pathological Conditions, Anatomical"
Symptom,"pathological conditions, signs and symptoms",MeSH,D013568,"Pathological Conditions, Signs and Symptoms"
Symptom,patient-ventilator asynchrony,MeSH,D000097742,Patient-Ventilator Asynchrony
Symptom,pediatric obesity,MeSH,D063766,Pediatric Obesity
Symptom,pelvic girdle pain,MeSH,D059388,Pelvic Girdle Pain
Symptom,pelvic organ prolapse,MeSH,D056887,Pelvic Organ Prolapse
Symptom,pelvic pain,MeSH,D017699,Pelvic Pain
Symptom,peptic ulcer hemorrhage,MeSH,D010438,Peptic Ulcer Hemorrhage
Symptom,perceptual disorders,MeSH,D010468,Perceptual Disorders
Symptom,perilymphatic fistula,MeSH,D000099103,Perilymphatic Fistula
Symptom,perinatal death,MeSH,D066087,Perinatal Death
Symptom,peritoneal fibrosis,MeSH,D056627,Peritoneal Fibrosis
Symptom,persistent infection,MeSH,D000088562,Persistent Infection
Symptom,persistent postural-perceptual dizziness,MeSH,D000099102,Persistent Postural-Perceptual Dizziness
Symptom,persistent vegetative state,MeSH,D018458,Persistent Vegetative State
Symptom,phantom limb,MeSH,D010591,Phantom Limb
Symptom,philadelphia chromosome,MeSH,D010677,Philadelphia Chromosome
Symptom,photophobia,MeSH,D020795,Photophobia
Symptom,pica,MeSH,D010842,Pica
Symptom,pigmentation disorders,MeSH,D010859,Pigmentation Disorders
Symptom,piriformis muscle syndrome,MeSH,D055958,Piriformis Muscle Syndrome
Symptom,"plaque, amyloid",MeSH,D058225,"Plaque, Amyloid"
Symptom,"plaque, atherosclerotic",MeSH,D058226,"Plaque, Atherosclerotic"
Symptom,platypnea orthodeoxia syndrome,MeSH,D000092129,Platypnea Orthodeoxia Syndrome
Symptom,"pneumonia, ventilator-associated",MeSH,D053717,"Pneumonia, Ventilator-Associated"
Symptom,polydipsia,MeSH,D059606,Polydipsia
Symptom,"polydipsia, psychogenic",MeSH,D059607,"Polydipsia, Psychogenic"
Symptom,polymorphic catecholaminergic ventricular tachycardia,MeSH,D000098850,Polymorphic Catecholaminergic Ventricular Tachycardia
Symptom,polyploidy,MeSH,D011123,Polyploidy
Symptom,polypoidal choroidal vasculopathy,MeSH,D000092342,Polypoidal Choroidal Vasculopathy
Symptom,polyps,MeSH,D011127,Polyps
Symptom,"polyradiculoneuropathy, chronic inflammatory demyelinating",MeSH,D020277,"Polyradiculoneuropathy, Chronic Inflammatory Demyelinating"
Symptom,polyuria,MeSH,D011141,Polyuria
Symptom,post-acute covid-19 syndrome,MeSH,D000094024,Post-Acute COVID-19 Syndrome
Symptom,post-cardiac arrest syndrome,MeSH,D000080942,Post-Cardiac Arrest Syndrome
Symptom,post-infectious disorders,MeSH,D000094025,Post-Infectious Disorders
Symptom,post-lyme disease syndrome,MeSH,D000077342,Post-Lyme Disease Syndrome
Symptom,postcholecystectomy syndrome,MeSH,D017562,Postcholecystectomy Syndrome
Symptom,postgastrectomy syndromes,MeSH,D011178,Postgastrectomy Syndromes
Symptom,postmortem changes,MeSH,D011180,Postmortem Changes
Symptom,postoperative cognitive complications,MeSH,D000079690,Postoperative Cognitive Complications
Symptom,postoperative complications,MeSH,D011183,Postoperative Complications
Symptom,postoperative hemorrhage,MeSH,D019106,Postoperative Hemorrhage
Symptom,postoperative nausea and vomiting,MeSH,D020250,Postoperative Nausea and Vomiting
Symptom,postoperative pain,MeSH,D010149,Postoperative Pain
Symptom,postpartum hemorrhage,MeSH,D006473,Postpartum Hemorrhage
Symptom,postpericardiotomy syndrome,MeSH,D011185,Postpericardiotomy Syndrome
Symptom,pregnancy in obesity,MeSH,D000079262,Pregnancy in Obesity
Symptom,premenstrual dysphoric disorder,MeSH,D065446,Premenstrual Dysphoric Disorder
Symptom,premenstrual syndrome,MeSH,D011293,Premenstrual Syndrome
Symptom,presbycusis,MeSH,D011304,Presbycusis
Symptom,primary graft dysfunction,MeSH,D055031,Primary Graft Dysfunction
Symptom,primary progressive nonfluent aphasia,MeSH,D057178,Primary Progressive Nonfluent Aphasia
Symptom,procedural pain,MeSH,D000073818,Procedural Pain
Symptom,prodromal symptoms,MeSH,D062706,Prodromal Symptoms
Symptom,prolapse,MeSH,D011391,Prolapse
Symptom,prosopagnosia,MeSH,D020238,Prosopagnosia
Symptom,prostatism,MeSH,D053448,Prostatism
Symptom,prosthesis failure,MeSH,D011475,Prosthesis Failure
Symptom,prosthesis-related infections,MeSH,D016459,Prosthesis-Related Infections
Symptom,"protein aggregation, pathological",MeSH,D066263,"Protein Aggregation, Pathological"
Symptom,proteinuria,MeSH,D011507,Proteinuria
Symptom,pruritus,MeSH,D011537,Pruritus
Symptom,pseudobulbar palsy,MeSH,D020828,Pseudobulbar Palsy
Symptom,pseudophakia,MeSH,D019591,Pseudophakia
Symptom,psychogenic nonepileptic seizures,MeSH,D000091323,Psychogenic Nonepileptic Seizures
Symptom,psychomotor agitation,MeSH,D011595,Psychomotor Agitation
Symptom,psychomotor disorders,MeSH,D011596,Psychomotor Disorders
Symptom,psychophysiologic disorders,MeSH,D011602,Psychophysiologic Disorders
Symptom,pudendal neuralgia,MeSH,D060545,Pudendal Neuralgia
Symptom,"pulmonary disease, chronic obstructive",MeSH,D029424,"Pulmonary Disease, Chronic Obstructive"
Symptom,pulmonary emphysema,MeSH,D011656,Pulmonary Emphysema
Symptom,pulmonary fibrosis,MeSH,D011658,Pulmonary Fibrosis
Symptom,pulmonary infarction,MeSH,D054060,Pulmonary Infarction
Symptom,pupil disorders,MeSH,D011681,Pupil Disorders
Symptom,purpura,MeSH,D011693,Purpura
Symptom,purpura fulminans,MeSH,D055665,Purpura Fulminans
Symptom,"purpura, hyperglobulinemic",MeSH,D011694,"Purpura, Hyperglobulinemic"
Symptom,"purpura, thrombocytopenic",MeSH,D011696,"Purpura, Thrombocytopenic"
Symptom,"purpura, thrombocytopenic, idiopathic",MeSH,D016553,"Purpura, Thrombocytopenic, Idiopathic"
Symptom,"purpura, thrombotic thrombocytopenic",MeSH,D011697,"Purpura, Thrombotic Thrombocytopenic"
Symptom,putaminal hemorrhage,MeSH,D020146,Putaminal Hemorrhage
Symptom,quadriplegia,MeSH,D011782,Quadriplegia
Symptom,radiation fibrosis syndrome,MeSH,D000087525,Radiation Fibrosis Syndrome
Symptom,rare diseases,MeSH,D035583,Rare Diseases
Symptom,rectal fistula,MeSH,D012003,Rectal Fistula
Symptom,rectal prolapse,MeSH,D012005,Rectal Prolapse
Symptom,rectocele,MeSH,D020047,Rectocele
Symptom,rectovaginal fistula,MeSH,D012006,Rectovaginal Fistula
Symptom,recurrence,MeSH,D012008,Recurrence
Symptom,referred pain,MeSH,D053591,Referred Pain
Symptom,"reflex, abnormal",MeSH,D012021,"Reflex, Abnormal"
Symptom,reinfection,MeSH,D000084063,Reinfection
Symptom,"remission, spontaneous",MeSH,D012075,"Remission, Spontaneous"
Symptom,renal colic,MeSH,D056844,Renal Colic
Symptom,"renal insufficiency, chronic",MeSH,D051436,"Renal Insufficiency, Chronic"
Symptom,reperfusion injury,MeSH,D015427,Reperfusion Injury
Symptom,respiratory aspiration,MeSH,D053120,Respiratory Aspiration
Symptom,respiratory aspiration of gastric contents,MeSH,D063466,Respiratory Aspiration of Gastric Contents
Symptom,respiratory paralysis,MeSH,D012133,Respiratory Paralysis
Symptom,respiratory sounds,MeSH,D012135,Respiratory Sounds
Symptom,respiratory tract fistula,MeSH,D016156,Respiratory Tract Fistula
Symptom,reticulocytosis,MeSH,D045262,Reticulocytosis
Symptom,retinal hemorrhage,MeSH,D012166,Retinal Hemorrhage
Symptom,retinal neovascularization,MeSH,D015861,Retinal Neovascularization
Symptom,retrobulbar hemorrhage,MeSH,D019315,Retrobulbar Hemorrhage
Symptom,retrograde degeneration,MeSH,D012183,Retrograde Degeneration
Symptom,retroperitoneal fibrosis,MeSH,D012185,Retroperitoneal Fibrosis
Symptom,retropneumoperitoneum,MeSH,D012188,Retropneumoperitoneum
Symptom,rhinorrhea,MeSH,D000086722,Rhinorrhea
Symptom,rigor mortis,MeSH,D012298,Rigor Mortis
Symptom,ring chromosomes,MeSH,D012303,Ring Chromosomes
Symptom,romano-ward syndrome,MeSH,D029597,Romano-Ward Syndrome
Symptom,"rupture, spontaneous",MeSH,D012422,"Rupture, Spontaneous"
Symptom,st elevation myocardial infarction,MeSH,D000072657,ST Elevation Myocardial Infarction
Symptom,salivary calculi,MeSH,D020792,Salivary Calculi
Symptom,salivary duct calculi,MeSH,D012465,Salivary Duct Calculi
Symptom,salivary gland calculi,MeSH,D015494,Salivary Gland Calculi
Symptom,salivary gland fistula,MeSH,D012467,Salivary Gland Fistula
Symptom,sarcopenia,MeSH,D055948,Sarcopenia
Symptom,sciatica,MeSH,D012585,Sciatica
Symptom,sclerosis,MeSH,D012598,Sclerosis
Symptom,scotoma,MeSH,D012607,Scotoma
Symptom,seizures,MeSH,D012640,Seizures
Symptom,"seizures, febrile",MeSH,D003294,"Seizures, Febrile"
Symptom,sensation disorders,MeSH,D012678,Sensation Disorders
Symptom,sepsis,MeSH,D018805,Sepsis
Symptom,seroma,MeSH,D049291,Seroma
Symptom,serositis,MeSH,D012700,Serositis
Symptom,sex chromosome aberrations,MeSH,D012729,Sex Chromosome Aberrations
Symptom,sexually transmitted diseases,MeSH,D012749,Sexually Transmitted Diseases
Symptom,"sexually transmitted diseases, bacterial",MeSH,D015231,"Sexually Transmitted Diseases, Bacterial"
Symptom,"sexually transmitted diseases, viral",MeSH,D015229,"Sexually Transmitted Diseases, Viral"
Symptom,shock,MeSH,D012769,Shock
Symptom,"shock, cardiogenic",MeSH,D012770,"Shock, Cardiogenic"
Symptom,"shock, hemorrhagic",MeSH,D012771,"Shock, Hemorrhagic"
Symptom,"shock, septic",MeSH,D012772,"Shock, Septic"
Symptom,"shock, surgical",MeSH,D012773,"Shock, Surgical"
Symptom,"shock, traumatic",MeSH,D012774,"Shock, Traumatic"
Symptom,short bowel syndrome,MeSH,D012778,Short Bowel Syndrome
Symptom,shoulder pain,MeSH,D020069,Shoulder Pain
Symptom,sick sinus syndrome,MeSH,D012804,Sick Sinus Syndrome
Symptom,signs and symptoms,MeSH,D012816,Signs and Symptoms
Symptom,"signs and symptoms, digestive",MeSH,D012817,"Signs and Symptoms, Digestive"
Symptom,"signs and symptoms, respiratory",MeSH,D012818,"Signs and Symptoms, Respiratory"
Symptom,sinoatrial block,MeSH,D012848,Sinoatrial Block
Symptom,"sinus arrest, cardiac",MeSH,D054138,"Sinus Arrest, Cardiac"
Symptom,skin manifestations,MeSH,D012877,Skin Manifestations
Symptom,sleep deprivation,MeSH,D012892,Sleep Deprivation
Symptom,sleep wake disorders,MeSH,D012893,Sleep Wake Disorders
Symptom,sleepiness,MeSH,D000077260,Sleepiness
Symptom,slit ventricle syndrome,MeSH,D056124,Slit Ventricle Syndrome
Symptom,sneezing,MeSH,D012912,Sneezing
Symptom,snoring,MeSH,D012913,Snoring
Symptom,solitary kidney,MeSH,D000075529,Solitary Kidney
Symptom,somatosensory disorders,MeSH,D020886,Somatosensory Disorders
Symptom,space motion sickness,MeSH,D018489,Space Motion Sickness
Symptom,spasm,MeSH,D013035,Spasm
Symptom,specific language disorder,MeSH,D000080888,Specific Language Disorder
Symptom,specific learning disorder,MeSH,D000067559,Specific Learning Disorder
Symptom,speech disorders,MeSH,D013064,Speech Disorders
Symptom,spermatocele,MeSH,D013088,Spermatocele
Symptom,splenic infarction,MeSH,D013159,Splenic Infarction
Symptom,splenomegaly,MeSH,D013163,Splenomegaly
Symptom,spontaneous perforation,MeSH,D000072663,Spontaneous Perforation
Symptom,squamous intraepithelial lesions,MeSH,D000081483,Squamous Intraepithelial Lesions
Symptom,squamous intraepithelial lesions of the cervix,MeSH,D065310,Squamous Intraepithelial Lesions of the Cervix
Symptom,staghorn calculi,MeSH,D000069856,Staghorn Calculi
Symptom,status epilepticus,MeSH,D013226,Status Epilepticus
Symptom,stillbirth,MeSH,D050497,Stillbirth
Symptom,striae distensae,MeSH,D057896,Striae Distensae
Symptom,"stroke, lacunar",MeSH,D059409,"Stroke, Lacunar"
Symptom,stupor,MeSH,D053608,Stupor
Symptom,stuttering,MeSH,D013342,Stuttering
Symptom,subacute combined degeneration,MeSH,D052879,Subacute Combined Degeneration
Symptom,subarachnoid hemorrhage,MeSH,D013345,Subarachnoid Hemorrhage
Symptom,subcutaneous emphysema,MeSH,D013352,Subcutaneous Emphysema
Symptom,sudden infant death,MeSH,D013398,Sudden Infant Death
Symptom,sudden unexpected death in epilepsy,MeSH,D000080485,Sudden Unexpected Death in Epilepsy
Symptom,suppuration,MeSH,D013492,Suppuration
Symptom,"supranuclear palsy, progressive",MeSH,D013494,"Supranuclear Palsy, Progressive"
Symptom,surgical wound dehiscence,MeSH,D013529,Surgical Wound Dehiscence
Symptom,surgical wound infection,MeSH,D013530,Surgical Wound Infection
Symptom,susac syndrome,MeSH,D055955,Susac Syndrome
Symptom,sweating sickness,MeSH,D018614,Sweating Sickness
Symptom,symptom flare up,MeSH,D000067251,Symptom Flare Up
Symptom,syncope,MeSH,D013575,Syncope
Symptom,"syncope, vasovagal",MeSH,D019462,"Syncope, Vasovagal"
Symptom,syndrome,MeSH,D013577,Syndrome
Symptom,synkinesis,MeSH,D046608,Synkinesis
Symptom,systemic inflammatory response syndrome,MeSH,D018746,Systemic Inflammatory Response Syndrome
Symptom,systolic murmurs,MeSH,D054160,Systolic Murmurs
Symptom,tachycardia,MeSH,D013610,Tachycardia
Symptom,"tachycardia, atrioventricular nodal reentry",MeSH,D013611,"Tachycardia, Atrioventricular Nodal Reentry"
Symptom,"tachycardia, ectopic atrial",MeSH,D013612,"Tachycardia, Ectopic Atrial"
Symptom,"tachycardia, ectopic junctional",MeSH,D013613,"Tachycardia, Ectopic Junctional"
Symptom,"tachycardia, paroxysmal",MeSH,D013614,"Tachycardia, Paroxysmal"
Symptom,"tachycardia, reciprocating",MeSH,D054139,"Tachycardia, Reciprocating"
Symptom,"tachycardia, sinoatrial nodal reentry",MeSH,D013615,"Tachycardia, Sinoatrial Nodal Reentry"
Symptom,"tachycardia, sinus",MeSH,D013616,"Tachycardia, Sinus"
Symptom,"tachycardia, supraventricular",MeSH,D013617,"Tachycardia, Supraventricular"
Symptom,"tachycardia, ventricular",MeSH,D017180,"Tachycardia, Ventricular"
Symptom,tachypnea,MeSH,D059246,Tachypnea
Symptom,tardive dyskinesia,MeSH,D000071057,Tardive Dyskinesia
Symptom,taste disorders,MeSH,D013651,Taste Disorders
Symptom,teratogenesis,MeSH,D064793,Teratogenesis
Symptom,tertiary lymphoid structures,MeSH,D000072717,Tertiary Lymphoid Structures
Symptom,tetany,MeSH,D013746,Tetany
Symptom,tetraploidy,MeSH,D057891,Tetraploidy
Symptom,tetrasomy,MeSH,D058670,Tetrasomy
Symptom,thinness,MeSH,D013851,Thinness
Symptom,thromboinflammation,MeSH,D000090882,Thromboinflammation
Symptom,tics,MeSH,D020323,Tics
Symptom,tinea pedis,MeSH,D014008,Tinea Pedis
Symptom,tinnitus,MeSH,D014012,Tinnitus
Symptom,tissue adhesions,MeSH,D000267,Tissue Adhesions
Symptom,tonic pupil,MeSH,D015845,Tonic Pupil
Symptom,toothache,MeSH,D014098,Toothache
Symptom,torsades de pointes,MeSH,D016171,Torsades de Pointes
Symptom,torsion abnormality,MeSH,D014102,Torsion Abnormality
Symptom,torticollis,MeSH,D014103,Torticollis
Symptom,toxic optic neuropathy,MeSH,D000081028,Toxic Optic Neuropathy
Symptom,tracheoesophageal fistula,MeSH,D014138,Tracheoesophageal Fistula
Symptom,transient tachypnea of the newborn,MeSH,D059245,Transient Tachypnea of the Newborn
Symptom,"translocation, genetic",MeSH,D014178,"Translocation, Genetic"
Symptom,travel-related illness,MeSH,D000076082,Travel-Related Illness
Symptom,tremor,MeSH,D014202,Tremor
Symptom,triploidy,MeSH,D057885,Triploidy
Symptom,trismus,MeSH,D014313,Trismus
Symptom,trisomy,MeSH,D014314,Trisomy
Symptom,ulcer,MeSH,D014456,Ulcer
Symptom,unconsciousness,MeSH,D014474,Unconsciousness
Symptom,undiagnosed diseases,MeSH,D000080842,Undiagnosed Diseases
Symptom,uniparental disomy,MeSH,D024182,Uniparental Disomy
Symptom,ureteral calculi,MeSH,D014514,Ureteral Calculi
Symptom,urinary bladder calculi,MeSH,D001744,Urinary Bladder Calculi
Symptom,urinary bladder fistula,MeSH,D001747,Urinary Bladder Fistula
Symptom,"urinary bladder, neurogenic",MeSH,D001750,"Urinary Bladder, Neurogenic"
Symptom,"urinary bladder, overactive",MeSH,D053201,"Urinary Bladder, Overactive"
Symptom,"urinary bladder, underactive",MeSH,D000077295,"Urinary Bladder, Underactive"
Symptom,urinary calculi,MeSH,D014545,Urinary Calculi
Symptom,urinary fistula,MeSH,D014548,Urinary Fistula
Symptom,urinary incontinence,MeSH,D014549,Urinary Incontinence
Symptom,"urinary incontinence, stress",MeSH,D014550,"Urinary Incontinence, Stress"
Symptom,"urinary incontinence, urge",MeSH,D053202,"Urinary Incontinence, Urge"
Symptom,urinoma,MeSH,D053584,Urinoma
Symptom,urological manifestations,MeSH,D020924,Urological Manifestations
Symptom,"urticaria, solar",MeSH,D000092130,"Urticaria, Solar"
Symptom,usher syndromes,MeSH,D052245,Usher Syndromes
Symptom,uterine hemorrhage,MeSH,D014592,Uterine Hemorrhage
Symptom,uterine prolapse,MeSH,D014596,Uterine Prolapse
Symptom,uterine retroversion,MeSH,D060725,Uterine Retroversion
Symptom,vaginal fistula,MeSH,D014624,Vaginal Fistula
Symptom,vascular fistula,MeSH,D016157,Vascular Fistula
Symptom,vascular remodeling,MeSH,D066253,Vascular Remodeling
Symptom,vasoplegia,MeSH,D056987,Vasoplegia
Symptom,ventricular fibrillation,MeSH,D014693,Ventricular Fibrillation
Symptom,ventricular flutter,MeSH,D054141,Ventricular Flutter
Symptom,ventricular premature complexes,MeSH,D018879,Ventricular Premature Complexes
Symptom,ventricular remodeling,MeSH,D020257,Ventricular Remodeling
Symptom,vertigo,MeSH,D014717,Vertigo
Symptom,vesicovaginal fistula,MeSH,D014719,Vesicovaginal Fistula
Symptom,viremia,MeSH,D014766,Viremia
Symptom,virilism,MeSH,D014770,Virilism
Symptom,visceral pain,MeSH,D059265,Visceral Pain
Symptom,visceral prolapse,MeSH,D014782,Visceral Prolapse
Symptom,vision disorders,MeSH,D014786,Vision Disorders
Symptom,"vision, low",MeSH,D015354,"Vision, Low"
Symptom,vitreous hemorrhage,MeSH,D014823,Vitreous Hemorrhage
Symptom,vocal cord paralysis,MeSH,D014826,Vocal Cord Paralysis
Symptom,voice disorders,MeSH,D014832,Voice Disorders
Symptom,vomiting,MeSH,D014839,Vomiting
Symptom,"vomiting, anticipatory",MeSH,D014840,"Vomiting, Anticipatory"
Symptom,wallerian degeneration,MeSH,D014855,Wallerian Degeneration
Symptom,"warburg effect, oncologic",MeSH,D000082802,"Warburg Effect, Oncologic"
Symptom,"wasting disease, chronic",MeSH,D034081,"Wasting Disease, Chronic"
Symptom,waterhouse-friderichsen syndrome,MeSH,D014884,Waterhouse-Friderichsen Syndrome
Symptom,weight cycling,MeSH,D000091622,Weight Cycling
Symptom,weight gain,MeSH,D015430,Weight Gain
Symptom,weight loss,MeSH,D015431,Weight Loss
Symptom,xyy karyotype,MeSH,D014997,XYY Karyotype
Symptom,yang deficiency,MeSH,D016711,Yang Deficiency
Symptom,yellow nail syndrome,MeSH,D056684,Yellow Nail Syndrome
Symptom,yin deficiency,MeSH,D016710,Yin Deficiency
Symptom,zenker diverticulum,MeSH,D016672,Zenker Diverticulum
Symptom,alpha 1-antitrypsin deficiency,MeSH,D019896,alpha 1-Antitrypsin Deficiency
Exam,aids serodiagnosis,MeSH,D015492,AIDS Serodiagnosis
Exam,aberrometry,MeSH,D057128,Aberrometry
Exam,abnormal involuntary movement scale,MeSH,D000067399,Abnormal Involuntary Movement Scale
Exam,"absorptiometry, photon",MeSH,D015502,"Absorptiometry, Photon"
Exam,acoustic impedance tests,MeSH,D000158,Acoustic Impedance Tests
Exam,actigraphy,MeSH,D056044,Actigraphy
Exam,adiposity,MeSH,D050154,Adiposity
Exam,adrenal cortex function tests,MeSH,D000304,Adrenal Cortex Function Tests
Exam,age determination by skeleton,MeSH,D000365,Age Determination by Skeleton
Exam,age determination by teeth,MeSH,D000366,Age Determination by Teeth
Exam,agglutination tests,MeSH,D000372,Agglutination Tests
Exam,airway resistance,MeSH,D000403,Airway Resistance
Exam,alpha rhythm,MeSH,D000513,Alpha Rhythm
Exam,amniocentesis,MeSH,D000649,Amniocentesis
Exam,angiocardiography,MeSH,D000790,Angiocardiography
Exam,angiography,MeSH,D000792,Angiography
Exam,"angiography, digital subtraction",MeSH,D015901,"Angiography, Digital Subtraction"
Exam,angioscopy,MeSH,D017546,Angioscopy
Exam,ankle brachial index,MeSH,D055109,Ankle Brachial Index
Exam,anonymous testing,MeSH,D035041,Anonymous Testing
Exam,anthropometry,MeSH,D000886,Anthropometry
Exam,"antibody-coated bacteria test, urinary",MeSH,D000919,"Antibody-Coated Bacteria Test, Urinary"
Exam,aortography,MeSH,D001027,Aortography
Exam,apgar score,MeSH,D001034,Apgar Score
Exam,arthrocentesis,MeSH,D000069237,Arthrocentesis
Exam,arthrography,MeSH,D001175,Arthrography
Exam,"arthrometry, articular",MeSH,D053587,"Arthrometry, Articular"
Exam,arthroscopy,MeSH,D001182,Arthroscopy
Exam,audiometry,MeSH,D001299,Audiometry
Exam,"audiometry, evoked response",MeSH,D001300,"Audiometry, Evoked Response"
Exam,"audiometry, pure-tone",MeSH,D001301,"Audiometry, Pure-Tone"
Exam,"audiometry, speech",MeSH,D001302,"Audiometry, Speech"
Exam,auscultation,MeSH,D001314,Auscultation
Exam,autopsy,MeSH,D001344,Autopsy
Exam,autoradiography,MeSH,D001345,Autoradiography
Exam,axenic culture,MeSH,D061245,Axenic Culture
Exam,"axial length, eye",MeSH,D058452,"Axial Length, Eye"
Exam,bacilloscopy,MeSH,D000099137,Bacilloscopy
Exam,bacterial load,MeSH,D058491,Bacterial Load
Exam,bacterial typing techniques,MeSH,D015373,Bacterial Typing Techniques
Exam,bacteriological techniques,MeSH,D001431,Bacteriological Techniques
Exam,bacteriophage typing,MeSH,D001434,Bacteriophage Typing
Exam,ballistocardiography,MeSH,D001450,Ballistocardiography
Exam,balloon enteroscopy,MeSH,D000071087,Balloon Enteroscopy
Exam,barium enema,MeSH,D000071941,Barium Enema
Exam,basophil degranulation test,MeSH,D015549,Basophil Degranulation Test
Exam,beta rhythm,MeSH,D001611,Beta Rhythm
Exam,biopsy,MeSH,D001706,Biopsy
Exam,"biopsy, fine-needle",MeSH,D044963,"Biopsy, Fine-Needle"
Exam,"biopsy, large-core needle",MeSH,D062005,"Biopsy, Large-Core Needle"
Exam,"biopsy, needle",MeSH,D001707,"Biopsy, Needle"
Exam,birth weight,MeSH,D001724,Birth Weight
Exam,bleeding time,MeSH,D001760,Bleeding Time
Exam,blood cell count,MeSH,D001772,Blood Cell Count
Exam,blood chemical analysis,MeSH,D001774,Blood Chemical Analysis
Exam,blood circulation time,MeSH,D001776,Blood Circulation Time
Exam,blood coagulation tests,MeSH,D001780,Blood Coagulation Tests
Exam,blood culture,MeSH,D000071997,Blood Culture
Exam,blood flow velocity,MeSH,D001783,Blood Flow Velocity
Exam,blood gas analysis,MeSH,D001784,Blood Gas Analysis
Exam,"blood gas monitoring, transcutaneous",MeSH,D001785,"Blood Gas Monitoring, Transcutaneous"
Exam,blood glucose self-monitoring,MeSH,D015190,Blood Glucose Self-Monitoring
Exam,blood grouping and crossmatching,MeSH,D001788,Blood Grouping and Crossmatching
Exam,blood pressure,MeSH,D001794,Blood Pressure
Exam,blood pressure determination,MeSH,D001795,Blood Pressure Determination
Exam,"blood pressure monitoring, ambulatory",MeSH,D018660,"Blood Pressure Monitoring, Ambulatory"
Exam,blood protein electrophoresis,MeSH,D001797,Blood Protein Electrophoresis
Exam,blood sedimentation,MeSH,D001799,Blood Sedimentation
Exam,blood specimen collection,MeSH,D001800,Blood Specimen Collection
Exam,blood urea nitrogen,MeSH,D001806,Blood Urea Nitrogen
Exam,blood volume determination,MeSH,D001811,Blood Volume Determination
Exam,body constitution,MeSH,D001824,Body Constitution
Exam,body fat distribution,MeSH,D050218,Body Fat Distribution
Exam,body height,MeSH,D001827,Body Height
Exam,body mass index,MeSH,D015992,Body Mass Index
Exam,body size,MeSH,D049628,Body Size
Exam,body surface area,MeSH,D001830,Body Surface Area
Exam,body surface potential mapping,MeSH,D018780,Body Surface Potential Mapping
Exam,body temperature,MeSH,D001831,Body Temperature
Exam,body weight,MeSH,D001835,Body Weight
Exam,body weights and measures,MeSH,D001837,Body Weights and Measures
Exam,bone marrow examination,MeSH,D001856,Bone Marrow Examination
Exam,brain cortical thickness,MeSH,D000082642,Brain Cortical Thickness
Exam,brain mapping,MeSH,D001931,Brain Mapping
Exam,brain waves,MeSH,D058256,Brain Waves
Exam,breast density,MeSH,D000071060,Breast Density
Exam,breast self-examination,MeSH,D016504,Breast Self-Examination
Exam,breath tests,MeSH,D001944,Breath Tests
Exam,bronchial provocation tests,MeSH,D001985,Bronchial Provocation Tests
Exam,bronchography,MeSH,D001995,Bronchography
Exam,bronchoscopy,MeSH,D001999,Bronchoscopy
Exam,bronchospirometry,MeSH,D002000,Bronchospirometry
Exam,cd4 lymphocyte count,MeSH,D018791,CD4 Lymphocyte Count
Exam,cd4-cd8 ratio,MeSH,D016516,CD4-CD8 Ratio
Exam,covid-19 nucleic acid testing,MeSH,D000087123,COVID-19 Nucleic Acid Testing
Exam,covid-19 serological testing,MeSH,D000087124,COVID-19 Serological Testing
Exam,covid-19 testing,MeSH,D000086742,COVID-19 Testing
Exam,caloric tests,MeSH,D002150,Caloric Tests
Exam,capillary fragility,MeSH,D002198,Capillary Fragility
Exam,capnography,MeSH,D019296,Capnography
Exam,capsule endoscopy,MeSH,D053704,Capsule Endoscopy
Exam,cardiac catheterization,MeSH,D006328,Cardiac Catheterization
Exam,cardiac imaging techniques,MeSH,D057791,Cardiac Imaging Techniques
Exam,cardiac output,MeSH,D002302,Cardiac Output
Exam,cardiac-gated imaging techniques,MeSH,D055424,Cardiac-Gated Imaging Techniques
Exam,cardiac-gated single-photon emission computer-assisted tomography,MeSH,D055426,Cardiac-Gated Single-Photon Emission Computer-Assisted Tomography
Exam,cardio ankle vascular index,MeSH,D000080308,Cardio Ankle Vascular Index
Exam,"cardiography, impedance",MeSH,D002307,"Cardiography, Impedance"
Exam,cardiotocography,MeSH,D015148,Cardiotocography
Exam,carotid intima-media thickness,MeSH,D059168,Carotid Intima-Media Thickness
Exam,carotid-femoral pulse wave velocity,MeSH,D000080909,Carotid-Femoral Pulse Wave Velocity
Exam,"catheterization, swan-ganz",MeSH,D002407,"Catheterization, Swan-Ganz"
Exam,cell count,MeSH,D002452,Cell Count
Exam,cell culture techniques,MeSH,D018929,Cell Culture Techniques
Exam,"cell culture techniques, three dimensional",MeSH,D000087603,"Cell Culture Techniques, Three Dimensional"
Exam,cell migration assays,MeSH,D054443,Cell Migration Assays
Exam,"cell migration assays, leukocyte",MeSH,D054441,"Cell Migration Assays, Leukocyte"
Exam,"cell migration assays, macrophage",MeSH,D054442,"Cell Migration Assays, Macrophage"
Exam,cell separation,MeSH,D002469,Cell Separation
Exam,cell tracking,MeSH,D058948,Cell Tracking
Exam,cephalometry,MeSH,D002508,Cephalometry
Exam,cerebral angiography,MeSH,D002533,Cerebral Angiography
Exam,cerebral ventriculography,MeSH,D014695,Cerebral Ventriculography
Exam,cervical length measurement,MeSH,D054791,Cervical Length Measurement
Exam,cholangiography,MeSH,D002758,Cholangiography
Exam,"cholangiopancreatography, endoscopic retrograde",MeSH,D002760,"Cholangiopancreatography, Endoscopic Retrograde"
Exam,"cholangiopancreatography, magnetic resonance",MeSH,D049448,"Cholangiopancreatography, Magnetic Resonance"
Exam,cholecystography,MeSH,D002765,Cholecystography
Exam,chorionic villi sampling,MeSH,D015193,Chorionic Villi Sampling
Exam,chromosome banding,MeSH,D002871,Chromosome Banding
Exam,chromosome painting,MeSH,D020223,Chromosome Painting
Exam,cineangiography,MeSH,D002932,Cineangiography
Exam,cineradiography,MeSH,D002933,Cineradiography
Exam,clinical chemistry tests,MeSH,D019963,Clinical Chemistry Tests
Exam,clinical decision-making,MeSH,D000066491,Clinical Decision-Making
Exam,clinical enzyme tests,MeSH,D004796,Clinical Enzyme Tests
Exam,clinical laboratory techniques,MeSH,D019411,Clinical Laboratory Techniques
Exam,clinical reasoning,MeSH,D000086723,Clinical Reasoning
Exam,clinical relevance,MeSH,D000092522,Clinical Relevance
Exam,closing volume,MeSH,D003011,Closing Volume
Exam,clot retraction,MeSH,D003018,Clot Retraction
Exam,"colonography, computed tomographic",MeSH,D023881,"Colonography, Computed Tomographic"
Exam,colonoscopy,MeSH,D003113,Colonoscopy
Exam,"colony count, microbial",MeSH,D015169,"Colony Count, Microbial"
Exam,colony-forming units assay,MeSH,D003114,Colony-Forming Units Assay
Exam,color perception tests,MeSH,D003119,Color Perception Tests
Exam,colposcopy,MeSH,D003127,Colposcopy
Exam,complement fixation tests,MeSH,D003168,Complement Fixation Tests
Exam,complement hemolytic activity assay,MeSH,D015941,Complement Hemolytic Activity Assay
Exam,comprehensive metabolic panel,MeSH,D000093182,Comprehensive Metabolic Panel
Exam,computed tomography angiography,MeSH,D000072226,Computed Tomography Angiography
Exam,cone-beam computed tomography,MeSH,D054893,Cone-Beam Computed Tomography
Exam,conization,MeSH,D019092,Conization
Exam,connectome,MeSH,D063132,Connectome
Exam,continuous glucose monitoring,MeSH,D000095583,Continuous Glucose Monitoring
Exam,contrast sensitivity,MeSH,D015350,Contrast Sensitivity
Exam,coombs test,MeSH,D003298,Coombs Test
Exam,cordocentesis,MeSH,D017218,Cordocentesis
Exam,corneal pachymetry,MeSH,D063171,Corneal Pachymetry
Exam,corneal topography,MeSH,D019781,Corneal Topography
Exam,cornell medical index,MeSH,D003321,Cornell Medical Index
Exam,coronary angiography,MeSH,D017023,Coronary Angiography
Exam,corrosion casting,MeSH,D016319,Corrosion Casting
Exam,cortical synchronization,MeSH,D003344,Cortical Synchronization
Exam,counterimmunoelectrophoresis,MeSH,D003378,Counterimmunoelectrophoresis
Exam,crown-rump length,MeSH,D018568,Crown-Rump Length
Exam,cryoelectron microscopy,MeSH,D020285,Cryoelectron Microscopy
Exam,cryopreservation,MeSH,D015925,Cryopreservation
Exam,cryoultramicrotomy,MeSH,D016616,Cryoultramicrotomy
Exam,culdoscopy,MeSH,D003464,Culdoscopy
Exam,cystography,MeSH,D000070621,Cystography
Exam,cystoscopy,MeSH,D003558,Cystoscopy
Exam,cytodiagnosis,MeSH,D003581,Cytodiagnosis
Exam,cytogenetic analysis,MeSH,D020732,Cytogenetic Analysis
Exam,cytological techniques,MeSH,D003584,Cytological Techniques
Exam,"cytopathogenic effect, viral",MeSH,D003588,"Cytopathogenic Effect, Viral"
Exam,cytophotometry,MeSH,D003592,Cytophotometry
Exam,"cytotoxicity tests, immunologic",MeSH,D003601,"Cytotoxicity Tests, Immunologic"
Exam,dna contamination,MeSH,D059018,DNA Contamination
Exam,dacryocystography,MeSH,D000090104,Dacryocystography
Exam,decalcification technique,MeSH,D003648,Decalcification Technique
Exam,defecography,MeSH,D019841,Defecography
Exam,delayed diagnosis,MeSH,D057210,Delayed Diagnosis
Exam,delta rhythm,MeSH,D003700,Delta Rhythm
Exam,dermoscopy,MeSH,D046169,Dermoscopy
Exam,diagnosis,MeSH,D003933,Diagnosis
Exam,"diagnosis, computer-assisted",MeSH,D003936,"Diagnosis, Computer-Assisted"
Exam,"diagnosis, differential",MeSH,D003937,"Diagnosis, Differential"
Exam,"diagnosis, dual (psychiatry)",MeSH,D017831,"Diagnosis, Dual (Psychiatry)"
Exam,diagnostic errors,MeSH,D003951,Diagnostic Errors
Exam,diagnostic imaging,MeSH,D003952,Diagnostic Imaging
Exam,diagnostic self evaluation,MeSH,D059026,Diagnostic Self Evaluation
Exam,diagnostic techniques and procedures,MeSH,D019937,Diagnostic Techniques and Procedures
Exam,"diagnostic techniques, cardiovascular",MeSH,D003935,"Diagnostic Techniques, Cardiovascular"
Exam,"diagnostic techniques, digestive system",MeSH,D003938,"Diagnostic Techniques, Digestive System"
Exam,"diagnostic techniques, endocrine",MeSH,D003940,"Diagnostic Techniques, Endocrine"
Exam,"diagnostic techniques, neurological",MeSH,D003943,"Diagnostic Techniques, Neurological"
Exam,"diagnostic techniques, obstetrical and gynecological",MeSH,D003944,"Diagnostic Techniques, Obstetrical and Gynecological"
Exam,"diagnostic techniques, ophthalmological",MeSH,D003941,"Diagnostic Techniques, Ophthalmological"
Exam,"diagnostic techniques, otological",MeSH,D003939,"Diagnostic Techniques, Otological"
Exam,"diagnostic techniques, radioisotope",MeSH,D003947,"Diagnostic Techniques, Radioisotope"
Exam,"diagnostic techniques, respiratory system",MeSH,D003948,"Diagnostic Techniques, Respiratory System"
Exam,"diagnostic techniques, surgical",MeSH,D003949,"Diagnostic Techniques, Surgical"
Exam,"diagnostic techniques, urological",MeSH,D003950,"Diagnostic Techniques, Urological"
Exam,"diagnostic tests, routine",MeSH,D003955,"Diagnostic Tests, Routine"
Exam,dichotic listening tests,MeSH,D004007,Dichotic Listening Tests
Exam,diffusion magnetic resonance imaging,MeSH,D038524,Diffusion Magnetic Resonance Imaging
Exam,diffusion tensor imaging,MeSH,D056324,Diffusion Tensor Imaging
Exam,digit ratios,MeSH,D000090402,Digit Ratios
Exam,digital rectal examination,MeSH,D051517,Digital Rectal Examination
Exam,direct-to-consumer screening and testing,MeSH,D000067108,Direct-To-Consumer Screening and Testing
Exam,disability evaluation,MeSH,D004185,Disability Evaluation
Exam,disease-free survival,MeSH,D018572,Disease-Free Survival
Exam,disk diffusion antimicrobial tests,MeSH,D052978,Disk Diffusion Antimicrobial Tests
Exam,dissection,MeSH,D004210,Dissection
Exam,diving reflex,MeSH,D065508,Diving Reflex
Exam,dopaminergic imaging,MeSH,D000092224,Dopaminergic Imaging
Exam,double-balloon enteroscopy,MeSH,D058582,Double-Balloon Enteroscopy
Exam,dried blood spot testing,MeSH,D059788,Dried Blood Spot Testing
Exam,drug monitoring,MeSH,D016903,Drug Monitoring
Exam,"drug screening assays, antitumor",MeSH,D004354,"Drug Screening Assays, Antitumor"
Exam,duodenoscopy,MeSH,D004384,Duodenoscopy
Exam,dynamic contrast enhanced magnetic resonance imaging,MeSH,D000098543,Dynamic Contrast Enhanced Magnetic Resonance Imaging
Exam,early detection of cancer,MeSH,D055088,Early Detection of Cancer
Exam,early diagnosis,MeSH,D042241,Early Diagnosis
Exam,early termination of clinical trials,MeSH,D057239,Early Termination of Clinical Trials
Exam,echo-planar imaging,MeSH,D017352,Echo-Planar Imaging
Exam,echocardiography,MeSH,D004452,Echocardiography
Exam,"echocardiography, doppler",MeSH,D015150,"Echocardiography, Doppler"
Exam,"echocardiography, doppler, color",MeSH,D018618,"Echocardiography, Doppler, Color"
Exam,"echocardiography, doppler, pulsed",MeSH,D018619,"Echocardiography, Doppler, Pulsed"
Exam,"echocardiography, four-dimensional",MeSH,D019561,"Echocardiography, Four-Dimensional"
Exam,"echocardiography, stress",MeSH,D025401,"Echocardiography, Stress"
Exam,"echocardiography, three-dimensional",MeSH,D019560,"Echocardiography, Three-Dimensional"
Exam,"echocardiography, transesophageal",MeSH,D017548,"Echocardiography, Transesophageal"
Exam,echoencephalography,MeSH,D004453,Echoencephalography
Exam,elasticity imaging techniques,MeSH,D054459,Elasticity Imaging Techniques
Exam,electrocardiography,MeSH,D004562,Electrocardiography
Exam,"electrocardiography, ambulatory",MeSH,D015716,"Electrocardiography, Ambulatory"
Exam,electrocorticography,MeSH,D000069280,Electrocorticography
Exam,electrodiagnosis,MeSH,D004568,Electrodiagnosis
Exam,electroencephalography,MeSH,D004569,Electroencephalography
Exam,electroencephalography phase synchronization,MeSH,D058407,Electroencephalography Phase Synchronization
Exam,electrokymography,MeSH,D004571,Electrokymography
Exam,electromyography,MeSH,D004576,Electromyography
Exam,electron microscope tomography,MeSH,D055032,Electron Microscope Tomography
Exam,electron probe microanalysis,MeSH,D004577,Electron Probe Microanalysis
Exam,electronystagmography,MeSH,D004584,Electronystagmography
Exam,electrooculography,MeSH,D004585,Electrooculography
Exam,"electrophysiologic techniques, cardiac",MeSH,D022062,"Electrophysiologic Techniques, Cardiac"
Exam,electroretinography,MeSH,D004596,Electroretinography
Exam,emmetropia,MeSH,D058453,Emmetropia
Exam,endoscopic mucosal resection,MeSH,D000069916,Endoscopic Mucosal Resection
Exam,endoscopic ultrasound-guided fine needle aspiration,MeSH,D061765,Endoscopic Ultrasound-Guided Fine Needle Aspiration
Exam,endoscopy,MeSH,D004724,Endoscopy
Exam,"endoscopy, digestive system",MeSH,D016145,"Endoscopy, Digestive System"
Exam,"endoscopy, gastrointestinal",MeSH,D016099,"Endoscopy, Gastrointestinal"
Exam,endosonography,MeSH,D019160,Endosonography
Exam,enzyme-linked immunospot assay,MeSH,D058501,Enzyme-Linked Immunospot Assay
Exam,epicardial mapping,MeSH,D056149,Epicardial Mapping
Exam,erythrocyte aggregation,MeSH,D004903,Erythrocyte Aggregation
Exam,erythrocyte count,MeSH,D004906,Erythrocyte Count
Exam,erythrocyte indices,MeSH,D004909,Erythrocyte Indices
Exam,esophageal ph monitoring,MeSH,D050782,Esophageal pH Monitoring
Exam,esophagoscopy,MeSH,D004945,Esophagoscopy
Exam,exercise test,MeSH,D005080,Exercise Test
Exam,expiratory reserve volume,MeSH,D005105,Expiratory Reserve Volume
Exam,eye movement measurements,MeSH,D053483,Eye Movement Measurements
Exam,eye-tracking technology,MeSH,D000084542,Eye-Tracking Technology
Exam,figlu test,MeSH,D005365,FIGLU Test
Exam,facial expression,MeSH,D005149,Facial Expression
Exam,facies,MeSH,D019066,Facies
Exam,"failure to rescue, health care",MeSH,D000067248,"Failure to Rescue, Health Care"
Exam,fallopian tube patency tests,MeSH,D005186,Fallopian Tube Patency Tests
Exam,false negative reactions,MeSH,D005188,False Negative Reactions
Exam,false positive reactions,MeSH,D005189,False Positive Reactions
Exam,fetal monitoring,MeSH,D005323,Fetal Monitoring
Exam,fetal weight,MeSH,D020567,Fetal Weight
Exam,fetoscopy,MeSH,D005332,Fetoscopy
Exam,fibrin clot lysis time,MeSH,D063285,Fibrin Clot Lysis Time
Exam,flicker fusion,MeSH,D005425,Flicker Fusion
Exam,flocculation tests,MeSH,D005428,Flocculation Tests
Exam,flow cytometry,MeSH,D005434,Flow Cytometry
Exam,fluorescein angiography,MeSH,D005451,Fluorescein Angiography
Exam,fluorescence polarization immunoassay,MeSH,D016231,Fluorescence Polarization Immunoassay
Exam,fluorescent antibody technique,MeSH,D005455,Fluorescent Antibody Technique
Exam,"fluorescent antibody technique, direct",MeSH,D019085,"Fluorescent Antibody Technique, Direct"
Exam,"fluorescent antibody technique, indirect",MeSH,D019084,"Fluorescent Antibody Technique, Indirect"
Exam,fluorescent treponemal antibody-absorption test,MeSH,D016508,Fluorescent Treponemal Antibody-Absorption Test
Exam,fluorine-19 magnetic resonance imaging,MeSH,D066235,Fluorine-19 Magnetic Resonance Imaging
Exam,fluoroimmunoassay,MeSH,D015200,Fluoroimmunoassay
Exam,fluorophotometry,MeSH,D015590,Fluorophotometry
Exam,fluoroscopy,MeSH,D005471,Fluoroscopy
Exam,focused assessment with sonography for trauma,MeSH,D000077564,Focused Assessment with Sonography for Trauma
Exam,forced expiratory flow rates,MeSH,D005540,Forced Expiratory Flow Rates
Exam,forced expiratory volume,MeSH,D005541,Forced Expiratory Volume
Exam,forensic imaging,MeSH,D000097785,Forensic Imaging
Exam,four-dimensional computed tomography,MeSH,D056973,Four-Dimensional Computed Tomography
Exam,fractional exhaled nitric oxide testing,MeSH,D000089142,Fractional Exhaled Nitric Oxide Testing
Exam,freeze drying,MeSH,D005612,Freeze Drying
Exam,freeze etching,MeSH,D005613,Freeze Etching
Exam,freeze fracturing,MeSH,D005614,Freeze Fracturing
Exam,freeze substitution,MeSH,D017110,Freeze Substitution
Exam,frozen sections,MeSH,D005629,Frozen Sections
Exam,functional neuroimaging,MeSH,D059907,Functional Neuroimaging
Exam,functional residual capacity,MeSH,D005652,Functional Residual Capacity
Exam,gait,MeSH,D005684,Gait
Exam,gait analysis,MeSH,D000077107,Gait Analysis
Exam,gamma rhythm,MeSH,D065818,Gamma Rhythm
Exam,gastric acidity determination,MeSH,D005745,Gastric Acidity Determination
Exam,gastrointestinal transit,MeSH,D005772,Gastrointestinal Transit
Exam,gastroscopy,MeSH,D005773,Gastroscopy
Exam,gated blood-pool imaging,MeSH,D015637,Gated Blood-Pool Imaging
Exam,genetic carrier screening,MeSH,D006580,Genetic Carrier Screening
Exam,genetic testing,MeSH,D005820,Genetic Testing
Exam,glomerular filtration rate,MeSH,D005919,Glomerular Filtration Rate
Exam,glucose clamp technique,MeSH,D015309,Glucose Clamp Technique
Exam,glucose tolerance test,MeSH,D005951,Glucose Tolerance Test
Exam,gonioscopy,MeSH,D006068,Gonioscopy
Exam,gynecological examination,MeSH,D058869,Gynecological Examination
Exam,hiv testing,MeSH,D000082922,HIV Testing
Exam,hair analysis,MeSH,D000081205,Hair Analysis
Exam,hand strength,MeSH,D018737,Hand Strength
Exam,hand-assisted laparoscopy,MeSH,D058733,Hand-Assisted Laparoscopy
Exam,head impulse test,MeSH,D064087,Head Impulse Test
Exam,hearing tests,MeSH,D006320,Hearing Tests
Exam,heart auscultation,MeSH,D006326,Heart Auscultation
Exam,heart function tests,MeSH,D006334,Heart Function Tests
Exam,heart rate,MeSH,D006339,Heart Rate
Exam,heart rate determination,MeSH,D000070276,Heart Rate Determination
Exam,hemadsorption inhibition tests,MeSH,D006383,Hemadsorption Inhibition Tests
Exam,hemagglutination inhibition tests,MeSH,D006385,Hemagglutination Inhibition Tests
Exam,hemagglutination tests,MeSH,D006386,Hemagglutination Tests
Exam,hematocrit,MeSH,D006400,Hematocrit
Exam,hematologic tests,MeSH,D006403,Hematologic Tests
Exam,hemodynamic monitoring,MeSH,D000074743,Hemodynamic Monitoring
Exam,hemoglobinometry,MeSH,D006452,Hemoglobinometry
Exam,hemolytic plaque technique,MeSH,D006462,Hemolytic Plaque Technique
Exam,histocompatibility testing,MeSH,D006650,Histocompatibility Testing
Exam,histocytochemistry,MeSH,D006651,Histocytochemistry
Exam,histocytological preparation techniques,MeSH,D016591,Histocytological Preparation Techniques
Exam,histological techniques,MeSH,D006652,Histological Techniques
Exam,holography,MeSH,D006696,Holography
Exam,human papillomavirus dna tests,MeSH,D061809,Human Papillomavirus DNA Tests
Exam,hysterosalpingography,MeSH,D007047,Hysterosalpingography
Exam,hysteroscopy,MeSH,D015907,Hysteroscopy
Exam,ideal body weight,MeSH,D056865,Ideal Body Weight
Exam,image cytometry,MeSH,D019044,Image Cytometry
Exam,image enhancement,MeSH,D007089,Image Enhancement
Exam,"image interpretation, computer-assisted",MeSH,D007090,"Image Interpretation, Computer-Assisted"
Exam,image-guided biopsy,MeSH,D061705,Image-Guided Biopsy
Exam,"imaging, three-dimensional",MeSH,D021621,"Imaging, Three-Dimensional"
Exam,immune adherence reaction,MeSH,D007104,Immune Adherence Reaction
Exam,immunodiffusion,MeSH,D005779,Immunodiffusion
Exam,immunoelectrophoresis,MeSH,D007122,Immunoelectrophoresis
Exam,"immunoelectrophoresis, two-dimensional",MeSH,D007123,"Immunoelectrophoresis, Two-Dimensional"
Exam,immunohistochemistry,MeSH,D007150,Immunohistochemistry
Exam,immunologic tests,MeSH,D007159,Immunologic Tests
Exam,immunophenotyping,MeSH,D016130,Immunophenotyping
Exam,in situ hybridization,MeSH,D017403,In Situ Hybridization
Exam,"in situ hybridization, fluorescence",MeSH,D017404,"In Situ Hybridization, Fluorescence"
Exam,incidental findings,MeSH,D033162,Incidental Findings
Exam,inspiratory capacity,MeSH,D007320,Inspiratory Capacity
Exam,inspiratory reserve volume,MeSH,D007321,Inspiratory Reserve Volume
Exam,insufflation,MeSH,D007327,Insufflation
Exam,interferon-gamma release tests,MeSH,D059425,Interferon-gamma Release Tests
Exam,international normalized ratio,MeSH,D019934,International Normalized Ratio
Exam,intradermal tests,MeSH,D007428,Intradermal Tests
Exam,intraoperative neurophysiological monitoring,MeSH,D064795,Intraoperative Neurophysiological Monitoring
Exam,intravital microscopy,MeSH,D000069416,Intravital Microscopy
Exam,karyometry,MeSH,D007620,Karyometry
Exam,karyotyping,MeSH,D007621,Karyotyping
Exam,kidney function tests,MeSH,D007677,Kidney Function Tests
Exam,kinanthropometry,MeSH,D000070496,Kinanthropometry
Exam,kinetocardiography,MeSH,D007702,Kinetocardiography
Exam,kveim test,MeSH,D007731,Kveim Test
Exam,kymography,MeSH,D007734,Kymography
Exam,laboratory critical values,MeSH,D000071117,Laboratory Critical Values
Exam,lactose tolerance test,MeSH,D007789,Lactose Tolerance Test
Exam,laparoscopy,MeSH,D010535,Laparoscopy
Exam,laryngoscopy,MeSH,D007828,Laryngoscopy
Exam,laser capture microdissection,MeSH,D061346,Laser Capture Microdissection
Exam,laser scanning cytometry,MeSH,D047569,Laser Scanning Cytometry
Exam,laser speckle contrast imaging,MeSH,D000081982,Laser Speckle Contrast Imaging
Exam,laser-doppler flowmetry,MeSH,D017078,Laser-Doppler Flowmetry
Exam,latex fixation tests,MeSH,D007841,Latex Fixation Tests
Exam,leukocyte adherence inhibition test,MeSH,D007957,Leukocyte Adherence Inhibition Test
Exam,leukocyte count,MeSH,D007958,Leukocyte Count
Exam,limulus test,MeSH,D008033,Limulus Test
Exam,lipid accumulation product,MeSH,D064237,Lipid Accumulation Product
Exam,liquid biopsy,MeSH,D000073890,Liquid Biopsy
Exam,liver function tests,MeSH,D008111,Liver Function Tests
Exam,local field potential measurement,MeSH,D000094382,Local Field Potential Measurement
Exam,local lymph node assay,MeSH,D023441,Local Lymph Node Assay
Exam,lung compliance,MeSH,D008170,Lung Compliance
Exam,lung volume measurements,MeSH,D008176,Lung Volume Measurements
Exam,lymph node ratio,MeSH,D000080945,Lymph Node Ratio
Exam,lymphocyte activation,MeSH,D008213,Lymphocyte Activation
Exam,lymphocyte count,MeSH,D018655,Lymphocyte Count
Exam,"lymphocyte culture test, mixed",MeSH,D007959,"Lymphocyte Culture Test, Mixed"
Exam,lymphography,MeSH,D008220,Lymphography
Exam,lymphoscintigraphy,MeSH,D061305,Lymphoscintigraphy
Exam,magnetic particle imaging,MeSH,D000099164,Magnetic Particle Imaging
Exam,magnetic resonance angiography,MeSH,D018810,Magnetic Resonance Angiography
Exam,magnetic resonance imaging,MeSH,D008279,Magnetic Resonance Imaging
Exam,"magnetic resonance imaging, cine",MeSH,D019028,"Magnetic Resonance Imaging, Cine"
Exam,magnetic resonance myelography,MeSH,D000095497,Magnetic Resonance Myelography
Exam,magnetocardiography,MeSH,D053798,Magnetocardiography
Exam,magnetoencephalography,MeSH,D015225,Magnetoencephalography
Exam,mammography,MeSH,D008327,Mammography
Exam,mass chest x-ray,MeSH,D008400,Mass Chest X-Ray
Exam,mass screening,MeSH,D008403,Mass Screening
Exam,maternal serum screening tests,MeSH,D062145,Maternal Serum Screening Tests
Exam,maximal expiratory flow rate,MeSH,D008448,Maximal Expiratory Flow Rate
Exam,maximal expiratory flow-volume curves,MeSH,D008449,Maximal Expiratory Flow-Volume Curves
Exam,maximal midexpiratory flow rate,MeSH,D008450,Maximal Midexpiratory Flow Rate
Exam,maximal respiratory pressures,MeSH,D000072277,Maximal Respiratory Pressures
Exam,maximal voluntary ventilation,MeSH,D008451,Maximal Voluntary Ventilation
Exam,mean platelet volume,MeSH,D063847,Mean Platelet Volume
Exam,mediastinoscopy,MeSH,D008481,Mediastinoscopy
Exam,medical futility,MeSH,D018447,Medical Futility
Exam,medical history taking,MeSH,D008487,Medical History Taking
Exam,metabolic clearance rate,MeSH,D008657,Metabolic Clearance Rate
Exam,metabolic equivalent,MeSH,D055686,Metabolic Equivalent
Exam,metabolic flux analysis,MeSH,D064688,Metabolic Flux Analysis
Exam,microbial sensitivity tests,MeSH,D008826,Microbial Sensitivity Tests
Exam,microbiological techniques,MeSH,D008828,Microbiological Techniques
Exam,microdissection,MeSH,D042282,Microdissection
Exam,microphysiological systems,MeSH,D000094182,Microphysiological Systems
Exam,microradiography,MeSH,D008852,Microradiography
Exam,microscopic angioscopy,MeSH,D020678,Microscopic Angioscopy
Exam,microscopy,MeSH,D008853,Microscopy
Exam,"microscopy, acoustic",MeSH,D033401,"Microscopy, Acoustic"
Exam,"microscopy, atomic force",MeSH,D018625,"Microscopy, Atomic Force"
Exam,"microscopy, confocal",MeSH,D018613,"Microscopy, Confocal"
Exam,"microscopy, electrochemical, scanning",MeSH,D064347,"Microscopy, Electrochemical, Scanning"
Exam,"microscopy, electron",MeSH,D008854,"Microscopy, Electron"
Exam,"microscopy, electron, scanning",MeSH,D008855,"Microscopy, Electron, Scanning"
Exam,"microscopy, electron, scanning transmission",MeSH,D017348,"Microscopy, Electron, Scanning Transmission"
Exam,"microscopy, electron, transmission",MeSH,D046529,"Microscopy, Electron, Transmission"
Exam,"microscopy, energy-filtering transmission electron",MeSH,D046032,"Microscopy, Energy-Filtering Transmission Electron"
Exam,"microscopy, fluorescence",MeSH,D008856,"Microscopy, Fluorescence"
Exam,"microscopy, fluorescence, multiphoton",MeSH,D036641,"Microscopy, Fluorescence, Multiphoton"
Exam,"microscopy, immunoelectron",MeSH,D016253,"Microscopy, Immunoelectron"
Exam,"microscopy, interference",MeSH,D008857,"Microscopy, Interference"
Exam,"microscopy, phase-contrast",MeSH,D008858,"Microscopy, Phase-Contrast"
Exam,"microscopy, polarization",MeSH,D008859,"Microscopy, Polarization"
Exam,"microscopy, scanning probe",MeSH,D020527,"Microscopy, Scanning Probe"
Exam,"microscopy, scanning tunneling",MeSH,D016252,"Microscopy, Scanning Tunneling"
Exam,"microscopy, ultraviolet",MeSH,D008860,"Microscopy, Ultraviolet"
Exam,"microscopy, video",MeSH,D018715,"Microscopy, Video"
Exam,microtomy,MeSH,D008867,Microtomy
Exam,microwave imaging,MeSH,D000080925,Microwave Imaging
Exam,mitotic index,MeSH,D008940,Mitotic Index
Exam,moire topography,MeSH,D015903,Moire Topography
Exam,molecular diagnostic techniques,MeSH,D025202,Molecular Diagnostic Techniques
Exam,molecular imaging,MeSH,D057054,Molecular Imaging
Exam,molecular typing,MeSH,D058889,Molecular Typing
Exam,"monitoring, ambulatory",MeSH,D018670,"Monitoring, Ambulatory"
Exam,"monitoring, immunologic",MeSH,D015166,"Monitoring, Immunologic"
Exam,"monitoring, intraoperative",MeSH,D016343,"Monitoring, Intraoperative"
Exam,"monitoring, physiologic",MeSH,D008991,"Monitoring, Physiologic"
Exam,motion capture,MeSH,D000092682,Motion Capture
Exam,mucociliary clearance,MeSH,D009079,Mucociliary Clearance
Exam,multidetector computed tomography,MeSH,D061330,Multidetector Computed Tomography
Exam,multilocus sequence typing,MeSH,D058885,Multilocus Sequence Typing
Exam,multimodal imaging,MeSH,D064847,Multimodal Imaging
Exam,multiparametric magnetic resonance imaging,MeSH,D000081364,Multiparametric Magnetic Resonance Imaging
Exam,multiphasic screening,MeSH,D009098,Multiphasic Screening
Exam,muscle strength,MeSH,D053580,Muscle Strength
Exam,mycological typing techniques,MeSH,D016533,Mycological Typing Techniques
Exam,myelography,MeSH,D009192,Myelography
Exam,myocardial perfusion imaging,MeSH,D055414,Myocardial Perfusion Imaging
Exam,myography,MeSH,D009213,Myography
Exam,narrow band imaging,MeSH,D062048,Narrow Band Imaging
Exam,nasal provocation tests,MeSH,D009299,Nasal Provocation Tests
Exam,natural orifice endoscopic surgery,MeSH,D057605,Natural Orifice Endoscopic Surgery
Exam,negative staining,MeSH,D016624,Negative Staining
Exam,neonatal screening,MeSH,D015997,Neonatal Screening
Exam,neoplasm grading,MeSH,D060787,Neoplasm Grading
Exam,neoplasm staging,MeSH,D009367,Neoplasm Staging
Exam,"nephrostomy, percutaneous",MeSH,D009403,"Nephrostomy, Percutaneous"
Exam,nerve conduction studies,MeSH,D000092184,Nerve Conduction Studies
Exam,neuroanatomical tract-tracing techniques,MeSH,D056347,Neuroanatomical Tract-Tracing Techniques
Exam,neuroendoscopy,MeSH,D044583,Neuroendoscopy
Exam,neuroimaging,MeSH,D059906,Neuroimaging
Exam,neurologic examination,MeSH,D009460,Neurologic Examination
Exam,neuromuscular monitoring,MeSH,D061886,Neuromuscular Monitoring
Exam,neurophysiological monitoring,MeSH,D064926,Neurophysiological Monitoring
Exam,neuroradiography,MeSH,D009485,Neuroradiography
Exam,neutralization tests,MeSH,D009500,Neutralization Tests
Exam,nomograms,MeSH,D049451,Nomograms
Exam,noninvasive prenatal testing,MeSH,D000081182,Noninvasive Prenatal Testing
Exam,nonlinear optical microscopy,MeSH,D000073758,Nonlinear Optical Microscopy
Exam,nuchal translucency measurement,MeSH,D048208,Nuchal Translucency Measurement
Exam,nuclear microscopy,MeSH,D062345,Nuclear Microscopy
Exam,observer variation,MeSH,D015588,Observer Variation
Exam,occult blood,MeSH,D009780,Occult Blood
Exam,odontometry,MeSH,D009811,Odontometry
Exam,olfactometry,MeSH,D064367,Olfactometry
Exam,ophthalmodynamometry,MeSH,D009884,Ophthalmodynamometry
Exam,ophthalmoscopy,MeSH,D009887,Ophthalmoscopy
Exam,optical imaging,MeSH,D061848,Optical Imaging
Exam,organ size,MeSH,D009929,Organ Size
Exam,osmotic fragility,MeSH,D009996,Osmotic Fragility
Exam,otoscopy,MeSH,D038781,Otoscopy
Exam,ovarian function tests,MeSH,D010050,Ovarian Function Tests
Exam,overdiagnosis,MeSH,D000088522,Overdiagnosis
Exam,overweight,MeSH,D050177,Overweight
Exam,ovulation detection,MeSH,D010061,Ovulation Detection
Exam,ovulation prediction,MeSH,D044384,Ovulation Prediction
Exam,oximetry,MeSH,D010092,Oximetry
Exam,pain measurement,MeSH,D010147,Pain Measurement
Exam,palpation,MeSH,D010173,Palpation
Exam,pancreatic function tests,MeSH,D010186,Pancreatic Function Tests
Exam,papanicolaou test,MeSH,D065006,Papanicolaou Test
Exam,paracentesis,MeSH,D019152,Paracentesis
Exam,paraffin embedding,MeSH,D016612,Paraffin Embedding
Exam,parasite egg count,MeSH,D010270,Parasite Egg Count
Exam,parasite load,MeSH,D059208,Parasite Load
Exam,parasitic sensitivity tests,MeSH,D021261,Parasitic Sensitivity Tests
Exam,partial thromboplastin time,MeSH,D010314,Partial Thromboplastin Time
Exam,passive cutaneous anaphylaxis,MeSH,D010323,Passive Cutaneous Anaphylaxis
Exam,patch tests,MeSH,D010328,Patch Tests
Exam,pathologic complete response,MeSH,D000095384,Pathologic Complete Response
Exam,peak expiratory flow rate,MeSH,D010366,Peak Expiratory Flow Rate
Exam,pelvimetry,MeSH,D010387,Pelvimetry
Exam,percussion,MeSH,D010474,Percussion
Exam,perfusion imaging,MeSH,D055420,Perfusion Imaging
Exam,perfusion index,MeSH,D000081282,Perfusion Index
Exam,perfusion magnetic resonance imaging,MeSH,D000098642,Perfusion Magnetic Resonance Imaging
Exam,pericardiocentesis,MeSH,D020519,Pericardiocentesis
Exam,periodic acid-schiff reaction,MeSH,D010503,Periodic Acid-Schiff Reaction
Exam,petrosal sinus sampling,MeSH,D017591,Petrosal Sinus Sampling
Exam,pharmacogenomic testing,MeSH,D000071185,Pharmacogenomic Testing
Exam,phlebography,MeSH,D010690,Phlebography
Exam,phlebotomy,MeSH,D018962,Phlebotomy
Exam,phonocardiography,MeSH,D010701,Phonocardiography
Exam,photoacoustic techniques,MeSH,D061088,Photoacoustic Techniques
Exam,photofluorography,MeSH,D010779,Photofluorography
Exam,photogrammetry,MeSH,D010780,Photogrammetry
Exam,photography,MeSH,D010781,Photography
Exam,"photography, dental",MeSH,D023861,"Photography, Dental"
Exam,photomicrography,MeSH,D010784,Photomicrography
Exam,photoplethysmography,MeSH,D017156,Photoplethysmography
Exam,"physical appearance, body",MeSH,D000067029,"Physical Appearance, Body"
Exam,physical examination,MeSH,D010808,Physical Examination
Exam,pigmentation,MeSH,D010858,Pigmentation
Exam,pinch strength,MeSH,D052581,Pinch Strength
Exam,pituitary function tests,MeSH,D010901,Pituitary Function Tests
Exam,pituitary-adrenal function tests,MeSH,D010912,Pituitary-Adrenal Function Tests
Exam,placental function tests,MeSH,D010925,Placental Function Tests
Exam,plastic embedding,MeSH,D016613,Plastic Embedding
Exam,platelet count,MeSH,D010976,Platelet Count
Exam,platelet function tests,MeSH,D010979,Platelet Function Tests
Exam,plethysmography,MeSH,D010991,Plethysmography
Exam,"plethysmography, impedance",MeSH,D010992,"Plethysmography, Impedance"
Exam,"plethysmography, whole body",MeSH,D010993,"Plethysmography, Whole Body"
Exam,pneumoencephalography,MeSH,D011011,Pneumoencephalography
Exam,"pneumomediastinum, diagnostic",MeSH,D011012,"Pneumomediastinum, Diagnostic"
Exam,"pneumoperitoneum, artificial",MeSH,D011028,"Pneumoperitoneum, Artificial"
Exam,pneumoradiography,MeSH,D011029,Pneumoradiography
Exam,polysomnography,MeSH,D017286,Polysomnography
Exam,pooled testing,MeSH,D000098302,Pooled Testing
Exam,portography,MeSH,D011172,Portography
Exam,positron emission tomography computed tomography,MeSH,D000072078,Positron Emission Tomography Computed Tomography
Exam,positron-emission tomography,MeSH,D049268,Positron-Emission Tomography
Exam,postmortem imaging,MeSH,D000097873,Postmortem Imaging
Exam,pre-analytical phase,MeSH,D000073623,Pre-Analytical Phase
Exam,precipitin tests,MeSH,D011233,Precipitin Tests
Exam,pregnancy outcome,MeSH,D011256,Pregnancy Outcome
Exam,pregnancy tests,MeSH,D011258,Pregnancy Tests
Exam,"pregnancy tests, immunologic",MeSH,D011259,"Pregnancy Tests, Immunologic"
Exam,preimplantation diagnosis,MeSH,D019836,Preimplantation Diagnosis
Exam,premarital examinations,MeSH,D011291,Premarital Examinations
Exam,prenatal diagnosis,MeSH,D011296,Prenatal Diagnosis
Exam,primary cell culture,MeSH,D061251,Primary Cell Culture
Exam,primed in situ labeling,MeSH,D020401,Primed In Situ Labeling
Exam,proctoscopy,MeSH,D011351,Proctoscopy
Exam,prodromal symptoms,MeSH,D062706,Prodromal Symptoms
Exam,prognosis,MeSH,D011379,Prognosis
Exam,progression-free survival,MeSH,D000077982,Progression-Free Survival
Exam,prothrombin time,MeSH,D011517,Prothrombin Time
Exam,prussian blue reaction,MeSH,D011540,Prussian Blue Reaction
Exam,psychoacoustics,MeSH,D011571,Psychoacoustics
Exam,psychophysics,MeSH,D011601,Psychophysics
Exam,pulmonary diffusing capacity,MeSH,D011653,Pulmonary Diffusing Capacity
Exam,pulmonary gas exchange,MeSH,D011659,Pulmonary Gas Exchange
Exam,pulmonary ventilation,MeSH,D012123,Pulmonary Ventilation
Exam,pulse wave analysis,MeSH,D063177,Pulse Wave Analysis
Exam,quantitative phase imaging,MeSH,D000097913,Quantitative Phase Imaging
Exam,radioallergosorbent test,MeSH,D011852,Radioallergosorbent Test
Exam,radiographic image enhancement,MeSH,D011856,Radiographic Image Enhancement
Exam,"radiographic image interpretation, computer-assisted",MeSH,D011857,"Radiographic Image Interpretation, Computer-Assisted"
Exam,radiographic magnification,MeSH,D011858,Radiographic Magnification
Exam,radiography,MeSH,D011859,Radiography
Exam,"radiography, abdominal",MeSH,D011860,"Radiography, Abdominal"
Exam,"radiography, bitewing",MeSH,D016300,"Radiography, Bitewing"
Exam,"radiography, dental",MeSH,D011861,"Radiography, Dental"
Exam,"radiography, dental, digital",MeSH,D019252,"Radiography, Dental, Digital"
Exam,"radiography, dual-energy scanned projection",MeSH,D015900,"Radiography, Dual-Energy Scanned Projection"
Exam,"radiography, interventional",MeSH,D015641,"Radiography, Interventional"
Exam,"radiography, panoramic",MeSH,D011862,"Radiography, Panoramic"
Exam,"radiography, thoracic",MeSH,D013902,"Radiography, Thoracic"
Exam,radioimmunoassay,MeSH,D011863,Radioimmunoassay
Exam,radioimmunodetection,MeSH,D016719,Radioimmunodetection
Exam,radioimmunoprecipitation assay,MeSH,D015531,Radioimmunoprecipitation Assay
Exam,radioisotope dilution technique,MeSH,D011865,Radioisotope Dilution Technique
Exam,radioisotope renography,MeSH,D011866,Radioisotope Renography
Exam,radioligand assay,MeSH,D011869,Radioligand Assay
Exam,radiomics,MeSH,D000097188,Radiomics
Exam,radionuclide angiography,MeSH,D011875,Radionuclide Angiography
Exam,radionuclide imaging,MeSH,D011877,Radionuclide Imaging
Exam,radionuclide ventriculography,MeSH,D015635,Radionuclide Ventriculography
Exam,radiostereometric analysis,MeSH,D059869,Radiostereometric Analysis
Exam,"range of motion, articular",MeSH,D016059,"Range of Motion, Articular"
Exam,rapid diagnostic tests,MeSH,D000092025,Rapid Diagnostic Tests
Exam,"recruitment detection, audiologic",MeSH,D012000,"Recruitment Detection, Audiologic"
Exam,reflex,MeSH,D012018,Reflex
Exam,"reflex, abdominal",MeSH,D012020,"Reflex, Abdominal"
Exam,"reflex, abnormal",MeSH,D012021,"Reflex, Abnormal"
Exam,"reflex, acoustic",MeSH,D012022,"Reflex, Acoustic"
Exam,"reflex, babinski",MeSH,D001405,"Reflex, Babinski"
Exam,"reflex, pupillary",MeSH,D012025,"Reflex, Pupillary"
Exam,"reflex, righting",MeSH,D057897,"Reflex, Righting"
Exam,"reflex, startle",MeSH,D013216,"Reflex, Startle"
Exam,"reflex, stretch",MeSH,D012026,"Reflex, Stretch"
Exam,"refraction, ocular",MeSH,D012029,"Refraction, Ocular"
Exam,remote sensing technology,MeSH,D058998,Remote Sensing Technology
Exam,replica techniques,MeSH,D016628,Replica Techniques
Exam,reproductive history,MeSH,D017584,Reproductive History
Exam,residual volume,MeSH,D012115,Residual Volume
Exam,respiratory function tests,MeSH,D012129,Respiratory Function Tests
Exam,respiratory rate,MeSH,D056152,Respiratory Rate
Exam,respiratory sounds,MeSH,D012135,Respiratory Sounds
Exam,respiratory-gated imaging techniques,MeSH,D055425,Respiratory-Gated Imaging Techniques
Exam,response evaluation criteria in solid tumors,MeSH,D066066,Response Evaluation Criteria in Solid Tumors
Exam,reticulocyte count,MeSH,D017701,Reticulocyte Count
Exam,retinoscopy,MeSH,D042262,Retinoscopy
Exam,rhinomanometry,MeSH,D025363,Rhinomanometry
Exam,"rhinometry, acoustic",MeSH,D023842,"Rhinometry, Acoustic"
Exam,ribotyping,MeSH,D021521,Ribotyping
Exam,rosette formation,MeSH,D012397,Rosette Formation
Exam,sagittal abdominal diameter,MeSH,D064346,Sagittal Abdominal Diameter
Exam,scanning laser polarimetry,MeSH,D057109,Scanning Laser Polarimetry
Exam,schilling test,MeSH,D012546,Schilling Test
Exam,second harmonic generation microscopy,MeSH,D000073798,Second Harmonic Generation Microscopy
Exam,self-examination,MeSH,D016353,Self-Examination
Exam,semen analysis,MeSH,D055101,Semen Analysis
Exam,sentinel lymph node biopsy,MeSH,D021701,Sentinel Lymph Node Biopsy
Exam,serial passage,MeSH,D012692,Serial Passage
Exam,serologic tests,MeSH,D012698,Serologic Tests
Exam,serotyping,MeSH,D012703,Serotyping
Exam,serum bactericidal antibody assay,MeSH,D058248,Serum Bactericidal Antibody Assay
Exam,serum bactericidal test,MeSH,D015610,Serum Bactericidal Test
Exam,sex determination analysis,MeSH,D012732,Sex Determination Analysis
Exam,sex determination by skeleton,MeSH,D054881,Sex Determination by Skeleton
Exam,"shadowing technique, histology",MeSH,D016626,"Shadowing Technique, Histology"
Exam,sialography,MeSH,D012796,Sialography
Exam,sigmoidoscopy,MeSH,D012812,Sigmoidoscopy
Exam,"signal detection, psychological",MeSH,D017603,"Signal Detection, Psychological"
Exam,silver staining,MeSH,D016622,Silver Staining
Exam,single photon emission computed tomography computed tomography,MeSH,D000072098,Single Photon Emission Computed Tomography Computed Tomography
Exam,single-balloon enteroscopy,MeSH,D000071085,Single-Balloon Enteroscopy
Exam,skin pigmentation,MeSH,D012880,Skin Pigmentation
Exam,skin test end-point titration,MeSH,D015927,Skin Test End-Point Titration
Exam,skin tests,MeSH,D012882,Skin Tests
Exam,skin window technique,MeSH,D012884,Skin Window Technique
Exam,skinfold thickness,MeSH,D012885,Skinfold Thickness
Exam,slit lamp microscopy,MeSH,D000072776,Slit Lamp Microscopy
Exam,somatotypes,MeSH,D013008,Somatotypes
Exam,specimen handling,MeSH,D013048,Specimen Handling
Exam,spectral karyotyping,MeSH,D032681,Spectral Karyotyping
Exam,"spectroscopy, near-infrared",MeSH,D019265,"Spectroscopy, Near-Infrared"
Exam,speech articulation tests,MeSH,D013062,Speech Articulation Tests
Exam,speech discrimination tests,MeSH,D013063,Speech Discrimination Tests
Exam,speech production measurement,MeSH,D013068,Speech Production Measurement
Exam,speech reception threshold test,MeSH,D013069,Speech Reception Threshold Test
Exam,sperm count,MeSH,D013076,Sperm Count
Exam,sperm motility,MeSH,D013081,Sperm Motility
Exam,spinal puncture,MeSH,D013129,Spinal Puncture
Exam,spiral cone-beam computed tomography,MeSH,D054894,Spiral Cone-Beam Computed Tomography
Exam,spirometry,MeSH,D013147,Spirometry
Exam,staining and labeling,MeSH,D013194,Staining and Labeling
Exam,stroboscopy,MeSH,D049489,Stroboscopy
Exam,stroke volume,MeSH,D013318,Stroke Volume
Exam,subtraction technique,MeSH,D013382,Subtraction Technique
Exam,surgical clearance,MeSH,D000068436,Surgical Clearance
Exam,sustained virologic response,MeSH,D000072230,Sustained Virologic Response
Exam,symptom assessment,MeSH,D063189,Symptom Assessment
Exam,syphilis serodiagnosis,MeSH,D013588,Syphilis Serodiagnosis
Exam,telemetry,MeSH,D013686,Telemetry
Exam,terahertz imaging,MeSH,D055069,Terahertz Imaging
Exam,theranostic nanomedicine,MeSH,D000068936,Theranostic Nanomedicine
Exam,therapeutic index,MeSH,D000076162,Therapeutic Index
Exam,"therapeutic index, drug",MeSH,D000074389,"Therapeutic Index, Drug"
Exam,thermography,MeSH,D013817,Thermography
Exam,theta rhythm,MeSH,D013826,Theta Rhythm
Exam,thinness,MeSH,D013851,Thinness
Exam,thoracentesis,MeSH,D000069258,Thoracentesis
Exam,"thoracic surgery, video-assisted",MeSH,D020775,"Thoracic Surgery, Video-Assisted"
Exam,thoracoscopy,MeSH,D013906,Thoracoscopy
Exam,thrombelastography,MeSH,D013916,Thrombelastography
Exam,thrombin time,MeSH,D013918,Thrombin Time
Exam,thyroid function tests,MeSH,D013960,Thyroid Function Tests
Exam,tidal volume,MeSH,D013990,Tidal Volume
Exam,tilt-table test,MeSH,D018667,Tilt-Table Test
Exam,time-lapse imaging,MeSH,D059008,Time-Lapse Imaging
Exam,tissue embedding,MeSH,D016610,Tissue Embedding
Exam,tissue fixation,MeSH,D016707,Tissue Fixation
Exam,tissue preservation,MeSH,D014021,Tissue Preservation
Exam,tomography,MeSH,D014054,Tomography
Exam,"tomography, emission-computed",MeSH,D014055,"Tomography, Emission-Computed"
Exam,"tomography, emission-computed, single-photon",MeSH,D015899,"Tomography, Emission-Computed, Single-Photon"
Exam,"tomography, optical",MeSH,D041622,"Tomography, Optical"
Exam,"tomography, optical coherence",MeSH,D041623,"Tomography, Optical Coherence"
Exam,"tomography, spiral computed",MeSH,D036542,"Tomography, Spiral Computed"
Exam,"tomography, x-ray",MeSH,D014056,"Tomography, X-Ray"
Exam,"tomography, x-ray computed",MeSH,D014057,"Tomography, X-Ray Computed"
Exam,"tonometry, ocular",MeSH,D014065,"Tonometry, Ocular"
Exam,total lung capacity,MeSH,D014109,Total Lung Capacity
Exam,traditional pulse diagnosis,MeSH,D000071061,Traditional Pulse Diagnosis
Exam,transanal endoscopic microsurgery,MeSH,D000067369,Transanal Endoscopic Microsurgery
Exam,transanal endoscopic surgery,MeSH,D000067368,Transanal Endoscopic Surgery
Exam,transillumination,MeSH,D014172,Transillumination
Exam,treatment expectations,MeSH,D000099055,Treatment Expectations
Exam,treatment failure,MeSH,D017211,Treatment Failure
Exam,treatment outcome,MeSH,D016896,Treatment Outcome
Exam,treponema immobilization test,MeSH,D014209,Treponema Immobilization Test
Exam,tuberculin test,MeSH,D014374,Tuberculin Test
Exam,tumor stem cell assay,MeSH,D014410,Tumor Stem Cell Assay
Exam,tympanocentesis,MeSH,D000069356,Tympanocentesis
Exam,ultrasonography,MeSH,D014463,Ultrasonography
Exam,"ultrasonography, carotid arteries",MeSH,D000092262,"Ultrasonography, Carotid Arteries"
Exam,"ultrasonography, doppler",MeSH,D018608,"Ultrasonography, Doppler"
Exam,"ultrasonography, doppler, color",MeSH,D018615,"Ultrasonography, Doppler, Color"
Exam,"ultrasonography, doppler, duplex",MeSH,D018616,"Ultrasonography, Doppler, Duplex"
Exam,"ultrasonography, doppler, pulsed",MeSH,D018617,"Ultrasonography, Doppler, Pulsed"
Exam,"ultrasonography, doppler, transcranial",MeSH,D017585,"Ultrasonography, Doppler, Transcranial"
Exam,"ultrasonography, interventional",MeSH,D018084,"Ultrasonography, Interventional"
Exam,"ultrasonography, mammary",MeSH,D016217,"Ultrasonography, Mammary"
Exam,"ultrasonography, prenatal",MeSH,D016216,"Ultrasonography, Prenatal"
Exam,ureteroscopy,MeSH,D018666,Ureteroscopy
Exam,urinalysis,MeSH,D016482,Urinalysis
Exam,urinary catheterization,MeSH,D014546,Urinary Catheterization
Exam,urinary sediment analysis,MeSH,D000095025,Urinary Sediment Analysis
Exam,urine specimen collection,MeSH,D059349,Urine Specimen Collection
Exam,urography,MeSH,D014567,Urography
Exam,uterine monitoring,MeSH,D018590,Uterine Monitoring
Exam,vaginal smears,MeSH,D014626,Vaginal Smears
Exam,valsalva maneuver,MeSH,D014636,Valsalva Maneuver
Exam,vectorcardiography,MeSH,D014672,Vectorcardiography
Exam,ventilation-perfusion ratio,MeSH,D014692,Ventilation-Perfusion Ratio
Exam,ventilation-perfusion scan,MeSH,D000076665,Ventilation-Perfusion Scan
Exam,"ventriculography, first-pass",MeSH,D015646,"Ventriculography, First-Pass"
Exam,vestibular function tests,MeSH,D014724,Vestibular Function Tests
Exam,video-assisted surgery,MeSH,D020535,Video-Assisted Surgery
Exam,viral load,MeSH,D019562,Viral Load
Exam,viral plaque assay,MeSH,D010948,Viral Plaque Assay
Exam,viral pseudotyping,MeSH,D000089942,Viral Pseudotyping
Exam,virus cultivation,MeSH,D014776,Virus Cultivation
Exam,virus inactivation,MeSH,D038301,Virus Inactivation
Exam,vision screening,MeSH,D015351,Vision Screening
Exam,vision tests,MeSH,D014787,Vision Tests
Exam,visual acuity,MeSH,D014792,Visual Acuity
Exam,visual analog scale,MeSH,D064232,Visual Analog Scale
Exam,visual field tests,MeSH,D058609,Visual Field Tests
Exam,vital capacity,MeSH,D014797,Vital Capacity
Exam,vital signs,MeSH,D055986,Vital Signs
Exam,voltage-sensitive dye imaging,MeSH,D056969,Voltage-Sensitive Dye Imaging
Exam,volume electron microscopy,MeSH,D000094443,Volume Electron Microscopy
Exam,waist circumference,MeSH,D055105,Waist Circumference
Exam,waist-height ratio,MeSH,D065927,Waist-Height Ratio
Exam,waist-hip ratio,MeSH,D049629,Waist-Hip Ratio
Exam,walk test,MeSH,D000070857,Walk Test
Exam,walking speed,MeSH,D000072797,Walking Speed
Exam,whole blood coagulation time,MeSH,D014914,Whole Blood Coagulation Time
Exam,whole body imaging,MeSH,D051598,Whole Body Imaging
Exam,work capacity evaluation,MeSH,D014938,Work Capacity Evaluation
Exam,work of breathing,MeSH,D014939,Work of Breathing
Exam,x-ray microtomography,MeSH,D055114,X-Ray Microtomography
Exam,xenodiagnosis,MeSH,D020525,Xenodiagnosis
Exam,xeromammography,MeSH,D014984,Xeromammography
Exam,xeroradiography,MeSH,D014986,Xeroradiography
Diagnosis,"aids arteritis, central nervous system",MeSH,D020943,"AIDS Arteritis, Central Nervous System"
Diagnosis,aids dementia complex,MeSH,D015526,AIDS Dementia Complex
Diagnosis,aids-associated nephropathy,MeSH,D016263,AIDS-Associated Nephropathy
Diagnosis,aids-related complex,MeSH,D000386,AIDS-Related Complex
Diagnosis,aids-related opportunistic infections,MeSH,D017088,AIDS-Related Opportunistic Infections
Diagnosis,abdominal abscess,MeSH,D018784,Abdominal Abscess
Diagnosis,"abortion, septic",MeSH,D000031,"Abortion, Septic"
Diagnosis,abscess,MeSH,D000038,Abscess
Diagnosis,acanthamoeba keratitis,MeSH,D015823,Acanthamoeba Keratitis
Diagnosis,acanthocheilonemiasis,MeSH,D063485,Acanthocheilonemiasis
Diagnosis,acinetobacter infections,MeSH,D000151,Acinetobacter Infections
Diagnosis,acquired immunodeficiency syndrome,MeSH,D000163,Acquired Immunodeficiency Syndrome
Diagnosis,actinobacillosis,MeSH,D000187,Actinobacillosis
Diagnosis,actinobacillus infections,MeSH,D000189,Actinobacillus Infections
Diagnosis,actinomycetales infections,MeSH,D000193,Actinomycetales Infections
Diagnosis,actinomycosis,MeSH,D000196,Actinomycosis
Diagnosis,"actinomycosis, cervicofacial",MeSH,D000197,"Actinomycosis, Cervicofacial"
Diagnosis,acute retroviral syndrome,MeSH,D000071297,Acute Retroviral Syndrome
Diagnosis,adenophorea infections,MeSH,D017188,Adenophorea Infections
Diagnosis,adenoviridae infections,MeSH,D000257,Adenoviridae Infections
Diagnosis,"adenovirus infections, human",MeSH,D000258,"Adenovirus Infections, Human"
Diagnosis,african horse sickness,MeSH,D000355,African Horse Sickness
Diagnosis,african swine fever,MeSH,D000357,African Swine Fever
Diagnosis,aleutian mink disease,MeSH,D000453,Aleutian Mink Disease
Diagnosis,aliivibrio infections,MeSH,D059707,Aliivibrio Infections
Diagnosis,allergic fungal sinusitis,MeSH,D000092562,Allergic Fungal Sinusitis
Diagnosis,alphavirus infections,MeSH,D018354,Alphavirus Infections
Diagnosis,alternariosis,MeSH,D060487,Alternariosis
Diagnosis,amebiasis,MeSH,D000562,Amebiasis
Diagnosis,anaplasmataceae infections,MeSH,D000711,Anaplasmataceae Infections
Diagnosis,anaplasmosis,MeSH,D000712,Anaplasmosis
Diagnosis,ancylostomiasis,MeSH,D000724,Ancylostomiasis
Diagnosis,"aneurysm, infected",MeSH,D000785,"Aneurysm, Infected"
Diagnosis,"angiomatosis, bacillary",MeSH,D016917,"Angiomatosis, Bacillary"
Diagnosis,anisakiasis,MeSH,D017129,Anisakiasis
Diagnosis,anthrax,MeSH,D000881,Anthrax
Diagnosis,appendicitis,MeSH,D001064,Appendicitis
Diagnosis,arbovirus infections,MeSH,D001102,Arbovirus Infections
Diagnosis,arenaviridae infections,MeSH,D001117,Arenaviridae Infections
Diagnosis,arterivirus infections,MeSH,D018174,Arterivirus Infections
Diagnosis,"arthritis, infectious",MeSH,D001170,"Arthritis, Infectious"
Diagnosis,"arthritis, reactive",MeSH,D016918,"Arthritis, Reactive"
Diagnosis,ascariasis,MeSH,D001196,Ascariasis
Diagnosis,ascaridiasis,MeSH,D001198,Ascaridiasis
Diagnosis,ascaridida infections,MeSH,D017191,Ascaridida Infections
Diagnosis,aspergillosis,MeSH,D001228,Aspergillosis
Diagnosis,"aspergillosis, allergic bronchopulmonary",MeSH,D001229,"Aspergillosis, Allergic Bronchopulmonary"
Diagnosis,astroviridae infections,MeSH,D019350,Astroviridae Infections
Diagnosis,asymptomatic infections,MeSH,D058345,Asymptomatic Infections
Diagnosis,avian leukosis,MeSH,D001353,Avian Leukosis
Diagnosis,avulavirus infections,MeSH,D045463,Avulavirus Infections
Diagnosis,babesiosis,MeSH,D001404,Babesiosis
Diagnosis,bacillaceae infections,MeSH,D016863,Bacillaceae Infections
Diagnosis,bacteremia,MeSH,D016470,Bacteremia
Diagnosis,bacterial infections,MeSH,D001424,Bacterial Infections
Diagnosis,bacterial infections and mycoses,MeSH,D001423,Bacterial Infections and Mycoses
Diagnosis,bacterial zoonoses,MeSH,D000086966,Bacterial Zoonoses
Diagnosis,bacteriuria,MeSH,D001437,Bacteriuria
Diagnosis,bacteroidaceae infections,MeSH,D016866,Bacteroidaceae Infections
Diagnosis,bacteroides infections,MeSH,D001442,Bacteroides Infections
Diagnosis,balantidiasis,MeSH,D001447,Balantidiasis
Diagnosis,bartonella infections,MeSH,D001474,Bartonella Infections
Diagnosis,bartonellaceae infections,MeSH,D001476,Bartonellaceae Infections
Diagnosis,bell palsy,MeSH,D020330,Bell Palsy
Diagnosis,bifidobacteriales infections,MeSH,D039941,Bifidobacteriales Infections
Diagnosis,birnaviridae infections,MeSH,D018175,Birnaviridae Infections
Diagnosis,blackwater fever,MeSH,D001742,Blackwater Fever
Diagnosis,blastocystis infections,MeSH,D016776,Blastocystis Infections
Diagnosis,blastomycosis,MeSH,D001759,Blastomycosis
Diagnosis,blood-borne infections,MeSH,D000086982,Blood-Borne Infections
Diagnosis,bluetongue,MeSH,D001819,Bluetongue
Diagnosis,"bone diseases, infectious",MeSH,D001850,"Bone Diseases, Infectious"
Diagnosis,border disease,MeSH,D001882,Border Disease
Diagnosis,bordetella infections,MeSH,D001885,Bordetella Infections
Diagnosis,borna disease,MeSH,D001890,Borna Disease
Diagnosis,borrelia infections,MeSH,D001899,Borrelia Infections
Diagnosis,botulism,MeSH,D001906,Botulism
Diagnosis,boutonneuse fever,MeSH,D001907,Boutonneuse Fever
Diagnosis,bovine respiratory disease complex,MeSH,D048090,Bovine Respiratory Disease Complex
Diagnosis,bovine virus diarrhea-mucosal disease,MeSH,D001912,Bovine Virus Diarrhea-Mucosal Disease
Diagnosis,brain abscess,MeSH,D001922,Brain Abscess
Diagnosis,breakthrough infections,MeSH,D000093742,Breakthrough Infections
Diagnosis,bronchiolitis,MeSH,D001988,Bronchiolitis
Diagnosis,"bronchiolitis, viral",MeSH,D001990,"Bronchiolitis, Viral"
Diagnosis,bronchitis,MeSH,D001991,Bronchitis
Diagnosis,"bronchitis, chronic",MeSH,D029481,"Bronchitis, Chronic"
Diagnosis,bronchopneumonia,MeSH,D001996,Bronchopneumonia
Diagnosis,brucellosis,MeSH,D002006,Brucellosis
Diagnosis,"brucellosis, bovine",MeSH,D002007,"Brucellosis, Bovine"
Diagnosis,bunyaviridae infections,MeSH,D002044,Bunyaviridae Infections
Diagnosis,burkholderia infections,MeSH,D019121,Burkholderia Infections
Diagnosis,burkitt lymphoma,MeSH,D002051,Burkitt Lymphoma
Diagnosis,buruli ulcer,MeSH,D054312,Buruli Ulcer
Diagnosis,buschke-lowenstein tumor,MeSH,D062688,Buschke-Lowenstein Tumor
Diagnosis,covid-19,MeSH,D000086382,COVID-19
Diagnosis,caliciviridae infections,MeSH,D017250,Caliciviridae Infections
Diagnosis,campylobacter infections,MeSH,D002169,Campylobacter Infections
Diagnosis,candidemia,MeSH,D058387,Candidemia
Diagnosis,candidiasis,MeSH,D002177,Candidiasis
Diagnosis,"candidiasis, chronic mucocutaneous",MeSH,D002178,"Candidiasis, Chronic Mucocutaneous"
Diagnosis,"candidiasis, cutaneous",MeSH,D002179,"Candidiasis, Cutaneous"
Diagnosis,"candidiasis, invasive",MeSH,D058365,"Candidiasis, Invasive"
Diagnosis,"candidiasis, oral",MeSH,D002180,"Candidiasis, Oral"
Diagnosis,"candidiasis, vulvovaginal",MeSH,D002181,"Candidiasis, Vulvovaginal"
Diagnosis,carbuncle,MeSH,D002270,Carbuncle
Diagnosis,"carcinoma, merkel cell",MeSH,D015266,"Carcinoma, Merkel Cell"
Diagnosis,cardiovascular infections,MeSH,D053821,Cardiovascular Infections
Diagnosis,cardiovirus infections,MeSH,D018188,Cardiovirus Infections
Diagnosis,cat-scratch disease,MeSH,D002372,Cat-Scratch Disease
Diagnosis,catheter-related infections,MeSH,D055499,Catheter-Related Infections
Diagnosis,cellulitis,MeSH,D002481,Cellulitis
Diagnosis,central nervous system bacterial infections,MeSH,D020806,Central Nervous System Bacterial Infections
Diagnosis,central nervous system fungal infections,MeSH,D020314,Central Nervous System Fungal Infections
Diagnosis,central nervous system helminthiasis,MeSH,D020809,Central Nervous System Helminthiasis
Diagnosis,central nervous system infections,MeSH,D002494,Central Nervous System Infections
Diagnosis,central nervous system parasitic infections,MeSH,D020807,Central Nervous System Parasitic Infections
Diagnosis,central nervous system protozoal infections,MeSH,D020808,Central Nervous System Protozoal Infections
Diagnosis,central nervous system viral diseases,MeSH,D020805,Central Nervous System Viral Diseases
Diagnosis,cerebral phaeohyphomycosis,MeSH,D060425,Cerebral Phaeohyphomycosis
Diagnosis,cerebral ventriculitis,MeSH,D058565,Cerebral Ventriculitis
Diagnosis,cestode infections,MeSH,D002590,Cestode Infections
Diagnosis,chagas cardiomyopathy,MeSH,D002598,Chagas Cardiomyopathy
Diagnosis,chagas disease,MeSH,D014355,Chagas Disease
Diagnosis,chancre,MeSH,D002601,Chancre
Diagnosis,chancroid,MeSH,D002602,Chancroid
Diagnosis,chickenpox,MeSH,D002644,Chickenpox
Diagnosis,chikungunya fever,MeSH,D065632,Chikungunya Fever
Diagnosis,chlamydia infections,MeSH,D002690,Chlamydia Infections
Diagnosis,chlamydiaceae infections,MeSH,D002694,Chlamydiaceae Infections
Diagnosis,chlamydial pneumonia,MeSH,D061387,Chlamydial Pneumonia
Diagnosis,chlamydophila infections,MeSH,D023521,Chlamydophila Infections
Diagnosis,cholera,MeSH,D002771,Cholera
Diagnosis,chromoblastomycosis,MeSH,D002862,Chromoblastomycosis
Diagnosis,ciliophora infections,MeSH,D016770,Ciliophora Infections
Diagnosis,circoviridae infections,MeSH,D018173,Circoviridae Infections
Diagnosis,classical swine fever,MeSH,D006691,Classical Swine Fever
Diagnosis,clonorchiasis,MeSH,D003003,Clonorchiasis
Diagnosis,clostridium infections,MeSH,D003015,Clostridium Infections
Diagnosis,coccidioidal meningitis,MeSH,D000098525,Coccidioidal Meningitis
Diagnosis,coccidioidomycosis,MeSH,D003047,Coccidioidomycosis
Diagnosis,coccidiosis,MeSH,D003048,Coccidiosis
Diagnosis,coinfection,MeSH,D060085,Coinfection
Diagnosis,colorado tick fever,MeSH,D003121,Colorado Tick Fever
Diagnosis,common cold,MeSH,D003139,Common Cold
Diagnosis,communicable diseases,MeSH,D003141,Communicable Diseases
Diagnosis,"communicable diseases, emerging",MeSH,D021821,"Communicable Diseases, Emerging"
Diagnosis,"communicable diseases, imported",MeSH,D000076263,"Communicable Diseases, Imported"
Diagnosis,community-acquired infections,MeSH,D017714,Community-Acquired Infections
Diagnosis,community-acquired pneumonia,MeSH,D000098968,Community-Acquired Pneumonia
Diagnosis,condylomata acuminata,MeSH,D003218,Condylomata Acuminata
Diagnosis,"conjunctivitis, acute hemorrhagic",MeSH,D003232,"Conjunctivitis, Acute Hemorrhagic"
Diagnosis,"conjunctivitis, bacterial",MeSH,D003234,"Conjunctivitis, Bacterial"
Diagnosis,"conjunctivitis, inclusion",MeSH,D003235,"Conjunctivitis, Inclusion"
Diagnosis,"conjunctivitis, viral",MeSH,D003236,"Conjunctivitis, Viral"
Diagnosis,corneal ulcer,MeSH,D003320,Corneal Ulcer
Diagnosis,coronaviridae infections,MeSH,D003333,Coronaviridae Infections
Diagnosis,coronavirus infections,MeSH,D018352,Coronavirus Infections
Diagnosis,corynebacterium infections,MeSH,D003354,Corynebacterium Infections
Diagnosis,cowpox,MeSH,D015605,Cowpox
Diagnosis,coxsackievirus infections,MeSH,D003384,Coxsackievirus Infections
Diagnosis,creutzfeldt-jakob syndrome,MeSH,D007562,Creutzfeldt-Jakob Syndrome
Diagnosis,cross infection,MeSH,D003428,Cross Infection
Diagnosis,cryptococcosis,MeSH,D003453,Cryptococcosis
Diagnosis,cryptosporidiosis,MeSH,D003457,Cryptosporidiosis
Diagnosis,cyclosporiasis,MeSH,D021866,Cyclosporiasis
Diagnosis,cysticercosis,MeSH,D003551,Cysticercosis
Diagnosis,cytomegalovirus infections,MeSH,D003586,Cytomegalovirus Infections
Diagnosis,cytomegalovirus retinitis,MeSH,D017726,Cytomegalovirus Retinitis
Diagnosis,cytophagaceae infections,MeSH,D045827,Cytophagaceae Infections
Diagnosis,dna virus infections,MeSH,D004266,DNA Virus Infections
Diagnosis,deltaretrovirus infections,MeSH,D006800,Deltaretrovirus Infections
Diagnosis,dengue,MeSH,D003715,Dengue
Diagnosis,dermatomycoses,MeSH,D003881,Dermatomycoses
Diagnosis,desulfovibrionaceae infections,MeSH,D045824,Desulfovibrionaceae Infections
Diagnosis,dicrocoeliasis,MeSH,D004011,Dicrocoeliasis
Diagnosis,dictyocaulus infections,MeSH,D004022,Dictyocaulus Infections
Diagnosis,dientamoebiasis,MeSH,D004030,Dientamoebiasis
Diagnosis,digital dermatitis,MeSH,D058066,Digital Dermatitis
Diagnosis,dipetalonema infections,MeSH,D004154,Dipetalonema Infections
Diagnosis,diphtheria,MeSH,D004165,Diphtheria
Diagnosis,diphyllobothriasis,MeSH,D004169,Diphyllobothriasis
Diagnosis,dirofilariasis,MeSH,D004184,Dirofilariasis
Diagnosis,discitis,MeSH,D015299,Discitis
Diagnosis,distemper,MeSH,D004216,Distemper
Diagnosis,dourine,MeSH,D004313,Dourine
Diagnosis,dracunculiasis,MeSH,D004320,Dracunculiasis
Diagnosis,"dysentery, amebic",MeSH,D004404,"Dysentery, Amebic"
Diagnosis,"dysentery, bacillary",MeSH,D004405,"Dysentery, Bacillary"
Diagnosis,echinococcosis,MeSH,D004443,Echinococcosis
Diagnosis,"echinococcosis, hepatic",MeSH,D004444,"Echinococcosis, Hepatic"
Diagnosis,"echinococcosis, pulmonary",MeSH,D004445,"Echinococcosis, Pulmonary"
Diagnosis,echinostomiasis,MeSH,D004451,Echinostomiasis
Diagnosis,echovirus infections,MeSH,D004457,Echovirus Infections
Diagnosis,ecthyma,MeSH,D004473,Ecthyma
Diagnosis,"ecthyma, contagious",MeSH,D004474,"Ecthyma, Contagious"
Diagnosis,ectoparasitic infestations,MeSH,D004478,Ectoparasitic Infestations
Diagnosis,"ectromelia, infectious",MeSH,D004482,"Ectromelia, Infectious"
Diagnosis,ehrlichiosis,MeSH,D016873,Ehrlichiosis
Diagnosis,"elephantiasis, filarial",MeSH,D004605,"Elephantiasis, Filarial"
Diagnosis,empyema,MeSH,D004653,Empyema
Diagnosis,"empyema, pleural",MeSH,D016724,"Empyema, Pleural"
Diagnosis,"empyema, subdural",MeSH,D013354,"Empyema, Subdural"
Diagnosis,"empyema, tuberculous",MeSH,D004654,"Empyema, Tuberculous"
Diagnosis,"encephalitis, arbovirus",MeSH,D004671,"Encephalitis, Arbovirus"
Diagnosis,"encephalitis, california",MeSH,D004670,"Encephalitis, California"
Diagnosis,"encephalitis, herpes simplex",MeSH,D020803,"Encephalitis, Herpes Simplex"
Diagnosis,"encephalitis, japanese",MeSH,D004672,"Encephalitis, Japanese"
Diagnosis,"encephalitis, st. louis",MeSH,D004674,"Encephalitis, St. Louis"
Diagnosis,"encephalitis, tick-borne",MeSH,D004675,"Encephalitis, Tick-Borne"
Diagnosis,"encephalitis, varicella zoster",MeSH,D020804,"Encephalitis, Varicella Zoster"
Diagnosis,"encephalitis, viral",MeSH,D018792,"Encephalitis, Viral"
Diagnosis,encephalitozoonosis,MeSH,D016890,Encephalitozoonosis
Diagnosis,encephalomyelitis,MeSH,D004679,Encephalomyelitis
Diagnosis,"encephalomyelitis, eastern equine",MeSH,D020242,"Encephalomyelitis, Eastern Equine"
Diagnosis,"encephalomyelitis, enzootic porcine",MeSH,D004682,"Encephalomyelitis, Enzootic Porcine"
Diagnosis,"encephalomyelitis, equine",MeSH,D004683,"Encephalomyelitis, Equine"
Diagnosis,"encephalomyelitis, venezuelan equine",MeSH,D004685,"Encephalomyelitis, Venezuelan Equine"
Diagnosis,"encephalomyelitis, western equine",MeSH,D020241,"Encephalomyelitis, Western Equine"
Diagnosis,"encephalopathy, bovine spongiform",MeSH,D016643,"Encephalopathy, Bovine Spongiform"
Diagnosis,"endocarditis, bacterial",MeSH,D004697,"Endocarditis, Bacterial"
Diagnosis,"endocarditis, subacute bacterial",MeSH,D004698,"Endocarditis, Subacute Bacterial"
Diagnosis,endophthalmitis,MeSH,D009877,Endophthalmitis
Diagnosis,endotoxemia,MeSH,D019446,Endotoxemia
Diagnosis,enoplida infections,MeSH,D017189,Enoplida Infections
Diagnosis,entamoebiasis,MeSH,D004749,Entamoebiasis
Diagnosis,"enteritis, transmissible, of turkeys",MeSH,D004753,"Enteritis, Transmissible, of Turkeys"
Diagnosis,enterobacteriaceae infections,MeSH,D004756,Enterobacteriaceae Infections
Diagnosis,enterobiasis,MeSH,D017229,Enterobiasis
Diagnosis,"enterocolitis, pseudomembranous",MeSH,D004761,"Enterocolitis, Pseudomembranous"
Diagnosis,enterotoxemia,MeSH,D004767,Enterotoxemia
Diagnosis,enterovirus infections,MeSH,D004769,Enterovirus Infections
Diagnosis,enzootic bovine leukosis,MeSH,D016583,Enzootic Bovine Leukosis
Diagnosis,ephemeral fever,MeSH,D004810,Ephemeral Fever
Diagnosis,epidermodysplasia verruciformis,MeSH,D004819,Epidermodysplasia Verruciformis
Diagnosis,epidural abscess,MeSH,D020802,Epidural Abscess
Diagnosis,epiglottitis,MeSH,D004826,Epiglottitis
Diagnosis,epstein-barr virus infections,MeSH,D020031,Epstein-Barr Virus Infections
Diagnosis,equine infectious anemia,MeSH,D004859,Equine Infectious Anemia
Diagnosis,erysipelas,MeSH,D004886,Erysipelas
Diagnosis,erysipeloid,MeSH,D004887,Erysipeloid
Diagnosis,erysipelothrix infections,MeSH,D004889,Erysipelothrix Infections
Diagnosis,erythema chronicum migrans,MeSH,D015787,Erythema Chronicum Migrans
Diagnosis,erythema induratum,MeSH,D004891,Erythema Induratum
Diagnosis,erythema infectiosum,MeSH,D016731,Erythema Infectiosum
Diagnosis,erythrasma,MeSH,D004894,Erythrasma
Diagnosis,escherichia coli infections,MeSH,D004927,Escherichia coli Infections
Diagnosis,ethmoid sinusitis,MeSH,D015521,Ethmoid Sinusitis
Diagnosis,euglenozoa infections,MeSH,D056986,Euglenozoa Infections
Diagnosis,exanthema subitum,MeSH,D005077,Exanthema Subitum
Diagnosis,extensively drug-resistant tuberculosis,MeSH,D054908,Extensively Drug-Resistant Tuberculosis
Diagnosis,eye infections,MeSH,D015817,Eye Infections
Diagnosis,"eye infections, bacterial",MeSH,D015818,"Eye Infections, Bacterial"
Diagnosis,"eye infections, fungal",MeSH,D015821,"Eye Infections, Fungal"
Diagnosis,"eye infections, parasitic",MeSH,D015822,"Eye Infections, Parasitic"
Diagnosis,"eye infections, viral",MeSH,D015828,"Eye Infections, Viral"
Diagnosis,fascioliasis,MeSH,D005211,Fascioliasis
Diagnosis,fascioloidiasis,MeSH,D005213,Fascioloidiasis
Diagnosis,feline acquired immunodeficiency syndrome,MeSH,D016181,Feline Acquired Immunodeficiency Syndrome
Diagnosis,feline infectious peritonitis,MeSH,D016766,Feline Infectious Peritonitis
Diagnosis,feline panleukopenia,MeSH,D005254,Feline Panleukopenia
Diagnosis,filariasis,MeSH,D005368,Filariasis
Diagnosis,filoviridae infections,MeSH,D018702,Filoviridae Infections
Diagnosis,flaviviridae infections,MeSH,D018178,Flaviviridae Infections
Diagnosis,flavivirus infections,MeSH,D018177,Flavivirus Infections
Diagnosis,flavobacteriaceae infections,MeSH,D045826,Flavobacteriaceae Infections
Diagnosis,flea infestations,MeSH,D058267,Flea Infestations
Diagnosis,focal infection,MeSH,D005490,Focal Infection
Diagnosis,"focal infection, dental",MeSH,D005491,"Focal Infection, Dental"
Diagnosis,foot rot,MeSH,D005535,Foot Rot
Diagnosis,foot-and-mouth disease,MeSH,D005536,Foot-and-Mouth Disease
Diagnosis,fournier gangrene,MeSH,D018934,Fournier Gangrene
Diagnosis,fowlpox,MeSH,D005586,Fowlpox
Diagnosis,frontal sinusitis,MeSH,D015522,Frontal Sinusitis
Diagnosis,fungemia,MeSH,D016469,Fungemia
Diagnosis,furunculosis,MeSH,D005667,Furunculosis
Diagnosis,fusariosis,MeSH,D060585,Fusariosis
Diagnosis,fusobacteriaceae infections,MeSH,D045825,Fusobacteriaceae Infections
Diagnosis,fusobacterium infections,MeSH,D005674,Fusobacterium Infections
Diagnosis,gas gangrene,MeSH,D005738,Gas Gangrene
Diagnosis,"gastroenteritis, transmissible, of swine",MeSH,D005761,"Gastroenteritis, Transmissible, of Swine"
Diagnosis,geotrichosis,MeSH,D005847,Geotrichosis
Diagnosis,gerstmann-straussler-scheinker disease,MeSH,D016098,Gerstmann-Straussler-Scheinker Disease
Diagnosis,giardiasis,MeSH,D005873,Giardiasis
Diagnosis,gingival pocket,MeSH,D005888,Gingival Pocket
Diagnosis,gingivitis,MeSH,D005891,Gingivitis
Diagnosis,"gingivitis, necrotizing ulcerative",MeSH,D005892,"Gingivitis, Necrotizing Ulcerative"
Diagnosis,glanders,MeSH,D005896,Glanders
Diagnosis,gnathostomiasis,MeSH,D058429,Gnathostomiasis
Diagnosis,gonorrhea,MeSH,D006069,Gonorrhea
Diagnosis,gram-negative bacterial infections,MeSH,D016905,Gram-Negative Bacterial Infections
Diagnosis,gram-positive bacterial infections,MeSH,D016908,Gram-Positive Bacterial Infections
Diagnosis,granuloma inguinale,MeSH,D006100,Granuloma Inguinale
Diagnosis,hiv enteropathy,MeSH,D019053,HIV Enteropathy
Diagnosis,hiv infections,MeSH,D015658,HIV Infections
Diagnosis,hiv seropositivity,MeSH,D006679,HIV Seropositivity
Diagnosis,hiv wasting syndrome,MeSH,D019247,HIV Wasting Syndrome
Diagnosis,hiv-associated lipodystrophy syndrome,MeSH,D039682,HIV-Associated Lipodystrophy Syndrome
Diagnosis,htlv-i infections,MeSH,D015490,HTLV-I Infections
Diagnosis,htlv-ii infections,MeSH,D015491,HTLV-II Infections
Diagnosis,haemonchiasis,MeSH,D006188,Haemonchiasis
Diagnosis,haemophilus infections,MeSH,D006192,Haemophilus Infections
Diagnosis,"hand, foot and mouth disease",MeSH,D006232,"Hand, Foot and Mouth Disease"
Diagnosis,hantavirus infections,MeSH,D018778,Hantavirus Infections
Diagnosis,hantavirus pulmonary syndrome,MeSH,D018804,Hantavirus Pulmonary Syndrome
Diagnosis,healthcare-associated pneumonia,MeSH,D000077299,Healthcare-Associated Pneumonia
Diagnosis,heartwater disease,MeSH,D006357,Heartwater Disease
Diagnosis,helicobacter infections,MeSH,D016481,Helicobacter Infections
Diagnosis,helminthiasis,MeSH,D006373,Helminthiasis
Diagnosis,"helminthiasis, animal",MeSH,D006374,"Helminthiasis, Animal"
Diagnosis,hemorrhagic fever with renal syndrome,MeSH,D006480,Hemorrhagic Fever with Renal Syndrome
Diagnosis,"hemorrhagic fever, american",MeSH,D006478,"Hemorrhagic Fever, American"
Diagnosis,"hemorrhagic fever, crimean",MeSH,D006479,"Hemorrhagic Fever, Crimean"
Diagnosis,"hemorrhagic fever, ebola",MeSH,D019142,"Hemorrhagic Fever, Ebola"
Diagnosis,"hemorrhagic fever, omsk",MeSH,D006481,"Hemorrhagic Fever, Omsk"
Diagnosis,"hemorrhagic fevers, viral",MeSH,D006482,"Hemorrhagic Fevers, Viral"
Diagnosis,hemorrhagic septicemia,MeSH,D006483,Hemorrhagic Septicemia
Diagnosis,"hemorrhagic septicemia, viral",MeSH,D031941,"Hemorrhagic Septicemia, Viral"
Diagnosis,"hemorrhagic syndrome, bovine",MeSH,D030243,"Hemorrhagic Syndrome, Bovine"
Diagnosis,henipavirus infections,MeSH,D045464,Henipavirus Infections
Diagnosis,hepadnaviridae infections,MeSH,D018347,Hepadnaviridae Infections
Diagnosis,hepatitis a,MeSH,D006506,Hepatitis A
Diagnosis,hepatitis b,MeSH,D006509,Hepatitis B
Diagnosis,"hepatitis b, chronic",MeSH,D019694,"Hepatitis B, Chronic"
Diagnosis,hepatitis c,MeSH,D006526,Hepatitis C
Diagnosis,"hepatitis c, chronic",MeSH,D019698,"Hepatitis C, Chronic"
Diagnosis,hepatitis d,MeSH,D003699,Hepatitis D
Diagnosis,"hepatitis d, chronic",MeSH,D019701,"Hepatitis D, Chronic"
Diagnosis,hepatitis e,MeSH,D016751,Hepatitis E
Diagnosis,"hepatitis, animal",MeSH,D006520,"Hepatitis, Animal"
Diagnosis,"hepatitis, infectious canine",MeSH,D006522,"Hepatitis, Infectious Canine"
Diagnosis,"hepatitis, viral, animal",MeSH,D006524,"Hepatitis, Viral, Animal"
Diagnosis,"hepatitis, viral, human",MeSH,D006525,"Hepatitis, Viral, Human"
Diagnosis,herpangina,MeSH,D006557,Herpangina
Diagnosis,herpes genitalis,MeSH,D006558,Herpes Genitalis
Diagnosis,herpes labialis,MeSH,D006560,Herpes Labialis
Diagnosis,herpes simplex,MeSH,D006561,Herpes Simplex
Diagnosis,herpes zoster,MeSH,D006562,Herpes Zoster
Diagnosis,herpes zoster ophthalmicus,MeSH,D006563,Herpes Zoster Ophthalmicus
Diagnosis,herpes zoster oticus,MeSH,D016697,Herpes Zoster Oticus
Diagnosis,herpesviridae infections,MeSH,D006566,Herpesviridae Infections
Diagnosis,hidradenitis suppurativa,MeSH,D017497,Hidradenitis Suppurativa
Diagnosis,histoplasmosis,MeSH,D006660,Histoplasmosis
Diagnosis,hookworm infections,MeSH,D006725,Hookworm Infections
Diagnosis,hordeolum,MeSH,D006726,Hordeolum
Diagnosis,hyalohyphomycosis,MeSH,D060605,Hyalohyphomycosis
Diagnosis,hymenolepiasis,MeSH,D006925,Hymenolepiasis
Diagnosis,hypodermyiasis,MeSH,D007000,Hypodermyiasis
Diagnosis,impetigo,MeSH,D007169,Impetigo
Diagnosis,infections,MeSH,D007239,Infections
Diagnosis,infectious bovine rhinotracheitis,MeSH,D007241,Infectious Bovine Rhinotracheitis
Diagnosis,infectious encephalitis,MeSH,D000069544,Infectious Encephalitis
Diagnosis,infectious mononucleosis,MeSH,D007244,Infectious Mononucleosis
Diagnosis,influenza in birds,MeSH,D005585,Influenza in Birds
Diagnosis,"influenza, human",MeSH,D007251,"Influenza, Human"
Diagnosis,"insomnia, fatal familial",MeSH,D034062,"Insomnia, Fatal Familial"
Diagnosis,"intestinal diseases, parasitic",MeSH,D007411,"Intestinal Diseases, Parasitic"
Diagnosis,intraabdominal infections,MeSH,D059413,Intraabdominal Infections
Diagnosis,invasive fungal infections,MeSH,D000072742,Invasive Fungal Infections
Diagnosis,invasive pulmonary aspergillosis,MeSH,D055744,Invasive Pulmonary Aspergillosis
Diagnosis,isosporiasis,MeSH,D021865,Isosporiasis
Diagnosis,kaposi varicelliform eruption,MeSH,D007617,Kaposi Varicelliform Eruption
Diagnosis,"keratitis, dendritic",MeSH,D007635,"Keratitis, Dendritic"
Diagnosis,"keratitis, herpetic",MeSH,D016849,"Keratitis, Herpetic"
Diagnosis,"keratoconjunctivitis, infectious",MeSH,D007639,"Keratoconjunctivitis, Infectious"
Diagnosis,king's evil,MeSH,D018601,King's Evil
Diagnosis,klebsiella infections,MeSH,D007710,Klebsiella Infections
Diagnosis,kuru,MeSH,D007729,Kuru
Diagnosis,kyasanur forest disease,MeSH,D007733,Kyasanur Forest Disease
Diagnosis,laboratory infection,MeSH,D007757,Laboratory Infection
Diagnosis,larva migrans,MeSH,D007815,Larva Migrans
Diagnosis,"larva migrans, visceral",MeSH,D007816,"Larva Migrans, Visceral"
Diagnosis,laryngitis,MeSH,D007827,Laryngitis
Diagnosis,lassa fever,MeSH,D007835,Lassa Fever
Diagnosis,latent infection,MeSH,D000085343,Latent Infection
Diagnosis,latent tuberculosis,MeSH,D055985,Latent Tuberculosis
Diagnosis,legionellosis,MeSH,D007876,Legionellosis
Diagnosis,legionnaires' disease,MeSH,D007877,Legionnaires' Disease
Diagnosis,leishmaniasis,MeSH,D007896,Leishmaniasis
Diagnosis,"leishmaniasis, cutaneous",MeSH,D016773,"Leishmaniasis, Cutaneous"
Diagnosis,"leishmaniasis, diffuse cutaneous",MeSH,D016774,"Leishmaniasis, Diffuse Cutaneous"
Diagnosis,"leishmaniasis, mucocutaneous",MeSH,D007897,"Leishmaniasis, Mucocutaneous"
Diagnosis,"leishmaniasis, visceral",MeSH,D007898,"Leishmaniasis, Visceral"
Diagnosis,lemierre syndrome,MeSH,D057831,Lemierre Syndrome
Diagnosis,lentivirus infections,MeSH,D016180,Lentivirus Infections
Diagnosis,leprosy,MeSH,D007918,Leprosy
Diagnosis,"leprosy, borderline",MeSH,D015439,"Leprosy, Borderline"
Diagnosis,"leprosy, lepromatous",MeSH,D015440,"Leprosy, Lepromatous"
Diagnosis,"leprosy, multibacillary",MeSH,D056006,"Leprosy, Multibacillary"
Diagnosis,"leprosy, paucibacillary",MeSH,D056005,"Leprosy, Paucibacillary"
Diagnosis,"leprosy, tuberculoid",MeSH,D015441,"Leprosy, Tuberculoid"
Diagnosis,leptospirosis,MeSH,D007922,Leptospirosis
Diagnosis,"leukemia, feline",MeSH,D016582,"Leukemia, Feline"
Diagnosis,"leukoencephalopathy, progressive multifocal",MeSH,D007968,"Leukoencephalopathy, Progressive Multifocal"
Diagnosis,"leukoplakia, hairy",MeSH,D017733,"Leukoplakia, Hairy"
Diagnosis,lice infestations,MeSH,D010373,Lice Infestations
Diagnosis,limbic encephalitis,MeSH,D020363,Limbic Encephalitis
Diagnosis,listeriosis,MeSH,D008088,Listeriosis
Diagnosis,liver abscess,MeSH,D008100,Liver Abscess
Diagnosis,"liver abscess, amebic",MeSH,D008101,"Liver Abscess, Amebic"
Diagnosis,"liver abscess, pyogenic",MeSH,D046290,"Liver Abscess, Pyogenic"
Diagnosis,"liver diseases, parasitic",MeSH,D008109,"Liver Diseases, Parasitic"
Diagnosis,lobomycosis,MeSH,D060368,Lobomycosis
Diagnosis,loiasis,MeSH,D008118,Loiasis
Diagnosis,louping ill,MeSH,D008146,Louping Ill
Diagnosis,ludwig's angina,MeSH,D008158,Ludwig's Angina
Diagnosis,lumpy skin disease,MeSH,D008166,Lumpy Skin Disease
Diagnosis,lung abscess,MeSH,D008169,Lung Abscess
Diagnosis,"lung diseases, fungal",MeSH,D008172,"Lung Diseases, Fungal"
Diagnosis,"lung diseases, parasitic",MeSH,D008174,"Lung Diseases, Parasitic"
Diagnosis,"lupus vasculitis, central nervous system",MeSH,D020945,"Lupus Vasculitis, Central Nervous System"
Diagnosis,lupus vulgaris,MeSH,D008177,Lupus Vulgaris
Diagnosis,lyme disease,MeSH,D008193,Lyme Disease
Diagnosis,lyme neuroborreliosis,MeSH,D020852,Lyme Neuroborreliosis
Diagnosis,lymphocytic choriomeningitis,MeSH,D008216,Lymphocytic Choriomeningitis
Diagnosis,lymphogranuloma venereum,MeSH,D008219,Lymphogranuloma Venereum
Diagnosis,malaria,MeSH,D008288,Malaria
Diagnosis,"malaria, avian",MeSH,D008289,"Malaria, Avian"
Diagnosis,"malaria, cerebral",MeSH,D016779,"Malaria, Cerebral"
Diagnosis,"malaria, falciparum",MeSH,D016778,"Malaria, Falciparum"
Diagnosis,"malaria, vivax",MeSH,D016780,"Malaria, Vivax"
Diagnosis,malignant catarrh,MeSH,D008304,Malignant Catarrh
Diagnosis,mansonelliasis,MeSH,D008368,Mansonelliasis
Diagnosis,marburg virus disease,MeSH,D008379,Marburg Virus Disease
Diagnosis,marek disease,MeSH,D008380,Marek Disease
Diagnosis,mastoiditis,MeSH,D008417,Mastoiditis
Diagnosis,maxillary sinusitis,MeSH,D015523,Maxillary Sinusitis
Diagnosis,measles,MeSH,D008457,Measles
Diagnosis,melioidosis,MeSH,D008554,Melioidosis
Diagnosis,"meningitis, bacterial",MeSH,D016920,"Meningitis, Bacterial"
Diagnosis,"meningitis, cryptococcal",MeSH,D016919,"Meningitis, Cryptococcal"
Diagnosis,"meningitis, escherichia coli",MeSH,D020814,"Meningitis, Escherichia coli"
Diagnosis,"meningitis, fungal",MeSH,D016921,"Meningitis, Fungal"
Diagnosis,"meningitis, haemophilus",MeSH,D008583,"Meningitis, Haemophilus"
Diagnosis,"meningitis, listeria",MeSH,D008584,"Meningitis, Listeria"
Diagnosis,"meningitis, meningococcal",MeSH,D008585,"Meningitis, Meningococcal"
Diagnosis,"meningitis, pneumococcal",MeSH,D008586,"Meningitis, Pneumococcal"
Diagnosis,"meningitis, viral",MeSH,D008587,"Meningitis, Viral"
Diagnosis,meningococcal infections,MeSH,D008589,Meningococcal Infections
Diagnosis,meningoencephalitis,MeSH,D008590,Meningoencephalitis
Diagnosis,mesomycetozoea infections,MeSH,D050738,Mesomycetozoea Infections
Diagnosis,microsporidiosis,MeSH,D016881,Microsporidiosis
Diagnosis,mink viral enteritis,MeSH,D053489,Mink Viral Enteritis
Diagnosis,mite infestations,MeSH,D008924,Mite Infestations
Diagnosis,molluscum contagiosum,MeSH,D008976,Molluscum Contagiosum
Diagnosis,monieziasis,MeSH,D008989,Monieziasis
Diagnosis,mononegavirales infections,MeSH,D018701,Mononegavirales Infections
Diagnosis,moraxellaceae infections,MeSH,D045828,Moraxellaceae Infections
Diagnosis,morbillivirus infections,MeSH,D018185,Morbillivirus Infections
Diagnosis,mosquito-borne diseases,MeSH,D000096724,Mosquito-Borne Diseases
Diagnosis,"mpox, monkeypox",MeSH,D045908,"Mpox, Monkeypox"
Diagnosis,mucormycosis,MeSH,D009091,Mucormycosis
Diagnosis,mumps,MeSH,D009107,Mumps
Diagnosis,murine acquired immunodeficiency syndrome,MeSH,D016183,Murine Acquired Immunodeficiency Syndrome
Diagnosis,mycetoma,MeSH,D008271,Mycetoma
Diagnosis,mycobacterium infections,MeSH,D009164,Mycobacterium Infections
Diagnosis,"mycobacterium infections, nontuberculous",MeSH,D009165,"Mycobacterium Infections, Nontuberculous"
Diagnosis,mycobacterium avium-intracellulare infection,MeSH,D015270,Mycobacterium avium-intracellulare Infection
Diagnosis,mycoplasma infections,MeSH,D009175,Mycoplasma Infections
Diagnosis,mycoplasmatales infections,MeSH,D009180,Mycoplasmatales Infections
Diagnosis,mycoses,MeSH,D009181,Mycoses
Diagnosis,myelitis,MeSH,D009187,Myelitis
Diagnosis,"myelitis, transverse",MeSH,D009188,"Myelitis, Transverse"
Diagnosis,myiasis,MeSH,D009198,Myiasis
Diagnosis,"myxomatosis, infectious",MeSH,D009234,"Myxomatosis, Infectious"
Diagnosis,nairobi sheep disease,MeSH,D009265,Nairobi Sheep Disease
Diagnosis,nasopharyngitis,MeSH,D009304,Nasopharyngitis
Diagnosis,necatoriasis,MeSH,D009332,Necatoriasis
Diagnosis,neisseriaceae infections,MeSH,D016870,Neisseriaceae Infections
Diagnosis,nematode infections,MeSH,D009349,Nematode Infections
Diagnosis,neonatal sepsis,MeSH,D000071074,Neonatal Sepsis
Diagnosis,neuroaspergillosis,MeSH,D020953,Neuroaspergillosis
Diagnosis,neurocysticercosis,MeSH,D020019,Neurocysticercosis
Diagnosis,neuroschistosomiasis,MeSH,D020818,Neuroschistosomiasis
Diagnosis,neurosyphilis,MeSH,D009494,Neurosyphilis
Diagnosis,newcastle disease,MeSH,D009521,Newcastle Disease
Diagnosis,nidovirales infections,MeSH,D030341,Nidovirales Infections
Diagnosis,nocardia infections,MeSH,D009617,Nocardia Infections
Diagnosis,oesophagostomiasis,MeSH,D009814,Oesophagostomiasis
Diagnosis,onchocerciasis,MeSH,D009855,Onchocerciasis
Diagnosis,"onchocerciasis, ocular",MeSH,D015827,"Onchocerciasis, Ocular"
Diagnosis,onychomycosis,MeSH,D014009,Onychomycosis
Diagnosis,ophthalmia neonatorum,MeSH,D009878,Ophthalmia Neonatorum
Diagnosis,opisthorchiasis,MeSH,D009889,Opisthorchiasis
Diagnosis,opportunistic infections,MeSH,D009894,Opportunistic Infections
Diagnosis,orthomyxoviridae infections,MeSH,D009976,Orthomyxoviridae Infections
Diagnosis,osteomyelitis,MeSH,D010019,Osteomyelitis
Diagnosis,ostertagiasis,MeSH,D010029,Ostertagiasis
Diagnosis,"otitis media, suppurative",MeSH,D010035,"Otitis Media, Suppurative"
Diagnosis,otomycosis,MeSH,D059249,Otomycosis
Diagnosis,oxyuriasis,MeSH,D010123,Oxyuriasis
Diagnosis,oxyurida infections,MeSH,D017194,Oxyurida Infections
Diagnosis,panophthalmitis,MeSH,D010202,Panophthalmitis
Diagnosis,papillomavirus infections,MeSH,D030361,Papillomavirus Infections
Diagnosis,paracoccidioidomycosis,MeSH,D010229,Paracoccidioidomycosis
Diagnosis,paragonimiasis,MeSH,D010237,Paragonimiasis
Diagnosis,paramyxoviridae infections,MeSH,D018184,Paramyxoviridae Infections
Diagnosis,"paraparesis, tropical spastic",MeSH,D015493,"Paraparesis, Tropical Spastic"
Diagnosis,parasitemia,MeSH,D018512,Parasitemia
Diagnosis,parasitic diseases,MeSH,D010272,Parasitic Diseases
Diagnosis,"parasitic diseases, animal",MeSH,D010273,"Parasitic Diseases, Animal"
Diagnosis,paratuberculosis,MeSH,D010283,Paratuberculosis
Diagnosis,paratyphoid fever,MeSH,D010284,Paratyphoid Fever
Diagnosis,paronychia,MeSH,D010304,Paronychia
Diagnosis,parvoviridae infections,MeSH,D010322,Parvoviridae Infections
Diagnosis,pasteurella infections,MeSH,D010326,Pasteurella Infections
Diagnosis,pasteurellaceae infections,MeSH,D016871,Pasteurellaceae Infections
Diagnosis,"pasteurellosis, pneumonic",MeSH,D012766,"Pasteurellosis, Pneumonic"
Diagnosis,pelvic infection,MeSH,D034161,Pelvic Infection
Diagnosis,pelvic inflammatory disease,MeSH,D000292,Pelvic Inflammatory Disease
Diagnosis,periapical abscess,MeSH,D010482,Periapical Abscess
Diagnosis,"pericarditis, tuberculous",MeSH,D010495,"Pericarditis, Tuberculous"
Diagnosis,perimeningeal infections,MeSH,D020819,Perimeningeal Infections
Diagnosis,periodontal abscess,MeSH,D010508,Periodontal Abscess
Diagnosis,periostitis,MeSH,D010522,Periostitis
Diagnosis,peritonitis,MeSH,D010538,Peritonitis
Diagnosis,"peritonitis, tuberculous",MeSH,D014395,"Peritonitis, Tuberculous"
Diagnosis,peritonsillar abscess,MeSH,D000039,Peritonsillar Abscess
Diagnosis,persistent infection,MeSH,D000088562,Persistent Infection
Diagnosis,peste-des-petits-ruminants,MeSH,D029021,Peste-des-Petits-Ruminants
Diagnosis,pestivirus infections,MeSH,D018182,Pestivirus Infections
Diagnosis,petrositis,MeSH,D059270,Petrositis
Diagnosis,phaeohyphomycosis,MeSH,D060446,Phaeohyphomycosis
Diagnosis,pharyngitis,MeSH,D010612,Pharyngitis
Diagnosis,phlebotomus fever,MeSH,D010217,Phlebotomus Fever
Diagnosis,picornaviridae infections,MeSH,D010850,Picornaviridae Infections
Diagnosis,piedra,MeSH,D010854,Piedra
Diagnosis,pinta,MeSH,D010874,Pinta
Diagnosis,piscirickettsiaceae infections,MeSH,D044225,Piscirickettsiaceae Infections
Diagnosis,plague,MeSH,D010930,Plague
Diagnosis,pleurisy,MeSH,D010998,Pleurisy
Diagnosis,"pleurodynia, epidemic",MeSH,D011000,"Pleurodynia, Epidemic"
Diagnosis,pleuropneumonia,MeSH,D011001,Pleuropneumonia
Diagnosis,"pleuropneumonia, contagious",MeSH,D011002,"Pleuropneumonia, Contagious"
Diagnosis,pneumococcal infections,MeSH,D011008,Pneumococcal Infections
Diagnosis,pneumocystis infections,MeSH,D016720,Pneumocystis Infections
Diagnosis,pneumonia,MeSH,D011014,Pneumonia
Diagnosis,"pneumonia of calves, enzootic",MeSH,D048089,"Pneumonia of Calves, Enzootic"
Diagnosis,"pneumonia of swine, mycoplasmal",MeSH,D045729,"Pneumonia of Swine, Mycoplasmal"
Diagnosis,"pneumonia, aspiration",MeSH,D011015,"Pneumonia, Aspiration"
Diagnosis,"pneumonia, bacterial",MeSH,D018410,"Pneumonia, Bacterial"
Diagnosis,"pneumonia, lipid",MeSH,D011017,"Pneumonia, Lipid"
Diagnosis,"pneumonia, mycoplasma",MeSH,D011019,"Pneumonia, Mycoplasma"
Diagnosis,"pneumonia, necrotizing",MeSH,D000071067,"Pneumonia, Necrotizing"
Diagnosis,"pneumonia, pneumococcal",MeSH,D011018,"Pneumonia, Pneumococcal"
Diagnosis,"pneumonia, pneumocystis",MeSH,D011020,"Pneumonia, Pneumocystis"
Diagnosis,"pneumonia, progressive interstitial, of sheep",MeSH,D011021,"Pneumonia, Progressive Interstitial, of Sheep"
Diagnosis,"pneumonia, rickettsial",MeSH,D011022,"Pneumonia, Rickettsial"
Diagnosis,"pneumonia, staphylococcal",MeSH,D011023,"Pneumonia, Staphylococcal"
Diagnosis,"pneumonia, ventilator-associated",MeSH,D053717,"Pneumonia, Ventilator-Associated"
Diagnosis,"pneumonia, viral",MeSH,D011024,"Pneumonia, Viral"
Diagnosis,pneumovirus infections,MeSH,D018186,Pneumovirus Infections
Diagnosis,poliomyelitis,MeSH,D011051,Poliomyelitis
Diagnosis,"poliomyelitis, bulbar",MeSH,D011052,"Poliomyelitis, Bulbar"
Diagnosis,polyomavirus infections,MeSH,D027601,Polyomavirus Infections
Diagnosis,porcine postweaning multisystemic wasting syndrome,MeSH,D053570,Porcine Postweaning Multisystemic Wasting Syndrome
Diagnosis,porcine reproductive and respiratory syndrome,MeSH,D019318,Porcine Reproductive and Respiratory Syndrome
Diagnosis,post-acute covid-19 syndrome,MeSH,D000094024,Post-Acute COVID-19 Syndrome
Diagnosis,post-lyme disease syndrome,MeSH,D000077342,Post-Lyme Disease Syndrome
Diagnosis,postpoliomyelitis syndrome,MeSH,D016262,Postpoliomyelitis Syndrome
Diagnosis,pott puffy tumor,MeSH,D059369,Pott Puffy Tumor
Diagnosis,poult enteritis mortality syndrome,MeSH,D031261,Poult Enteritis Mortality Syndrome
Diagnosis,poxviridae infections,MeSH,D011213,Poxviridae Infections
Diagnosis,"pregnancy complications, infectious",MeSH,D011251,"Pregnancy Complications, Infectious"
Diagnosis,"pregnancy complications, parasitic",MeSH,D015597,"Pregnancy Complications, Parasitic"
Diagnosis,prion diseases,MeSH,D017096,Prion Diseases
Diagnosis,prosthesis-related infections,MeSH,D016459,Prosthesis-Related Infections
Diagnosis,proteus infections,MeSH,D011512,Proteus Infections
Diagnosis,protozoan infections,MeSH,D011528,Protozoan Infections
Diagnosis,"protozoan infections, animal",MeSH,D011529,"Protozoan Infections, Animal"
Diagnosis,pseudomonas infections,MeSH,D011552,Pseudomonas Infections
Diagnosis,pseudorabies,MeSH,D011557,Pseudorabies
Diagnosis,psittacosis,MeSH,D009956,Psittacosis
Diagnosis,psoas abscess,MeSH,D016659,Psoas Abscess
Diagnosis,puerperal infection,MeSH,D011645,Puerperal Infection
Diagnosis,"pulmonary adenomatosis, ovine",MeSH,D011648,"Pulmonary Adenomatosis, Ovine"
Diagnosis,pulmonary aspergillosis,MeSH,D055732,Pulmonary Aspergillosis
Diagnosis,pyomyositis,MeSH,D052880,Pyomyositis
Diagnosis,pythiosis,MeSH,D058968,Pythiosis
Diagnosis,pyuria,MeSH,D011776,Pyuria
Diagnosis,q fever,MeSH,D011778,Q Fever
Diagnosis,rna virus infections,MeSH,D012327,RNA Virus Infections
Diagnosis,rabies,MeSH,D011818,Rabies
Diagnosis,rat-bite fever,MeSH,D011906,Rat-Bite Fever
Diagnosis,relapsing fever,MeSH,D012061,Relapsing Fever
Diagnosis,reoviridae infections,MeSH,D012088,Reoviridae Infections
Diagnosis,reproductive tract infections,MeSH,D060737,Reproductive Tract Infections
Diagnosis,respiratory syncytial virus infections,MeSH,D018357,Respiratory Syncytial Virus Infections
Diagnosis,respiratory tract infections,MeSH,D012141,Respiratory Tract Infections
Diagnosis,respirovirus infections,MeSH,D010253,Respirovirus Infections
Diagnosis,"reticuloendotheliosis, avian",MeSH,D055761,"Reticuloendotheliosis, Avian"
Diagnosis,retropharyngeal abscess,MeSH,D017703,Retropharyngeal Abscess
Diagnosis,retroviridae infections,MeSH,D012192,Retroviridae Infections
Diagnosis,rhabditida infections,MeSH,D017196,Rhabditida Infections
Diagnosis,rhabdoviridae infections,MeSH,D018353,Rhabdoviridae Infections
Diagnosis,rheumatic fever,MeSH,D012213,Rheumatic Fever
Diagnosis,rheumatic heart disease,MeSH,D012214,Rheumatic Heart Disease
Diagnosis,rhinitis,MeSH,D012220,Rhinitis
Diagnosis,rhinoscleroma,MeSH,D012226,Rhinoscleroma
Diagnosis,rhinosinusitis,MeSH,D000096825,Rhinosinusitis
Diagnosis,rhinosporidiosis,MeSH,D012227,Rhinosporidiosis
Diagnosis,rickettsia infections,MeSH,D012282,Rickettsia Infections
Diagnosis,rickettsiaceae infections,MeSH,D012288,Rickettsiaceae Infections
Diagnosis,rift valley fever,MeSH,D012295,Rift Valley Fever
Diagnosis,rinderpest,MeSH,D012301,Rinderpest
Diagnosis,rocky mountain spotted fever,MeSH,D012373,Rocky Mountain Spotted Fever
Diagnosis,roseolovirus infections,MeSH,D019349,Roseolovirus Infections
Diagnosis,ross river virus infection,MeSH,D000096745,Ross River Virus Infection
Diagnosis,rotavirus infections,MeSH,D012400,Rotavirus Infections
Diagnosis,rubella,MeSH,D012409,Rubella
Diagnosis,"rubella syndrome, congenital",MeSH,D012410,"Rubella Syndrome, Congenital"
Diagnosis,rubivirus infections,MeSH,D018355,Rubivirus Infections
Diagnosis,rubulavirus infections,MeSH,D019351,Rubulavirus Infections
Diagnosis,salmonella food poisoning,MeSH,D012478,Salmonella Food Poisoning
Diagnosis,salmonella infections,MeSH,D012480,Salmonella Infections
Diagnosis,"salmonella infections, animal",MeSH,D012481,"Salmonella Infections, Animal"
Diagnosis,sarcocystosis,MeSH,D012523,Sarcocystosis
Diagnosis,"sarcoma, avian",MeSH,D001357,"Sarcoma, Avian"
Diagnosis,"sarcoma, kaposi",MeSH,D012514,"Sarcoma, Kaposi"
Diagnosis,scabies,MeSH,D012532,Scabies
Diagnosis,scarlet fever,MeSH,D012541,Scarlet Fever
Diagnosis,schistosomiasis,MeSH,D012552,Schistosomiasis
Diagnosis,schistosomiasis haematobia,MeSH,D012553,Schistosomiasis haematobia
Diagnosis,schistosomiasis japonica,MeSH,D012554,Schistosomiasis japonica
Diagnosis,schistosomiasis mansoni,MeSH,D012555,Schistosomiasis mansoni
Diagnosis,scrapie,MeSH,D012608,Scrapie
Diagnosis,screw worm infection,MeSH,D012610,Screw Worm Infection
Diagnosis,scrub typhus,MeSH,D012612,Scrub Typhus
Diagnosis,secernentea infections,MeSH,D017190,Secernentea Infections
Diagnosis,sepsis,MeSH,D018805,Sepsis
Diagnosis,serratia infections,MeSH,D016868,Serratia Infections
Diagnosis,setariasis,MeSH,D012719,Setariasis
Diagnosis,severe acute respiratory syndrome,MeSH,D045169,Severe Acute Respiratory Syndrome
Diagnosis,severe dengue,MeSH,D019595,Severe Dengue
Diagnosis,severe fever with thrombocytopenia syndrome,MeSH,D000085142,Severe Fever with Thrombocytopenia Syndrome
Diagnosis,sexually transmitted diseases,MeSH,D012749,Sexually Transmitted Diseases
Diagnosis,"sexually transmitted diseases, bacterial",MeSH,D015231,"Sexually Transmitted Diseases, Bacterial"
Diagnosis,"sexually transmitted diseases, viral",MeSH,D015229,"Sexually Transmitted Diseases, Viral"
Diagnosis,"shock, septic",MeSH,D012772,"Shock, Septic"
Diagnosis,silicotuberculosis,MeSH,D012830,Silicotuberculosis
Diagnosis,simian acquired immunodeficiency syndrome,MeSH,D016097,Simian Acquired Immunodeficiency Syndrome
Diagnosis,sinusitis,MeSH,D012852,Sinusitis
Diagnosis,"skin diseases, bacterial",MeSH,D017192,"Skin Diseases, Bacterial"
Diagnosis,"skin diseases, infectious",MeSH,D012874,"Skin Diseases, Infectious"
Diagnosis,"skin diseases, parasitic",MeSH,D012876,"Skin Diseases, Parasitic"
Diagnosis,"skin diseases, viral",MeSH,D017193,"Skin Diseases, Viral"
Diagnosis,slow virus diseases,MeSH,D012897,Slow Virus Diseases
Diagnosis,smallpox,MeSH,D012899,Smallpox
Diagnosis,soft tissue infections,MeSH,D018461,Soft Tissue Infections
Diagnosis,sparganosis,MeSH,D013031,Sparganosis
Diagnosis,sphenoid sinusitis,MeSH,D015524,Sphenoid Sinusitis
Diagnosis,spirochaetales infections,MeSH,D013145,Spirochaetales Infections
Diagnosis,spirurida infections,MeSH,D017205,Spirurida Infections
Diagnosis,spondylitis,MeSH,D013166,Spondylitis
Diagnosis,sporotrichosis,MeSH,D013174,Sporotrichosis
Diagnosis,spotted fever group rickettsiosis,MeSH,D000073605,Spotted Fever Group Rickettsiosis
Diagnosis,staphylococcal food poisoning,MeSH,D013202,Staphylococcal Food Poisoning
Diagnosis,staphylococcal infections,MeSH,D013203,Staphylococcal Infections
Diagnosis,staphylococcal scalded skin syndrome,MeSH,D013206,Staphylococcal Scalded Skin Syndrome
Diagnosis,staphylococcal skin infections,MeSH,D013207,Staphylococcal Skin Infections
Diagnosis,"stomatitis, herpetic",MeSH,D013283,"Stomatitis, Herpetic"
Diagnosis,streptococcal infections,MeSH,D013290,Streptococcal Infections
Diagnosis,"strongyle infections, equine",MeSH,D013319,"Strongyle Infections, Equine"
Diagnosis,strongylida infections,MeSH,D017206,Strongylida Infections
Diagnosis,strongyloidiasis,MeSH,D013322,Strongyloidiasis
Diagnosis,subacute sclerosing panencephalitis,MeSH,D013344,Subacute Sclerosing Panencephalitis
Diagnosis,subdural effusion,MeSH,D013353,Subdural Effusion
Diagnosis,subphrenic abscess,MeSH,D013369,Subphrenic Abscess
Diagnosis,superinfection,MeSH,D015163,Superinfection
Diagnosis,suppuration,MeSH,D013492,Suppuration
Diagnosis,supraglottitis,MeSH,D059525,Supraglottitis
Diagnosis,surgical wound infection,MeSH,D013530,Surgical Wound Infection
Diagnosis,swine erysipelas,MeSH,D013554,Swine Erysipelas
Diagnosis,swine vesicular disease,MeSH,D013555,Swine Vesicular Disease
Diagnosis,syphilis,MeSH,D013587,Syphilis
Diagnosis,"syphilis, cardiovascular",MeSH,D013589,"Syphilis, Cardiovascular"
Diagnosis,"syphilis, congenital",MeSH,D013590,"Syphilis, Congenital"
Diagnosis,"syphilis, cutaneous",MeSH,D013591,"Syphilis, Cutaneous"
Diagnosis,"syphilis, latent",MeSH,D013592,"Syphilis, Latent"
Diagnosis,tabes dorsalis,MeSH,D013606,Tabes Dorsalis
Diagnosis,taeniasis,MeSH,D013622,Taeniasis
Diagnosis,tetanus,MeSH,D013742,Tetanus
Diagnosis,theileriasis,MeSH,D013801,Theileriasis
Diagnosis,"thyroiditis, suppurative",MeSH,D013969,"Thyroiditis, Suppurative"
Diagnosis,tick infestations,MeSH,D013984,Tick Infestations
Diagnosis,tick-borne diseases,MeSH,D017282,Tick-Borne Diseases
Diagnosis,tinea,MeSH,D014005,Tinea
Diagnosis,tinea capitis,MeSH,D014006,Tinea Capitis
Diagnosis,tinea cruris,MeSH,D000084002,Tinea Cruris
Diagnosis,tinea favosa,MeSH,D014007,Tinea Favosa
Diagnosis,tinea pedis,MeSH,D014008,Tinea Pedis
Diagnosis,tinea versicolor,MeSH,D014010,Tinea Versicolor
Diagnosis,togaviridae infections,MeSH,D014036,Togaviridae Infections
Diagnosis,tonsillitis,MeSH,D014069,Tonsillitis
Diagnosis,torovirus infections,MeSH,D018176,Torovirus Infections
Diagnosis,toxascariasis,MeSH,D017227,Toxascariasis
Diagnosis,toxemia,MeSH,D014115,Toxemia
Diagnosis,toxocariasis,MeSH,D014120,Toxocariasis
Diagnosis,toxoplasmosis,MeSH,D014123,Toxoplasmosis
Diagnosis,"toxoplasmosis, animal",MeSH,D014124,"Toxoplasmosis, Animal"
Diagnosis,"toxoplasmosis, cerebral",MeSH,D016781,"Toxoplasmosis, Cerebral"
Diagnosis,"toxoplasmosis, congenital",MeSH,D014125,"Toxoplasmosis, Congenital"
Diagnosis,"toxoplasmosis, ocular",MeSH,D014126,"Toxoplasmosis, Ocular"
Diagnosis,tracheitis,MeSH,D014136,Tracheitis
Diagnosis,trachoma,MeSH,D014141,Trachoma
Diagnosis,trematode infections,MeSH,D014201,Trematode Infections
Diagnosis,trench fever,MeSH,D014205,Trench Fever
Diagnosis,treponemal infections,MeSH,D014211,Treponemal Infections
Diagnosis,trichinellosis,MeSH,D014235,Trichinellosis
Diagnosis,trichomonas infections,MeSH,D014245,Trichomonas Infections
Diagnosis,trichomonas vaginitis,MeSH,D014247,Trichomonas Vaginitis
Diagnosis,trichosporonosis,MeSH,D060586,Trichosporonosis
Diagnosis,trichostrongyloidiasis,MeSH,D014252,Trichostrongyloidiasis
Diagnosis,trichostrongylosis,MeSH,D014253,Trichostrongylosis
Diagnosis,trichuriasis,MeSH,D014257,Trichuriasis
Diagnosis,trombiculiasis,MeSH,D014323,Trombiculiasis
Diagnosis,trypanosomiasis,MeSH,D014352,Trypanosomiasis
Diagnosis,"trypanosomiasis, african",MeSH,D014353,"Trypanosomiasis, African"
Diagnosis,"trypanosomiasis, bovine",MeSH,D014354,"Trypanosomiasis, Bovine"
Diagnosis,tuberculoma,MeSH,D014375,Tuberculoma
Diagnosis,"tuberculoma, intracranial",MeSH,D016862,"Tuberculoma, Intracranial"
Diagnosis,tuberculosis,MeSH,D014376,Tuberculosis
Diagnosis,tuberculosis disease,MeSH,D000099298,Tuberculosis Disease
Diagnosis,"tuberculosis, avian",MeSH,D014379,"Tuberculosis, Avian"
Diagnosis,"tuberculosis, bovine",MeSH,D014380,"Tuberculosis, Bovine"
Diagnosis,"tuberculosis, cardiovascular",MeSH,D014381,"Tuberculosis, Cardiovascular"
Diagnosis,"tuberculosis, central nervous system",MeSH,D020306,"Tuberculosis, Central Nervous System"
Diagnosis,"tuberculosis, cutaneous",MeSH,D014382,"Tuberculosis, Cutaneous"
Diagnosis,"tuberculosis, endocrine",MeSH,D014383,"Tuberculosis, Endocrine"
Diagnosis,"tuberculosis, extrapulmonary",MeSH,D000092225,"Tuberculosis, Extrapulmonary"
Diagnosis,"tuberculosis, female genital",MeSH,D014384,"Tuberculosis, Female Genital"
Diagnosis,"tuberculosis, gastrointestinal",MeSH,D014385,"Tuberculosis, Gastrointestinal"
Diagnosis,"tuberculosis, hepatic",MeSH,D014386,"Tuberculosis, Hepatic"
Diagnosis,"tuberculosis, laryngeal",MeSH,D014387,"Tuberculosis, Laryngeal"
Diagnosis,"tuberculosis, lymph node",MeSH,D014388,"Tuberculosis, Lymph Node"
Diagnosis,"tuberculosis, male genital",MeSH,D014389,"Tuberculosis, Male Genital"
Diagnosis,"tuberculosis, meningeal",MeSH,D014390,"Tuberculosis, Meningeal"
Diagnosis,"tuberculosis, miliary",MeSH,D014391,"Tuberculosis, Miliary"
Diagnosis,"tuberculosis, multidrug-resistant",MeSH,D018088,"Tuberculosis, Multidrug-Resistant"
Diagnosis,"tuberculosis, ocular",MeSH,D014392,"Tuberculosis, Ocular"
Diagnosis,"tuberculosis, oral",MeSH,D014393,"Tuberculosis, Oral"
Diagnosis,"tuberculosis, osteoarticular",MeSH,D014394,"Tuberculosis, Osteoarticular"
Diagnosis,"tuberculosis, pleural",MeSH,D014396,"Tuberculosis, Pleural"
Diagnosis,"tuberculosis, pulmonary",MeSH,D014397,"Tuberculosis, Pulmonary"
Diagnosis,"tuberculosis, renal",MeSH,D014398,"Tuberculosis, Renal"
Diagnosis,"tuberculosis, spinal",MeSH,D014399,"Tuberculosis, Spinal"
Diagnosis,"tuberculosis, splenic",MeSH,D014400,"Tuberculosis, Splenic"
Diagnosis,"tuberculosis, urogenital",MeSH,D014401,"Tuberculosis, Urogenital"
Diagnosis,tularemia,MeSH,D014406,Tularemia
Diagnosis,tumor virus infections,MeSH,D014412,Tumor Virus Infections
Diagnosis,tungiasis,MeSH,D058285,Tungiasis
Diagnosis,typhlitis,MeSH,D053706,Typhlitis
Diagnosis,typhoid fever,MeSH,D014435,Typhoid Fever
Diagnosis,"typhus, endemic flea-borne",MeSH,D014437,"Typhus, Endemic Flea-Borne"
Diagnosis,"typhus, epidemic louse-borne",MeSH,D014438,"Typhus, Epidemic Louse-Borne"
Diagnosis,ureaplasma infections,MeSH,D016869,Ureaplasma Infections
Diagnosis,urinary tract infections,MeSH,D014552,Urinary Tract Infections
Diagnosis,"uveitis, suppurative",MeSH,D015829,"Uveitis, Suppurative"
Diagnosis,vaccine-preventable diseases,MeSH,D000079263,Vaccine-Preventable Diseases
Diagnosis,vaccinia,MeSH,D014615,Vaccinia
Diagnosis,"vaginosis, bacterial",MeSH,D016585,"Vaginosis, Bacterial"
Diagnosis,varicella zoster virus infection,MeSH,D000073618,Varicella Zoster Virus Infection
Diagnosis,vector borne diseases,MeSH,D000079426,Vector Borne Diseases
Diagnosis,vesicular exanthema of swine,MeSH,D014720,Vesicular Exanthema of Swine
Diagnosis,vesicular stomatitis,MeSH,D054243,Vesicular Stomatitis
Diagnosis,vibrio infections,MeSH,D014735,Vibrio Infections
Diagnosis,viral zoonoses,MeSH,D000086965,Viral Zoonoses
Diagnosis,viremia,MeSH,D014766,Viremia
Diagnosis,virus diseases,MeSH,D014777,Virus Diseases
Diagnosis,visna,MeSH,D016182,Visna
Diagnosis,warts,MeSH,D014860,Warts
Diagnosis,"wasting disease, chronic",MeSH,D034081,"Wasting Disease, Chronic"
Diagnosis,waterborne diseases,MeSH,D000069578,Waterborne Diseases
Diagnosis,waterhouse-friderichsen syndrome,MeSH,D014884,Waterhouse-Friderichsen Syndrome
Diagnosis,weil disease,MeSH,D014895,Weil Disease
Diagnosis,west nile fever,MeSH,D014901,West Nile Fever
Diagnosis,whipple disease,MeSH,D008061,Whipple Disease
Diagnosis,whooping cough,MeSH,D014917,Whooping Cough
Diagnosis,wound infection,MeSH,D014946,Wound Infection
Diagnosis,yaws,MeSH,D015001,Yaws
Diagnosis,yellow fever,MeSH,D015004,Yellow Fever
Diagnosis,yersinia infections,MeSH,D015009,Yersinia Infections
Diagnosis,yersinia pseudotuberculosis infections,MeSH,D015012,Yersinia pseudotuberculosis Infections
Diagnosis,zika virus infection,MeSH,D000071243,Zika Virus Infection
Diagnosis,zoonoses,MeSH,D015047,Zoonoses
Diagnosis,zoster sine herpete,MeSH,D031368,Zoster Sine Herpete
Diagnosis,zygomycosis,MeSH,D020096,Zygomycosis
Diagnosis,"acth syndrome, ectopic",MeSH,D000182,"ACTH Syndrome, Ectopic"
Diagnosis,acth-secreting pituitary adenoma,MeSH,D049913,ACTH-Secreting Pituitary Adenoma
Diagnosis,abdominal neoplasms,MeSH,D000008,Abdominal Neoplasms
Diagnosis,aberrant crypt foci,MeSH,D058739,Aberrant Crypt Foci
Diagnosis,acanthoma,MeSH,D049309,Acanthoma
Diagnosis,acrospiroma,MeSH,D018250,Acrospiroma
Diagnosis,adamantinoma,MeSH,D050398,Adamantinoma
Diagnosis,adenocarcinoma,MeSH,D000230,Adenocarcinoma
Diagnosis,adenocarcinoma in situ,MeSH,D065311,Adenocarcinoma in Situ
Diagnosis,adenocarcinoma of lung,MeSH,D000077192,Adenocarcinoma of Lung
Diagnosis,"adenocarcinoma, bronchiolo-alveolar",MeSH,D002282,"Adenocarcinoma, Bronchiolo-Alveolar"
Diagnosis,"adenocarcinoma, clear cell",MeSH,D018262,"Adenocarcinoma, Clear Cell"
Diagnosis,"adenocarcinoma, follicular",MeSH,D018263,"Adenocarcinoma, Follicular"
Diagnosis,"adenocarcinoma, mucinous",MeSH,D002288,"Adenocarcinoma, Mucinous"
Diagnosis,"adenocarcinoma, papillary",MeSH,D000231,"Adenocarcinoma, Papillary"
Diagnosis,"adenocarcinoma, scirrhous",MeSH,D002293,"Adenocarcinoma, Scirrhous"
Diagnosis,"adenocarcinoma, sebaceous",MeSH,D018266,"Adenocarcinoma, Sebaceous"
Diagnosis,adenofibroma,MeSH,D000232,Adenofibroma
Diagnosis,adenolymphoma,MeSH,D000235,Adenolymphoma
Diagnosis,adenoma,MeSH,D000236,Adenoma
Diagnosis,"adenoma, acidophil",MeSH,D000239,"Adenoma, Acidophil"
Diagnosis,"adenoma, basophil",MeSH,D000237,"Adenoma, Basophil"
Diagnosis,"adenoma, bile duct",MeSH,D002759,"Adenoma, Bile Duct"
Diagnosis,"adenoma, chromophobe",MeSH,D000238,"Adenoma, Chromophobe"
Diagnosis,"adenoma, islet cell",MeSH,D007516,"Adenoma, Islet Cell"
Diagnosis,"adenoma, liver cell",MeSH,D018248,"Adenoma, Liver Cell"
Diagnosis,"adenoma, oxyphilic",MeSH,D018249,"Adenoma, Oxyphilic"
Diagnosis,"adenoma, pleomorphic",MeSH,D008949,"Adenoma, Pleomorphic"
Diagnosis,"adenoma, sweat gland",MeSH,D006607,"Adenoma, Sweat Gland"
Diagnosis,"adenoma, villous",MeSH,D018253,"Adenoma, Villous"
Diagnosis,adenomatoid tumor,MeSH,D018254,Adenomatoid Tumor
Diagnosis,"adenomatosis, pulmonary",MeSH,D018255,"Adenomatosis, Pulmonary"
Diagnosis,adenomatous polyposis coli,MeSH,D011125,Adenomatous Polyposis Coli
Diagnosis,adenomatous polyps,MeSH,D018256,Adenomatous Polyps
Diagnosis,adenomyoepithelioma,MeSH,D055331,Adenomyoepithelioma
Diagnosis,adenomyoma,MeSH,D018194,Adenomyoma
Diagnosis,adenosarcoma,MeSH,D018195,Adenosarcoma
Diagnosis,adrenal cortex neoplasms,MeSH,D000306,Adrenal Cortex Neoplasms
Diagnosis,adrenal gland neoplasms,MeSH,D000310,Adrenal Gland Neoplasms
Diagnosis,adrenal rest tumor,MeSH,D000314,Adrenal Rest Tumor
Diagnosis,adrenocortical adenoma,MeSH,D018246,Adrenocortical Adenoma
Diagnosis,adrenocortical carcinoma,MeSH,D018268,Adrenocortical Carcinoma
Diagnosis,ameloblastoma,MeSH,D000564,Ameloblastoma
Diagnosis,anal gland neoplasms,MeSH,D000694,Anal Gland Neoplasms
Diagnosis,anaplasia,MeSH,D000708,Anaplasia
Diagnosis,angiofibroma,MeSH,D018322,Angiofibroma
Diagnosis,angiokeratoma,MeSH,D000794,Angiokeratoma
Diagnosis,angiolipoma,MeSH,D018206,Angiolipoma
Diagnosis,angiomyolipoma,MeSH,D018207,Angiomyolipoma
Diagnosis,angiomyoma,MeSH,D018229,Angiomyoma
Diagnosis,anti-n-methyl-d-aspartate receptor encephalitis,MeSH,D060426,Anti-N-Methyl-D-Aspartate Receptor Encephalitis
Diagnosis,anus neoplasms,MeSH,D001005,Anus Neoplasms
Diagnosis,appendiceal neoplasms,MeSH,D001063,Appendiceal Neoplasms
Diagnosis,apudoma,MeSH,D001079,Apudoma
Diagnosis,arachnoid cysts,MeSH,D016080,Arachnoid Cysts
Diagnosis,astrocytoma,MeSH,D001254,Astrocytoma
Diagnosis,atypical squamous cells of the cervix,MeSH,D065309,Atypical Squamous Cells of the Cervix
Diagnosis,barrett esophagus,MeSH,D001471,Barrett Esophagus
Diagnosis,basal cell carcinoma,MeSH,D002280,Basal Cell Carcinoma
Diagnosis,basal cell nevus syndrome,MeSH,D001478,Basal Cell Nevus Syndrome
Diagnosis,bile duct neoplasms,MeSH,D001650,Bile Duct Neoplasms
Diagnosis,biliary tract neoplasms,MeSH,D001661,Biliary Tract Neoplasms
Diagnosis,birt-hogg-dube syndrome,MeSH,D058249,Birt-Hogg-Dube Syndrome
Diagnosis,blast crisis,MeSH,D001752,Blast Crisis
Diagnosis,blastic plasmacytoid dendritic cell neoplasm,MeSH,D000099067,Blastic Plasmacytoid Dendritic Cell Neoplasm
Diagnosis,bone cysts,MeSH,D001845,Bone Cysts
Diagnosis,"bone cysts, aneurysmal",MeSH,D017824,"Bone Cysts, Aneurysmal"
Diagnosis,bone marrow neoplasms,MeSH,D019046,Bone Marrow Neoplasms
Diagnosis,bone neoplasms,MeSH,D001859,Bone Neoplasms
Diagnosis,bowen's disease,MeSH,D001913,Bowen's Disease
Diagnosis,brain neoplasms,MeSH,D001932,Brain Neoplasms
Diagnosis,brain stem neoplasms,MeSH,D020295,Brain Stem Neoplasms
Diagnosis,branchioma,MeSH,D001935,Branchioma
Diagnosis,breast carcinoma in situ,MeSH,D000071960,Breast Carcinoma In Situ
Diagnosis,breast cyst,MeSH,D047688,Breast Cyst
Diagnosis,breast neoplasms,MeSH,D001943,Breast Neoplasms
Diagnosis,"breast neoplasms, male",MeSH,D018567,"Breast Neoplasms, Male"
Diagnosis,brenner tumor,MeSH,D001948,Brenner Tumor
Diagnosis,bronchial neoplasms,MeSH,D001984,Bronchial Neoplasms
Diagnosis,bronchogenic cyst,MeSH,D001994,Bronchogenic Cyst
Diagnosis,carcinogenesis,MeSH,D063646,Carcinogenesis
Diagnosis,carcinoid heart disease,MeSH,D002275,Carcinoid Heart Disease
Diagnosis,carcinoid tumor,MeSH,D002276,Carcinoid Tumor
Diagnosis,carcinoma,MeSH,D002277,Carcinoma
Diagnosis,"carcinoma 256, walker",MeSH,D002279,"Carcinoma 256, Walker"
Diagnosis,carcinoma in situ,MeSH,D002278,Carcinoma in Situ
Diagnosis,"carcinoma, acinar cell",MeSH,D018267,"Carcinoma, Acinar Cell"
Diagnosis,"carcinoma, adenoid cystic",MeSH,D003528,"Carcinoma, Adenoid Cystic"
Diagnosis,"carcinoma, adenosquamous",MeSH,D018196,"Carcinoma, Adenosquamous"
Diagnosis,"carcinoma, basosquamous",MeSH,D002281,"Carcinoma, Basosquamous"
Diagnosis,"carcinoma, bronchogenic",MeSH,D002283,"Carcinoma, Bronchogenic"
Diagnosis,"carcinoma, brown-pearce",MeSH,D002284,"Carcinoma, Brown-Pearce"
Diagnosis,"carcinoma, ductal",MeSH,D044584,"Carcinoma, Ductal"
Diagnosis,"carcinoma, ductal, breast",MeSH,D018270,"Carcinoma, Ductal, Breast"
Diagnosis,"carcinoma, ehrlich tumor",MeSH,D002286,"Carcinoma, Ehrlich Tumor"
Diagnosis,"carcinoma, embryonal",MeSH,D018236,"Carcinoma, Embryonal"
Diagnosis,"carcinoma, endometrioid",MeSH,D018269,"Carcinoma, Endometrioid"
Diagnosis,"carcinoma, giant cell",MeSH,D018286,"Carcinoma, Giant Cell"
Diagnosis,"carcinoma, hepatocellular",MeSH,D006528,"Carcinoma, Hepatocellular"
Diagnosis,"carcinoma, intraductal, noninfiltrating",MeSH,D002285,"Carcinoma, Intraductal, Noninfiltrating"
Diagnosis,"carcinoma, islet cell",MeSH,D018273,"Carcinoma, Islet Cell"
Diagnosis,"carcinoma, krebs 2",MeSH,D002287,"Carcinoma, Krebs 2"
Diagnosis,"carcinoma, large cell",MeSH,D018287,"Carcinoma, Large Cell"
Diagnosis,"carcinoma, lewis lung",MeSH,D018827,"Carcinoma, Lewis Lung"
Diagnosis,"carcinoma, lobular",MeSH,D018275,"Carcinoma, Lobular"
Diagnosis,"carcinoma, medullary",MeSH,D018276,"Carcinoma, Medullary"
Diagnosis,"carcinoma, mucoepidermoid",MeSH,D018277,"Carcinoma, Mucoepidermoid"
Diagnosis,"carcinoma, neuroendocrine",MeSH,D018278,"Carcinoma, Neuroendocrine"
Diagnosis,"carcinoma, non-small-cell lung",MeSH,D002289,"Carcinoma, Non-Small-Cell Lung"
Diagnosis,"carcinoma, ovarian epithelial",MeSH,D000077216,"Carcinoma, Ovarian Epithelial"
Diagnosis,"carcinoma, pancreatic ductal",MeSH,D021441,"Carcinoma, Pancreatic Ductal"
Diagnosis,"carcinoma, papillary",MeSH,D002291,"Carcinoma, Papillary"
Diagnosis,"carcinoma, papillary, follicular",MeSH,D018265,"Carcinoma, Papillary, Follicular"
Diagnosis,"carcinoma, renal cell",MeSH,D002292,"Carcinoma, Renal Cell"
Diagnosis,"carcinoma, signet ring cell",MeSH,D018279,"Carcinoma, Signet Ring Cell"
Diagnosis,"carcinoma, skin appendage",MeSH,D018280,"Carcinoma, Skin Appendage"
Diagnosis,"carcinoma, small cell",MeSH,D018288,"Carcinoma, Small Cell"
Diagnosis,"carcinoma, squamous cell",MeSH,D002294,"Carcinoma, Squamous Cell"
Diagnosis,"carcinoma, transitional cell",MeSH,D002295,"Carcinoma, Transitional Cell"
Diagnosis,"carcinoma, verrucous",MeSH,D018289,"Carcinoma, Verrucous"
Diagnosis,carcinosarcoma,MeSH,D002296,Carcinosarcoma
Diagnosis,cardiac papillary fibroelastoma,MeSH,D000084122,Cardiac Papillary Fibroelastoma
Diagnosis,carney complex,MeSH,D056733,Carney Complex
Diagnosis,carotid body tumor,MeSH,D002345,Carotid Body Tumor
Diagnosis,cecal neoplasms,MeSH,D002430,Cecal Neoplasms
Diagnosis,"cell transformation, neoplastic",MeSH,D002471,"Cell Transformation, Neoplastic"
Diagnosis,"cell transformation, viral",MeSH,D002472,"Cell Transformation, Viral"
Diagnosis,cementoma,MeSH,D002485,Cementoma
Diagnosis,central nervous system cysts,MeSH,D020863,Central Nervous System Cysts
Diagnosis,central nervous system neoplasms,MeSH,D016543,Central Nervous System Neoplasms
Diagnosis,central nervous system venous angioma,MeSH,D020787,Central Nervous System Venous Angioma
Diagnosis,cerebellar neoplasms,MeSH,D002528,Cerebellar Neoplasms
Diagnosis,cerebral ventricle neoplasms,MeSH,D002551,Cerebral Ventricle Neoplasms
Diagnosis,chalazion,MeSH,D017043,Chalazion
Diagnosis,cholangiocarcinoma,MeSH,D018281,Cholangiocarcinoma
Diagnosis,choledochal cyst,MeSH,D015529,Choledochal Cyst
Diagnosis,chondroblastoma,MeSH,D002804,Chondroblastoma
Diagnosis,chondroma,MeSH,D002812,Chondroma
Diagnosis,chondromatosis,MeSH,D018210,Chondromatosis
Diagnosis,chondrosarcoma,MeSH,D002813,Chondrosarcoma
Diagnosis,"chondrosarcoma, clear cell",MeSH,D000077207,"Chondrosarcoma, Clear Cell"
Diagnosis,"chondrosarcoma, mesenchymal",MeSH,D018211,"Chondrosarcoma, Mesenchymal"
Diagnosis,chordoma,MeSH,D002817,Chordoma
Diagnosis,choriocarcinoma,MeSH,D002822,Choriocarcinoma
Diagnosis,"choriocarcinoma, non-gestational",MeSH,D031954,"Choriocarcinoma, Non-gestational"
Diagnosis,choroid neoplasms,MeSH,D002830,Choroid Neoplasms
Diagnosis,choroid plexus neoplasms,MeSH,D016545,Choroid Plexus Neoplasms
Diagnosis,cocarcinogenesis,MeSH,D003043,Cocarcinogenesis
Diagnosis,colitis-associated neoplasms,MeSH,D000083023,Colitis-Associated Neoplasms
Diagnosis,colloid cysts,MeSH,D056364,Colloid Cysts
Diagnosis,colonic neoplasms,MeSH,D003110,Colonic Neoplasms
Diagnosis,colorectal neoplasms,MeSH,D015179,Colorectal Neoplasms
Diagnosis,"colorectal neoplasms, hereditary nonpolyposis",MeSH,D003123,"Colorectal Neoplasms, Hereditary Nonpolyposis"
Diagnosis,common bile duct neoplasms,MeSH,D003138,Common Bile Duct Neoplasms
Diagnosis,composite lymphoma,MeSH,D058617,Composite Lymphoma
Diagnosis,conjunctival neoplasms,MeSH,D003230,Conjunctival Neoplasms
Diagnosis,cranial nerve neoplasms,MeSH,D003390,Cranial Nerve Neoplasms
Diagnosis,craniopharyngioma,MeSH,D003397,Craniopharyngioma
Diagnosis,cutaneous malignant melanoma,MeSH,D000096142,Cutaneous Malignant Melanoma
Diagnosis,cutaneous squamous cell carcinoma,MeSH,D000099314,Cutaneous Squamous Cell Carcinoma
Diagnosis,cystadenocarcinoma,MeSH,D003536,Cystadenocarcinoma
Diagnosis,"cystadenocarcinoma, mucinous",MeSH,D018282,"Cystadenocarcinoma, Mucinous"
Diagnosis,"cystadenocarcinoma, papillary",MeSH,D018283,"Cystadenocarcinoma, Papillary"
Diagnosis,"cystadenocarcinoma, serous",MeSH,D018284,"Cystadenocarcinoma, Serous"
Diagnosis,cystadenofibroma,MeSH,D062625,Cystadenofibroma
Diagnosis,cystadenoma,MeSH,D003537,Cystadenoma
Diagnosis,"cystadenoma, mucinous",MeSH,D018291,"Cystadenoma, Mucinous"
Diagnosis,"cystadenoma, papillary",MeSH,D018292,"Cystadenoma, Papillary"
Diagnosis,"cystadenoma, serous",MeSH,D018293,"Cystadenoma, Serous"
Diagnosis,cysts,MeSH,D003560,Cysts
Diagnosis,"dendritic cell sarcoma, follicular",MeSH,D054740,"Dendritic Cell Sarcoma, Follicular"
Diagnosis,"dendritic cell sarcoma, interdigitating",MeSH,D054739,"Dendritic Cell Sarcoma, Interdigitating"
Diagnosis,dentigerous cyst,MeSH,D003803,Dentigerous Cyst
Diagnosis,denys-drash syndrome,MeSH,D030321,Denys-Drash Syndrome
Diagnosis,dermatofibrosarcoma,MeSH,D018223,Dermatofibrosarcoma
Diagnosis,dermoid cyst,MeSH,D003884,Dermoid Cyst
Diagnosis,desmoid tumors,MeSH,D018222,Desmoid Tumors
Diagnosis,desmoplastic small round cell tumor,MeSH,D058405,Desmoplastic Small Round Cell Tumor
Diagnosis,diffuse intrinsic pontine glioma,MeSH,D000080443,Diffuse Intrinsic Pontine Glioma
Diagnosis,digestive system neoplasms,MeSH,D004067,Digestive System Neoplasms
Diagnosis,duodenal neoplasms,MeSH,D004379,Duodenal Neoplasms
Diagnosis,dupuytren contracture,MeSH,D004387,Dupuytren Contracture
Diagnosis,dysgerminoma,MeSH,D004407,Dysgerminoma
Diagnosis,dysplastic nevus syndrome,MeSH,D004416,Dysplastic Nevus Syndrome
Diagnosis,ear neoplasms,MeSH,D004428,Ear Neoplasms
Diagnosis,eccrine porocarcinoma,MeSH,D057090,Eccrine Porocarcinoma
Diagnosis,endocrine gland neoplasms,MeSH,D004701,Endocrine Gland Neoplasms
Diagnosis,endodermal sinus tumor,MeSH,D018240,Endodermal Sinus Tumor
Diagnosis,endometrial neoplasms,MeSH,D016889,Endometrial Neoplasms
Diagnosis,endometrial stromal tumors,MeSH,D036821,Endometrial Stromal Tumors
Diagnosis,enteropathy-associated t-cell lymphoma,MeSH,D058527,Enteropathy-Associated T-Cell Lymphoma
Diagnosis,ependymoma,MeSH,D004806,Ependymoma
Diagnosis,epidermal cyst,MeSH,D004814,Epidermal Cyst
Diagnosis,epidural neoplasms,MeSH,D015174,Epidural Neoplasms
Diagnosis,erythroplasia,MeSH,D004919,Erythroplasia
Diagnosis,esophageal cyst,MeSH,D004934,Esophageal Cyst
Diagnosis,esophageal neoplasms,MeSH,D004938,Esophageal Neoplasms
Diagnosis,esophageal squamous cell carcinoma,MeSH,D000077277,Esophageal Squamous Cell Carcinoma
Diagnosis,"esthesioneuroblastoma, olfactory",MeSH,D018304,"Esthesioneuroblastoma, Olfactory"
Diagnosis,"exostoses, multiple hereditary",MeSH,D005097,"Exostoses, Multiple Hereditary"
Diagnosis,extranodal extension,MeSH,D000079822,Extranodal Extension
Diagnosis,eye neoplasms,MeSH,D005134,Eye Neoplasms
Diagnosis,eyelid neoplasms,MeSH,D005142,Eyelid Neoplasms
Diagnosis,facial neoplasms,MeSH,D005153,Facial Neoplasms
Diagnosis,fallopian tube neoplasms,MeSH,D005185,Fallopian Tube Neoplasms
Diagnosis,femoral neoplasms,MeSH,D005266,Femoral Neoplasms
Diagnosis,fibroadenoma,MeSH,D018226,Fibroadenoma
Diagnosis,fibroma,MeSH,D005350,Fibroma
Diagnosis,"fibroma, desmoplastic",MeSH,D018220,"Fibroma, Desmoplastic"
Diagnosis,"fibroma, ossifying",MeSH,D018214,"Fibroma, Ossifying"
Diagnosis,"fibromatosis, abdominal",MeSH,D018221,"Fibromatosis, Abdominal"
Diagnosis,"fibromatosis, plantar",MeSH,D000071380,"Fibromatosis, Plantar"
Diagnosis,fibrosarcoma,MeSH,D005354,Fibrosarcoma
Diagnosis,follicular cyst,MeSH,D005497,Follicular Cyst
Diagnosis,gallbladder neoplasms,MeSH,D005706,Gallbladder Neoplasms
Diagnosis,ganglioglioma,MeSH,D018303,Ganglioglioma
Diagnosis,ganglion cysts,MeSH,D045888,Ganglion Cysts
Diagnosis,ganglioneuroblastoma,MeSH,D018305,Ganglioneuroblastoma
Diagnosis,ganglioneuroma,MeSH,D005729,Ganglioneuroma
Diagnosis,gardner syndrome,MeSH,D005736,Gardner Syndrome
Diagnosis,gastrinoma,MeSH,D015408,Gastrinoma
Diagnosis,gastrointestinal neoplasms,MeSH,D005770,Gastrointestinal Neoplasms
Diagnosis,gastrointestinal stromal tumors,MeSH,D046152,Gastrointestinal Stromal Tumors
Diagnosis,"genital neoplasms, female",MeSH,D005833,"Genital Neoplasms, Female"
Diagnosis,"genital neoplasms, male",MeSH,D005834,"Genital Neoplasms, Male"
Diagnosis,germinoma,MeSH,D018237,Germinoma
Diagnosis,gestational trophoblastic disease,MeSH,D031901,Gestational Trophoblastic Disease
Diagnosis,giant cell tumor of bone,MeSH,D018212,Giant Cell Tumor of Bone
Diagnosis,giant cell tumor of tendon sheath,MeSH,D000070779,Giant Cell Tumor of Tendon Sheath
Diagnosis,giant cell tumors,MeSH,D005870,Giant Cell Tumors
Diagnosis,gingival neoplasms,MeSH,D005887,Gingival Neoplasms
Diagnosis,glioblastoma,MeSH,D005909,Glioblastoma
Diagnosis,glioma,MeSH,D005910,Glioma
Diagnosis,"glioma, subependymal",MeSH,D018315,"Glioma, Subependymal"
Diagnosis,gliosarcoma,MeSH,D018316,Gliosarcoma
Diagnosis,glomus jugulare tumor,MeSH,D005925,Glomus Jugulare Tumor
Diagnosis,glomus tumor,MeSH,D005918,Glomus Tumor
Diagnosis,glomus tympanicum tumor,MeSH,D043604,Glomus Tympanicum Tumor
Diagnosis,glucagonoma,MeSH,D005935,Glucagonoma
Diagnosis,gonadoblastoma,MeSH,D018238,Gonadoblastoma
Diagnosis,granular cell tumor,MeSH,D016586,Granular Cell Tumor
Diagnosis,granulosa cell tumor,MeSH,D006106,Granulosa Cell Tumor
Diagnosis,growth hormone-secreting pituitary adenoma,MeSH,D049912,Growth Hormone-Secreting Pituitary Adenoma
Diagnosis,hamartoma,MeSH,D006222,Hamartoma
Diagnosis,"hamartoma syndrome, multiple",MeSH,D006223,"Hamartoma Syndrome, Multiple"
Diagnosis,head and neck neoplasms,MeSH,D006258,Head and Neck Neoplasms
Diagnosis,heart neoplasms,MeSH,D006338,Heart Neoplasms
Diagnosis,hemangioblastoma,MeSH,D018325,Hemangioblastoma
Diagnosis,hemangioendothelioma,MeSH,D006390,Hemangioendothelioma
Diagnosis,"hemangioendothelioma, epithelioid",MeSH,D018323,"Hemangioendothelioma, Epithelioid"
Diagnosis,hemangioma,MeSH,D006391,Hemangioma
Diagnosis,"hemangioma, capillary",MeSH,D018324,"Hemangioma, Capillary"
Diagnosis,"hemangioma, cavernous",MeSH,D006392,"Hemangioma, Cavernous"
Diagnosis,"hemangioma, cavernous, central nervous system",MeSH,D020786,"Hemangioma, Cavernous, Central Nervous System"
Diagnosis,hemangiopericytoma,MeSH,D006393,Hemangiopericytoma
Diagnosis,hemangiosarcoma,MeSH,D006394,Hemangiosarcoma
Diagnosis,hematologic neoplasms,MeSH,D019337,Hematologic Neoplasms
Diagnosis,hepatoblastoma,MeSH,D018197,Hepatoblastoma
Diagnosis,hereditary breast and ovarian cancer syndrome,MeSH,D061325,Hereditary Breast and Ovarian Cancer Syndrome
Diagnosis,hidrocystoma,MeSH,D018251,Hidrocystoma
Diagnosis,"histiocytic disorders, malignant",MeSH,D015620,"Histiocytic Disorders, Malignant"
Diagnosis,histiocytic sarcoma,MeSH,D054747,Histiocytic Sarcoma
Diagnosis,histiocytoma,MeSH,D051642,Histiocytoma
Diagnosis,"histiocytoma, benign fibrous",MeSH,D018219,"Histiocytoma, Benign Fibrous"
Diagnosis,"histiocytoma, malignant fibrous",MeSH,D051677,"Histiocytoma, Malignant Fibrous"
Diagnosis,hodgkin disease,MeSH,D006689,Hodgkin Disease
Diagnosis,hutchinson's melanotic freckle,MeSH,D018327,Hutchinson's Melanotic Freckle
Diagnosis,hydatidiform mole,MeSH,D006828,Hydatidiform Mole
Diagnosis,"hydatidiform mole, invasive",MeSH,D002820,"Hydatidiform Mole, Invasive"
Diagnosis,hypopharyngeal neoplasms,MeSH,D007012,Hypopharyngeal Neoplasms
Diagnosis,hypothalamic neoplasms,MeSH,D007029,Hypothalamic Neoplasms
Diagnosis,ileal neoplasms,MeSH,D007078,Ileal Neoplasms
Diagnosis,immunoglobulin light-chain amyloidosis,MeSH,D000075363,Immunoglobulin Light-chain Amyloidosis
Diagnosis,immunoproliferative small intestinal disease,MeSH,D007161,Immunoproliferative Small Intestinal Disease
Diagnosis,inflammatory breast neoplasms,MeSH,D058922,Inflammatory Breast Neoplasms
Diagnosis,infratentorial neoplasms,MeSH,D015192,Infratentorial Neoplasms
Diagnosis,insulinoma,MeSH,D007340,Insulinoma
Diagnosis,intestinal neoplasms,MeSH,D007414,Intestinal Neoplasms
Diagnosis,intraocular lymphoma,MeSH,D064090,Intraocular Lymphoma
Diagnosis,iris neoplasms,MeSH,D015811,Iris Neoplasms
Diagnosis,jaw cysts,MeSH,D007570,Jaw Cysts
Diagnosis,jaw neoplasms,MeSH,D007573,Jaw Neoplasms
Diagnosis,jejunal neoplasms,MeSH,D007580,Jejunal Neoplasms
Diagnosis,kasabach-merritt syndrome,MeSH,D059885,Kasabach-Merritt Syndrome
Diagnosis,"keratosis, actinic",MeSH,D055623,"Keratosis, Actinic"
Diagnosis,kidney neoplasms,MeSH,D007680,Kidney Neoplasms
Diagnosis,klatskin tumor,MeSH,D018285,Klatskin Tumor
Diagnosis,krukenberg tumor,MeSH,D007725,Krukenberg Tumor
Diagnosis,lambert-eaton myasthenic syndrome,MeSH,D015624,Lambert-Eaton Myasthenic Syndrome
Diagnosis,langerhans cell sarcoma,MeSH,D054752,Langerhans Cell Sarcoma
Diagnosis,laryngeal neoplasms,MeSH,D007822,Laryngeal Neoplasms
Diagnosis,leiomyoma,MeSH,D007889,Leiomyoma
Diagnosis,"leiomyoma, epithelioid",MeSH,D018230,"Leiomyoma, Epithelioid"
Diagnosis,leiomyomatosis,MeSH,D018231,Leiomyomatosis
Diagnosis,leiomyosarcoma,MeSH,D007890,Leiomyosarcoma
Diagnosis,leukemia,MeSH,D007938,Leukemia
Diagnosis,leukemia l1210,MeSH,D007939,Leukemia L1210
Diagnosis,leukemia l5178,MeSH,D007940,Leukemia L5178
Diagnosis,leukemia p388,MeSH,D007941,Leukemia P388
Diagnosis,"leukemia, b-cell",MeSH,D015448,"Leukemia, B-Cell"
Diagnosis,"leukemia, basophilic, acute",MeSH,D015471,"Leukemia, Basophilic, Acute"
Diagnosis,"leukemia, biphenotypic, acute",MeSH,D015456,"Leukemia, Biphenotypic, Acute"
Diagnosis,"leukemia, eosinophilic, acute",MeSH,D015472,"Leukemia, Eosinophilic, Acute"
Diagnosis,"leukemia, erythroblastic, acute",MeSH,D004915,"Leukemia, Erythroblastic, Acute"
Diagnosis,"leukemia, experimental",MeSH,D007942,"Leukemia, Experimental"
Diagnosis,"leukemia, hairy cell",MeSH,D007943,"Leukemia, Hairy Cell"
Diagnosis,"leukemia, large granular lymphocytic",MeSH,D054066,"Leukemia, Large Granular Lymphocytic"
Diagnosis,"leukemia, lymphocytic, chronic, b-cell",MeSH,D015451,"Leukemia, Lymphocytic, Chronic, B-Cell"
Diagnosis,"leukemia, lymphoid",MeSH,D007945,"Leukemia, Lymphoid"
Diagnosis,"leukemia, mast-cell",MeSH,D007946,"Leukemia, Mast-Cell"
Diagnosis,"leukemia, megakaryoblastic, acute",MeSH,D007947,"Leukemia, Megakaryoblastic, Acute"
Diagnosis,"leukemia, monocytic, acute",MeSH,D007948,"Leukemia, Monocytic, Acute"
Diagnosis,"leukemia, myelogenous, chronic, bcr-abl positive",MeSH,D015464,"Leukemia, Myelogenous, Chronic, BCR-ABL Positive"
Diagnosis,"leukemia, myeloid",MeSH,D007951,"Leukemia, Myeloid"
Diagnosis,"leukemia, myeloid, accelerated phase",MeSH,D015465,"Leukemia, Myeloid, Accelerated Phase"
Diagnosis,"leukemia, myeloid, acute",MeSH,D015470,"Leukemia, Myeloid, Acute"
Diagnosis,"leukemia, myeloid, chronic, atypical, bcr-abl negative",MeSH,D054438,"Leukemia, Myeloid, Chronic, Atypical, BCR-ABL Negative"
Diagnosis,"leukemia, myeloid, chronic-phase",MeSH,D015466,"Leukemia, Myeloid, Chronic-Phase"
Diagnosis,"leukemia, myelomonocytic, acute",MeSH,D015479,"Leukemia, Myelomonocytic, Acute"
Diagnosis,"leukemia, myelomonocytic, chronic",MeSH,D015477,"Leukemia, Myelomonocytic, Chronic"
Diagnosis,"leukemia, myelomonocytic, juvenile",MeSH,D054429,"Leukemia, Myelomonocytic, Juvenile"
Diagnosis,"leukemia, plasma cell",MeSH,D007952,"Leukemia, Plasma Cell"
Diagnosis,"leukemia, prolymphocytic",MeSH,D015463,"Leukemia, Prolymphocytic"
Diagnosis,"leukemia, prolymphocytic, b-cell",MeSH,D054403,"Leukemia, Prolymphocytic, B-Cell"
Diagnosis,"leukemia, prolymphocytic, t-cell",MeSH,D015461,"Leukemia, Prolymphocytic, T-Cell"
Diagnosis,"leukemia, promyelocytic, acute",MeSH,D015473,"Leukemia, Promyelocytic, Acute"
Diagnosis,"leukemia, radiation-induced",MeSH,D007953,"Leukemia, Radiation-Induced"
Diagnosis,"leukemia, t-cell",MeSH,D015458,"Leukemia, T-Cell"
Diagnosis,"leukemia-lymphoma, adult t-cell",MeSH,D015459,"Leukemia-Lymphoma, Adult T-Cell"
Diagnosis,leukemic infiltration,MeSH,D017254,Leukemic Infiltration
Diagnosis,leukoplakia,MeSH,D007971,Leukoplakia
Diagnosis,"leukoplakia, oral",MeSH,D007972,"Leukoplakia, Oral"
Diagnosis,leydig cell tumor,MeSH,D007984,Leydig Cell Tumor
Diagnosis,li-fraumeni syndrome,MeSH,D016864,Li-Fraumeni Syndrome
Diagnosis,linitis plastica,MeSH,D008039,Linitis Plastica
Diagnosis,lip neoplasms,MeSH,D008048,Lip Neoplasms
Diagnosis,lipoblastoma,MeSH,D062689,Lipoblastoma
Diagnosis,lipoma,MeSH,D008067,Lipoma
Diagnosis,liposarcoma,MeSH,D008080,Liposarcoma
Diagnosis,"liposarcoma, myxoid",MeSH,D018208,"Liposarcoma, Myxoid"
Diagnosis,liver neoplasms,MeSH,D008113,Liver Neoplasms
Diagnosis,"liver neoplasms, experimental",MeSH,D008114,"Liver Neoplasms, Experimental"
Diagnosis,lung neoplasms,MeSH,D008175,Lung Neoplasms
Diagnosis,luteoma,MeSH,D018311,Luteoma
Diagnosis,lymphangioleiomyomatosis,MeSH,D018192,Lymphangioleiomyomatosis
Diagnosis,lymphangioma,MeSH,D008202,Lymphangioma
Diagnosis,"lymphangioma, cystic",MeSH,D018191,"Lymphangioma, Cystic"
Diagnosis,lymphangiomyoma,MeSH,D008203,Lymphangiomyoma
Diagnosis,lymphangiosarcoma,MeSH,D008204,Lymphangiosarcoma
Diagnosis,lymphatic metastasis,MeSH,D008207,Lymphatic Metastasis
Diagnosis,lymphocele,MeSH,D008210,Lymphocele
Diagnosis,lymphoma,MeSH,D008223,Lymphoma
Diagnosis,"lymphoma, aids-related",MeSH,D016483,"Lymphoma, AIDS-Related"
Diagnosis,"lymphoma, b-cell",MeSH,D016393,"Lymphoma, B-Cell"
Diagnosis,"lymphoma, b-cell, marginal zone",MeSH,D018442,"Lymphoma, B-Cell, Marginal Zone"
Diagnosis,"lymphoma, extranodal nk-t-cell",MeSH,D054391,"Lymphoma, Extranodal NK-T-Cell"
Diagnosis,"lymphoma, follicular",MeSH,D008224,"Lymphoma, Follicular"
Diagnosis,"lymphoma, large b-cell, diffuse",MeSH,D016403,"Lymphoma, Large B-Cell, Diffuse"
Diagnosis,"lymphoma, large-cell, anaplastic",MeSH,D017728,"Lymphoma, Large-Cell, Anaplastic"
Diagnosis,"lymphoma, large-cell, immunoblastic",MeSH,D016400,"Lymphoma, Large-Cell, Immunoblastic"
Diagnosis,"lymphoma, mantle-cell",MeSH,D020522,"Lymphoma, Mantle-Cell"
Diagnosis,"lymphoma, non-hodgkin",MeSH,D008228,"Lymphoma, Non-Hodgkin"
Diagnosis,"lymphoma, primary cutaneous anaplastic large cell",MeSH,D054446,"Lymphoma, Primary Cutaneous Anaplastic Large Cell"
Diagnosis,"lymphoma, primary effusion",MeSH,D054685,"Lymphoma, Primary Effusion"
Diagnosis,"lymphoma, t-cell",MeSH,D016399,"Lymphoma, T-Cell"
Diagnosis,"lymphoma, t-cell, cutaneous",MeSH,D016410,"Lymphoma, T-Cell, Cutaneous"
Diagnosis,"lymphoma, t-cell, peripheral",MeSH,D016411,"Lymphoma, T-Cell, Peripheral"
Diagnosis,lymphomatoid granulomatosis,MeSH,D008230,Lymphomatoid Granulomatosis
Diagnosis,lymphomatoid papulosis,MeSH,D017731,Lymphomatoid Papulosis
Diagnosis,lynch syndrome ii,MeSH,D055847,Lynch Syndrome II
Diagnosis,malignant carcinoid syndrome,MeSH,D008303,Malignant Carcinoid Syndrome
Diagnosis,mammary analogue secretory carcinoma,MeSH,D000069295,Mammary Analogue Secretory Carcinoma
Diagnosis,"mammary neoplasms, animal",MeSH,D015674,"Mammary Neoplasms, Animal"
Diagnosis,"mammary neoplasms, experimental",MeSH,D008325,"Mammary Neoplasms, Experimental"
Diagnosis,mandibular neoplasms,MeSH,D008339,Mandibular Neoplasms
Diagnosis,mast-cell sarcoma,MeSH,D012515,Mast-Cell Sarcoma
Diagnosis,mastocytoma,MeSH,D034801,Mastocytoma
Diagnosis,"mastocytoma, skin",MeSH,D054705,"Mastocytoma, Skin"
Diagnosis,mastocytosis,MeSH,D008415,Mastocytosis
Diagnosis,"mastocytosis, cutaneous",MeSH,D034701,"Mastocytosis, Cutaneous"
Diagnosis,"mastocytosis, systemic",MeSH,D034721,"Mastocytosis, Systemic"
Diagnosis,maxillary neoplasms,MeSH,D008441,Maxillary Neoplasms
Diagnosis,maxillary sinus neoplasms,MeSH,D008444,Maxillary Sinus Neoplasms
Diagnosis,mediastinal cyst,MeSH,D008476,Mediastinal Cyst
Diagnosis,mediastinal neoplasms,MeSH,D008479,Mediastinal Neoplasms
Diagnosis,medulloblastoma,MeSH,D008527,Medulloblastoma
Diagnosis,meigs syndrome,MeSH,D008539,Meigs Syndrome
Diagnosis,melanoma,MeSH,D008545,Melanoma
Diagnosis,"melanoma, amelanotic",MeSH,D018328,"Melanoma, Amelanotic"
Diagnosis,"melanoma, experimental",MeSH,D008546,"Melanoma, Experimental"
Diagnosis,meningeal carcinomatosis,MeSH,D055756,Meningeal Carcinomatosis
Diagnosis,meningeal neoplasms,MeSH,D008577,Meningeal Neoplasms
Diagnosis,meningioma,MeSH,D008579,Meningioma
Diagnosis,mesenchymoma,MeSH,D008637,Mesenchymoma
Diagnosis,mesenteric cyst,MeSH,D008639,Mesenteric Cyst
Diagnosis,mesonephroma,MeSH,D008649,Mesonephroma
Diagnosis,mesothelioma,MeSH,D008654,Mesothelioma
Diagnosis,"mesothelioma, cystic",MeSH,D018261,"Mesothelioma, Cystic"
Diagnosis,"mesothelioma, malignant",MeSH,D000086002,"Mesothelioma, Malignant"
Diagnosis,"mixed tumor, malignant",MeSH,D018198,"Mixed Tumor, Malignant"
Diagnosis,"mixed tumor, mesodermal",MeSH,D018199,"Mixed Tumor, Mesodermal"
Diagnosis,"mixed tumor, mullerian",MeSH,D018200,"Mixed Tumor, Mullerian"
Diagnosis,mongolian spot,MeSH,D049328,Mongolian Spot
Diagnosis,mouth neoplasms,MeSH,D009062,Mouth Neoplasms
Diagnosis,mucocele,MeSH,D009078,Mucocele
Diagnosis,mucoepidermoid tumor,MeSH,D018298,Mucoepidermoid Tumor
Diagnosis,muir-torre syndrome,MeSH,D055653,Muir-Torre Syndrome
Diagnosis,multiple endocrine neoplasia,MeSH,D009377,Multiple Endocrine Neoplasia
Diagnosis,multiple endocrine neoplasia type 1,MeSH,D018761,Multiple Endocrine Neoplasia Type 1
Diagnosis,multiple endocrine neoplasia type 2a,MeSH,D018813,Multiple Endocrine Neoplasia Type 2a
Diagnosis,multiple endocrine neoplasia type 2b,MeSH,D018814,Multiple Endocrine Neoplasia Type 2b
Diagnosis,multiple myeloma,MeSH,D009101,Multiple Myeloma
Diagnosis,multiple pulmonary nodules,MeSH,D055613,Multiple Pulmonary Nodules
Diagnosis,muscle neoplasms,MeSH,D019042,Muscle Neoplasms
Diagnosis,myasthenia gravis,MeSH,D009157,Myasthenia Gravis
Diagnosis,mycosis fungoides,MeSH,D009182,Mycosis Fungoides
Diagnosis,myelolipoma,MeSH,D018209,Myelolipoma
Diagnosis,myoepithelioma,MeSH,D009208,Myoepithelioma
Diagnosis,myofibroma,MeSH,D047708,Myofibroma
Diagnosis,myofibromatosis,MeSH,D018224,Myofibromatosis
Diagnosis,myoma,MeSH,D009214,Myoma
Diagnosis,myopericytoma,MeSH,D000077777,Myopericytoma
Diagnosis,myosarcoma,MeSH,D009217,Myosarcoma
Diagnosis,myxoma,MeSH,D009232,Myxoma
Diagnosis,myxosarcoma,MeSH,D009236,Myxosarcoma
Diagnosis,nasopharyngeal carcinoma,MeSH,D000077274,Nasopharyngeal Carcinoma
Diagnosis,nasopharyngeal neoplasms,MeSH,D009303,Nasopharyngeal Neoplasms
Diagnosis,nelson syndrome,MeSH,D009347,Nelson Syndrome
Diagnosis,neoplasm invasiveness,MeSH,D009361,Neoplasm Invasiveness
Diagnosis,neoplasm metastasis,MeSH,D009362,Neoplasm Metastasis
Diagnosis,neoplasm micrometastasis,MeSH,D061206,Neoplasm Micrometastasis
Diagnosis,"neoplasm recurrence, local",MeSH,D009364,"Neoplasm Recurrence, Local"
Diagnosis,"neoplasm regression, spontaneous",MeSH,D009365,"Neoplasm Regression, Spontaneous"
Diagnosis,neoplasm seeding,MeSH,D009366,Neoplasm Seeding
Diagnosis,"neoplasm, lymphatic tissue",MeSH,D018190,"Neoplasm, Lymphatic Tissue"
Diagnosis,"neoplasm, residual",MeSH,D018365,"Neoplasm, Residual"
Diagnosis,neoplasms,MeSH,D009369,Neoplasms
Diagnosis,neoplasms by histologic type,MeSH,D009370,Neoplasms by Histologic Type
Diagnosis,neoplasms by site,MeSH,D009371,Neoplasms by Site
Diagnosis,"neoplasms, adipose tissue",MeSH,D018205,"Neoplasms, Adipose Tissue"
Diagnosis,"neoplasms, adnexal and skin appendage",MeSH,D018294,"Neoplasms, Adnexal and Skin Appendage"
Diagnosis,"neoplasms, basal cell",MeSH,D018295,"Neoplasms, Basal Cell"
Diagnosis,"neoplasms, bone tissue",MeSH,D018213,"Neoplasms, Bone Tissue"
Diagnosis,"neoplasms, complex and mixed",MeSH,D018193,"Neoplasms, Complex and Mixed"
Diagnosis,"neoplasms, connective tissue",MeSH,D009372,"Neoplasms, Connective Tissue"
Diagnosis,"neoplasms, connective and soft tissue",MeSH,D018204,"Neoplasms, Connective and Soft Tissue"
Diagnosis,"neoplasms, cystic, mucinous, and serous",MeSH,D018297,"Neoplasms, Cystic, Mucinous, and Serous"
Diagnosis,"neoplasms, ductal, lobular, and medullary",MeSH,D018299,"Neoplasms, Ductal, Lobular, and Medullary"
Diagnosis,"neoplasms, experimental",MeSH,D009374,"Neoplasms, Experimental"
Diagnosis,"neoplasms, fibroepithelial",MeSH,D018225,"Neoplasms, Fibroepithelial"
Diagnosis,"neoplasms, fibrous tissue",MeSH,D018218,"Neoplasms, Fibrous Tissue"
Diagnosis,"neoplasms, germ cell and embryonal",MeSH,D009373,"Neoplasms, Germ Cell and Embryonal"
Diagnosis,"neoplasms, glandular and epithelial",MeSH,D009375,"Neoplasms, Glandular and Epithelial"
Diagnosis,"neoplasms, gonadal tissue",MeSH,D018309,"Neoplasms, Gonadal Tissue"
Diagnosis,"neoplasms, hormone-dependent",MeSH,D009376,"Neoplasms, Hormone-Dependent"
Diagnosis,"neoplasms, mesothelial",MeSH,D018301,"Neoplasms, Mesothelial"
Diagnosis,"neoplasms, multiple primary",MeSH,D009378,"Neoplasms, Multiple Primary"
Diagnosis,"neoplasms, muscle tissue",MeSH,D009379,"Neoplasms, Muscle Tissue"
Diagnosis,"neoplasms, nerve tissue",MeSH,D009380,"Neoplasms, Nerve Tissue"
Diagnosis,"neoplasms, neuroepithelial",MeSH,D018302,"Neoplasms, Neuroepithelial"
Diagnosis,"neoplasms, plasma cell",MeSH,D054219,"Neoplasms, Plasma Cell"
Diagnosis,"neoplasms, post-traumatic",MeSH,D017169,"Neoplasms, Post-Traumatic"
Diagnosis,"neoplasms, radiation-induced",MeSH,D009381,"Neoplasms, Radiation-Induced"
Diagnosis,"neoplasms, second primary",MeSH,D016609,"Neoplasms, Second Primary"
Diagnosis,"neoplasms, squamous cell",MeSH,D018307,"Neoplasms, Squamous Cell"
Diagnosis,"neoplasms, unknown primary",MeSH,D009382,"Neoplasms, Unknown Primary"
Diagnosis,"neoplasms, vascular tissue",MeSH,D009383,"Neoplasms, Vascular Tissue"
Diagnosis,"neoplastic cells, circulating",MeSH,D009360,"Neoplastic Cells, Circulating"
Diagnosis,neoplastic processes,MeSH,D009385,Neoplastic Processes
Diagnosis,"neoplastic syndromes, hereditary",MeSH,D009386,"Neoplastic Syndromes, Hereditary"
Diagnosis,"nephroma, mesoblastic",MeSH,D018201,"Nephroma, Mesoblastic"
Diagnosis,nerve sheath neoplasms,MeSH,D018317,Nerve Sheath Neoplasms
Diagnosis,nervous system neoplasms,MeSH,D009423,Nervous System Neoplasms
Diagnosis,neurilemmoma,MeSH,D009442,Neurilemmoma
Diagnosis,neuroblastoma,MeSH,D009447,Neuroblastoma
Diagnosis,neurocytoma,MeSH,D018306,Neurocytoma
Diagnosis,"neuroectodermal tumor, melanotic",MeSH,D017600,"Neuroectodermal Tumor, Melanotic"
Diagnosis,neuroectodermal tumors,MeSH,D017599,Neuroectodermal Tumors
Diagnosis,"neuroectodermal tumors, primitive",MeSH,D018242,"Neuroectodermal Tumors, Primitive"
Diagnosis,"neuroectodermal tumors, primitive, peripheral",MeSH,D018241,"Neuroectodermal Tumors, Primitive, Peripheral"
Diagnosis,neuroendocrine tumors,MeSH,D018358,Neuroendocrine Tumors
Diagnosis,neurofibroma,MeSH,D009455,Neurofibroma
Diagnosis,"neurofibroma, plexiform",MeSH,D018318,"Neurofibroma, Plexiform"
Diagnosis,neurofibromatoses,MeSH,D017253,Neurofibromatoses
Diagnosis,neurofibromatosis 1,MeSH,D009456,Neurofibromatosis 1
Diagnosis,neurofibromatosis 2,MeSH,D016518,Neurofibromatosis 2
Diagnosis,neurofibrosarcoma,MeSH,D018319,Neurofibrosarcoma
Diagnosis,neuroma,MeSH,D009463,Neuroma
Diagnosis,"neuroma, acoustic",MeSH,D009464,"Neuroma, Acoustic"
Diagnosis,neurothekeoma,MeSH,D018321,Neurothekeoma
Diagnosis,nevi and melanomas,MeSH,D018326,Nevi and Melanomas
Diagnosis,nevus,MeSH,D009506,Nevus
Diagnosis,nevus of ota,MeSH,D009507,Nevus of Ota
Diagnosis,"nevus, blue",MeSH,D018329,"Nevus, Blue"
Diagnosis,"nevus, epithelioid and spindle cell",MeSH,D018332,"Nevus, Epithelioid and Spindle Cell"
Diagnosis,"nevus, halo",MeSH,D055882,"Nevus, Halo"
Diagnosis,"nevus, intradermal",MeSH,D018330,"Nevus, Intradermal"
Diagnosis,"nevus, pigmented",MeSH,D009508,"Nevus, Pigmented"
Diagnosis,"nevus, sebaceous of jadassohn",MeSH,D054000,"Nevus, Sebaceous of Jadassohn"
Diagnosis,"nevus, spindle cell",MeSH,D018331,"Nevus, Spindle Cell"
Diagnosis,non-melanoma skin neoplasms,MeSH,D000099313,Non-Melanoma Skin Neoplasms
Diagnosis,non-muscle invasive bladder neoplasms,MeSH,D000093284,Non-Muscle Invasive Bladder Neoplasms
Diagnosis,nonodontogenic cysts,MeSH,D009631,Nonodontogenic Cysts
Diagnosis,nose neoplasms,MeSH,D009669,Nose Neoplasms
Diagnosis,"odontogenic cyst, calcifying",MeSH,D018333,"Odontogenic Cyst, Calcifying"
Diagnosis,odontogenic cysts,MeSH,D009807,Odontogenic Cysts
Diagnosis,"odontogenic tumor, squamous",MeSH,D051527,"Odontogenic Tumor, Squamous"
Diagnosis,odontogenic tumors,MeSH,D009808,Odontogenic Tumors
Diagnosis,odontoma,MeSH,D009810,Odontoma
Diagnosis,oligodendroglioma,MeSH,D009837,Oligodendroglioma
Diagnosis,oncogene addiction,MeSH,D000074723,Oncogene Addiction
Diagnosis,opsoclonus-myoclonus syndrome,MeSH,D053578,Opsoclonus-Myoclonus Syndrome
Diagnosis,optic nerve glioma,MeSH,D020339,Optic Nerve Glioma
Diagnosis,optic nerve neoplasms,MeSH,D019574,Optic Nerve Neoplasms
Diagnosis,orbital neoplasms,MeSH,D009918,Orbital Neoplasms
Diagnosis,oropharyngeal neoplasms,MeSH,D009959,Oropharyngeal Neoplasms
Diagnosis,osteoblastoma,MeSH,D018215,Osteoblastoma
Diagnosis,osteochondroma,MeSH,D015831,Osteochondroma
Diagnosis,osteochondromatosis,MeSH,D018216,Osteochondromatosis
Diagnosis,osteoma,MeSH,D010016,Osteoma
Diagnosis,"osteoma, osteoid",MeSH,D010017,"Osteoma, Osteoid"
Diagnosis,osteosarcoma,MeSH,D012516,Osteosarcoma
Diagnosis,"osteosarcoma, juxtacortical",MeSH,D018217,"Osteosarcoma, Juxtacortical"
Diagnosis,otorhinolaryngologic neoplasms,MeSH,D010039,Otorhinolaryngologic Neoplasms
Diagnosis,ovarian cysts,MeSH,D010048,Ovarian Cysts
Diagnosis,ovarian neoplasms,MeSH,D010051,Ovarian Neoplasms
Diagnosis,"paget disease, extramammary",MeSH,D010145,"Paget Disease, Extramammary"
Diagnosis,"paget's disease, mammary",MeSH,D010144,"Paget's Disease, Mammary"
Diagnosis,pagetoid reticulosis,MeSH,D056267,Pagetoid Reticulosis
Diagnosis,palatal neoplasms,MeSH,D010157,Palatal Neoplasms
Diagnosis,pallister-hall syndrome,MeSH,D054975,Pallister-Hall Syndrome
Diagnosis,pancoast syndrome,MeSH,D010178,Pancoast Syndrome
Diagnosis,pancreatic cyst,MeSH,D010181,Pancreatic Cyst
Diagnosis,pancreatic intraductal neoplasms,MeSH,D000077779,Pancreatic Intraductal Neoplasms
Diagnosis,pancreatic neoplasms,MeSH,D010190,Pancreatic Neoplasms
Diagnosis,papilloma,MeSH,D010212,Papilloma
Diagnosis,"papilloma, choroid plexus",MeSH,D020288,"Papilloma, Choroid Plexus"
Diagnosis,"papilloma, intraductal",MeSH,D018300,"Papilloma, Intraductal"
Diagnosis,"papilloma, inverted",MeSH,D018308,"Papilloma, Inverted"
Diagnosis,paraganglioma,MeSH,D010235,Paraganglioma
Diagnosis,"paraganglioma, extra-adrenal",MeSH,D010236,"Paraganglioma, Extra-Adrenal"
Diagnosis,paranasal sinus neoplasms,MeSH,D010255,Paranasal Sinus Neoplasms
Diagnosis,paraneoplastic cerebellar degeneration,MeSH,D020362,Paraneoplastic Cerebellar Degeneration
Diagnosis,paraneoplastic endocrine syndromes,MeSH,D009384,Paraneoplastic Endocrine Syndromes
Diagnosis,paraneoplastic polyneuropathy,MeSH,D020364,Paraneoplastic Polyneuropathy
Diagnosis,paraneoplastic syndromes,MeSH,D010257,Paraneoplastic Syndromes
Diagnosis,"paraneoplastic syndromes, nervous system",MeSH,D020361,"Paraneoplastic Syndromes, Nervous System"
Diagnosis,"paraneoplastic syndromes, ocular",MeSH,D059545,"Paraneoplastic Syndromes, Ocular"
Diagnosis,parathyroid neoplasms,MeSH,D010282,Parathyroid Neoplasms
Diagnosis,parotid neoplasms,MeSH,D010307,Parotid Neoplasms
Diagnosis,parovarian cyst,MeSH,D010310,Parovarian Cyst
Diagnosis,pelvic neoplasms,MeSH,D010386,Pelvic Neoplasms
Diagnosis,penile neoplasms,MeSH,D010412,Penile Neoplasms
Diagnosis,periodontal cyst,MeSH,D010509,Periodontal Cyst
Diagnosis,peripheral nervous system neoplasms,MeSH,D010524,Peripheral Nervous System Neoplasms
Diagnosis,peritoneal neoplasms,MeSH,D010534,Peritoneal Neoplasms
Diagnosis,perivascular epithelioid cell neoplasms,MeSH,D054973,Perivascular Epithelioid Cell Neoplasms
Diagnosis,peutz-jeghers syndrome,MeSH,D010580,Peutz-Jeghers Syndrome
Diagnosis,pharyngeal neoplasms,MeSH,D010610,Pharyngeal Neoplasms
Diagnosis,pheochromocytoma,MeSH,D010673,Pheochromocytoma
Diagnosis,phyllodes tumor,MeSH,D003557,Phyllodes Tumor
Diagnosis,pilomatrixoma,MeSH,D018296,Pilomatrixoma
Diagnosis,pilonidal sinus,MeSH,D010864,Pilonidal Sinus
Diagnosis,pinealoma,MeSH,D010871,Pinealoma
Diagnosis,pituitary neoplasms,MeSH,D010911,Pituitary Neoplasms
Diagnosis,plasmablastic lymphoma,MeSH,D000069293,Plasmablastic Lymphoma
Diagnosis,plasmacytoma,MeSH,D010954,Plasmacytoma
Diagnosis,"pleural effusion, malignant",MeSH,D016066,"Pleural Effusion, Malignant"
Diagnosis,pleural neoplasms,MeSH,D010997,Pleural Neoplasms
Diagnosis,polycystic ovary syndrome,MeSH,D011085,Polycystic Ovary Syndrome
Diagnosis,polycythemia vera,MeSH,D011087,Polycythemia Vera
Diagnosis,popliteal cyst,MeSH,D011151,Popliteal Cyst
Diagnosis,poroma,MeSH,D057091,Poroma
Diagnosis,precancerous conditions,MeSH,D011230,Precancerous Conditions
Diagnosis,precursor b-cell lymphoblastic leukemia-lymphoma,MeSH,D015452,Precursor B-Cell Lymphoblastic Leukemia-Lymphoma
Diagnosis,precursor cell lymphoblastic leukemia-lymphoma,MeSH,D054198,Precursor Cell Lymphoblastic Leukemia-Lymphoma
Diagnosis,precursor t-cell lymphoblastic leukemia-lymphoma,MeSH,D054218,Precursor T-Cell Lymphoblastic Leukemia-Lymphoma
Diagnosis,"pregnancy complications, neoplastic",MeSH,D011252,"Pregnancy Complications, Neoplastic"
Diagnosis,preleukemia,MeSH,D011289,Preleukemia
Diagnosis,prolactinoma,MeSH,D015175,Prolactinoma
Diagnosis,prostatic intraepithelial neoplasia,MeSH,D019048,Prostatic Intraepithelial Neoplasia
Diagnosis,prostatic neoplasms,MeSH,D011471,Prostatic Neoplasms
Diagnosis,"prostatic neoplasms, castration-resistant",MeSH,D064129,"Prostatic Neoplasms, Castration-Resistant"
Diagnosis,proteus syndrome,MeSH,D016715,Proteus Syndrome
Diagnosis,pseudomyxoma peritonei,MeSH,D011553,Pseudomyxoma Peritonei
Diagnosis,pulmonary blastoma,MeSH,D018202,Pulmonary Blastoma
Diagnosis,pulmonary sclerosing hemangioma,MeSH,D047868,Pulmonary Sclerosing Hemangioma
Diagnosis,radicular cyst,MeSH,D011842,Radicular Cyst
Diagnosis,ranula,MeSH,D011900,Ranula
Diagnosis,rectal neoplasms,MeSH,D012004,Rectal Neoplasms
Diagnosis,respiratory tract neoplasms,MeSH,D012142,Respiratory Tract Neoplasms
Diagnosis,retinal neoplasms,MeSH,D019572,Retinal Neoplasms
Diagnosis,retinoblastoma,MeSH,D012175,Retinoblastoma
Diagnosis,retroperitoneal neoplasms,MeSH,D012186,Retroperitoneal Neoplasms
Diagnosis,rhabdoid tumor,MeSH,D018335,Rhabdoid Tumor
Diagnosis,rhabdomyoma,MeSH,D012207,Rhabdomyoma
Diagnosis,rhabdomyosarcoma,MeSH,D012208,Rhabdomyosarcoma
Diagnosis,"rhabdomyosarcoma, alveolar",MeSH,D018232,"Rhabdomyosarcoma, Alveolar"
Diagnosis,"rhabdomyosarcoma, embryonal",MeSH,D018233,"Rhabdomyosarcoma, Embryonal"
Diagnosis,salivary gland neoplasms,MeSH,D012468,Salivary Gland Neoplasms
Diagnosis,sarcoma,MeSH,D012509,Sarcoma
Diagnosis,sarcoma 180,MeSH,D012510,Sarcoma 180
Diagnosis,sarcoma 37,MeSH,D012511,Sarcoma 37
Diagnosis,"sarcoma, alveolar soft part",MeSH,D018234,"Sarcoma, Alveolar Soft Part"
Diagnosis,"sarcoma, clear cell",MeSH,D018227,"Sarcoma, Clear Cell"
Diagnosis,"sarcoma, endometrial stromal",MeSH,D018203,"Sarcoma, Endometrial Stromal"
Diagnosis,"sarcoma, ewing",MeSH,D012512,"Sarcoma, Ewing"
Diagnosis,"sarcoma, experimental",MeSH,D012513,"Sarcoma, Experimental"
Diagnosis,"sarcoma, myeloid",MeSH,D023981,"Sarcoma, Myeloid"
Diagnosis,"sarcoma, small cell",MeSH,D018228,"Sarcoma, Small Cell"
Diagnosis,"sarcoma, synovial",MeSH,D013584,"Sarcoma, Synovial"
Diagnosis,"sarcoma, yoshida",MeSH,D012517,"Sarcoma, Yoshida"
Diagnosis,sebaceous gland neoplasms,MeSH,D012626,Sebaceous Gland Neoplasms
Diagnosis,seminoma,MeSH,D018239,Seminoma
Diagnosis,sertoli cell tumor,MeSH,D012707,Sertoli Cell Tumor
Diagnosis,sertoli-leydig cell tumor,MeSH,D018310,Sertoli-Leydig Cell Tumor
Diagnosis,sex cord-gonadal stromal tumors,MeSH,D018312,Sex Cord-Gonadal Stromal Tumors
Diagnosis,sezary syndrome,MeSH,D012751,Sezary Syndrome
Diagnosis,sigmoid neoplasms,MeSH,D012811,Sigmoid Neoplasms
Diagnosis,sister mary joseph's nodule,MeSH,D058288,Sister Mary Joseph's Nodule
Diagnosis,skin neoplasms,MeSH,D012878,Skin Neoplasms
Diagnosis,skull base neoplasms,MeSH,D019292,Skull Base Neoplasms
Diagnosis,skull neoplasms,MeSH,D012888,Skull Neoplasms
Diagnosis,small cell lung carcinoma,MeSH,D055752,Small Cell Lung Carcinoma
Diagnosis,smoldering multiple myeloma,MeSH,D000075122,Smoldering Multiple Myeloma
Diagnosis,smooth muscle tumor,MeSH,D018235,Smooth Muscle Tumor
Diagnosis,soft tissue neoplasms,MeSH,D012983,Soft Tissue Neoplasms
Diagnosis,"solitary fibrous tumor, pleural",MeSH,D054363,"Solitary Fibrous Tumor, Pleural"
Diagnosis,solitary fibrous tumors,MeSH,D054364,Solitary Fibrous Tumors
Diagnosis,somatostatinoma,MeSH,D013005,Somatostatinoma
Diagnosis,spinal cord neoplasms,MeSH,D013120,Spinal Cord Neoplasms
Diagnosis,spinal neoplasms,MeSH,D013125,Spinal Neoplasms
Diagnosis,splenic neoplasms,MeSH,D013160,Splenic Neoplasms
Diagnosis,squamous cell carcinoma of head and neck,MeSH,D000077195,Squamous Cell Carcinoma of Head and Neck
Diagnosis,squamous intraepithelial lesions of the cervix,MeSH,D065310,Squamous Intraepithelial Lesions of the Cervix
Diagnosis,stomach neoplasms,MeSH,D013274,Stomach Neoplasms
Diagnosis,struma ovarii,MeSH,D013330,Struma Ovarii
Diagnosis,sturge-weber syndrome,MeSH,D013341,Sturge-Weber Syndrome
Diagnosis,sublingual gland neoplasms,MeSH,D013362,Sublingual Gland Neoplasms
Diagnosis,submandibular gland neoplasms,MeSH,D013365,Submandibular Gland Neoplasms
Diagnosis,supratentorial neoplasms,MeSH,D015173,Supratentorial Neoplasms
Diagnosis,sweat gland neoplasms,MeSH,D013544,Sweat Gland Neoplasms
Diagnosis,synovial cyst,MeSH,D013581,Synovial Cyst
Diagnosis,"synovitis, pigmented villonodular",MeSH,D013586,"Synovitis, Pigmented Villonodular"
Diagnosis,syringoma,MeSH,D018252,Syringoma
Diagnosis,tarlov cysts,MeSH,D052958,Tarlov Cysts
Diagnosis,teratocarcinoma,MeSH,D018243,Teratocarcinoma
Diagnosis,teratoma,MeSH,D013724,Teratoma
Diagnosis,testicular neoplasms,MeSH,D013736,Testicular Neoplasms
Diagnosis,thecoma,MeSH,D013798,Thecoma
Diagnosis,thoracic neoplasms,MeSH,D013899,Thoracic Neoplasms
Diagnosis,thymoma,MeSH,D013945,Thymoma
Diagnosis,thymus neoplasms,MeSH,D013953,Thymus Neoplasms
Diagnosis,thyroglossal cyst,MeSH,D013955,Thyroglossal Cyst
Diagnosis,"thyroid cancer, papillary",MeSH,D000077273,"Thyroid Cancer, Papillary"
Diagnosis,"thyroid carcinoma, anaplastic",MeSH,D065646,"Thyroid Carcinoma, Anaplastic"
Diagnosis,thyroid neoplasms,MeSH,D013964,Thyroid Neoplasms
Diagnosis,thyroid nodule,MeSH,D016606,Thyroid Nodule
Diagnosis,tongue neoplasms,MeSH,D014062,Tongue Neoplasms
Diagnosis,tonsillar neoplasms,MeSH,D014067,Tonsillar Neoplasms
Diagnosis,tracheal neoplasms,MeSH,D014134,Tracheal Neoplasms
Diagnosis,triple negative breast neoplasms,MeSH,D064726,Triple Negative Breast Neoplasms
Diagnosis,trophoblastic neoplasms,MeSH,D014328,Trophoblastic Neoplasms
Diagnosis,"trophoblastic tumor, placental site",MeSH,D018245,"Trophoblastic Tumor, Placental Site"
Diagnosis,tuberous sclerosis,MeSH,D014402,Tuberous Sclerosis
Diagnosis,tubular sweat gland adenomas,MeSH,D000074009,Tubular Sweat Gland Adenomas
Diagnosis,unilateral breast neoplasms,MeSH,D000069584,Unilateral Breast Neoplasms
Diagnosis,urachal cyst,MeSH,D014496,Urachal Cyst
Diagnosis,ureteral neoplasms,MeSH,D014516,Ureteral Neoplasms
Diagnosis,urethral neoplasms,MeSH,D014523,Urethral Neoplasms
Diagnosis,urinary bladder neoplasms,MeSH,D001749,Urinary Bladder Neoplasms
Diagnosis,urogenital neoplasms,MeSH,D014565,Urogenital Neoplasms
Diagnosis,urologic neoplasms,MeSH,D014571,Urologic Neoplasms
Diagnosis,urticaria pigmentosa,MeSH,D014582,Urticaria Pigmentosa
Diagnosis,uterine cervical dysplasia,MeSH,D002578,Uterine Cervical Dysplasia
Diagnosis,uterine cervical neoplasms,MeSH,D002583,Uterine Cervical Neoplasms
Diagnosis,uterine neoplasms,MeSH,D014594,Uterine Neoplasms
Diagnosis,uveal melanoma,MeSH,D000098943,Uveal Melanoma
Diagnosis,uveal neoplasms,MeSH,D014604,Uveal Neoplasms
Diagnosis,vaginal neoplasms,MeSH,D014625,Vaginal Neoplasms
Diagnosis,vascular neoplasms,MeSH,D019043,Vascular Neoplasms
Diagnosis,"venereal tumors, veterinary",MeSH,D014685,"Venereal Tumors, Veterinary"
Diagnosis,vipoma,MeSH,D003969,Vipoma
Diagnosis,vulvar neoplasms,MeSH,D014846,Vulvar Neoplasms
Diagnosis,wagr syndrome,MeSH,D017624,WAGR Syndrome
Diagnosis,waldenstrom macroglobulinemia,MeSH,D008258,Waldenstrom Macroglobulinemia
Diagnosis,"warburg effect, oncologic",MeSH,D000082802,"Warburg Effect, Oncologic"
Diagnosis,wilms tumor,MeSH,D009396,Wilms Tumor
Diagnosis,xeroderma pigmentosum,MeSH,D014983,Xeroderma Pigmentosum
Diagnosis,zollinger-ellison syndrome,MeSH,D015043,Zollinger-Ellison Syndrome
Diagnosis,22q11 deletion syndrome,MeSH,D058165,22q11 Deletion Syndrome
Diagnosis,achondroplasia,MeSH,D000130,Achondroplasia
Diagnosis,acquired hyperostosis syndrome,MeSH,D020083,Acquired Hyperostosis Syndrome
Diagnosis,acro-osteolysis,MeSH,D030981,Acro-Osteolysis
Diagnosis,acrocephalosyndactylia,MeSH,D000168,Acrocephalosyndactylia
Diagnosis,acromegaly,MeSH,D000172,Acromegaly
Diagnosis,ainhum,MeSH,D000387,Ainhum
Diagnosis,alveolar bone loss,MeSH,D016301,Alveolar Bone Loss
Diagnosis,ankylosis,MeSH,D000844,Ankylosis
Diagnosis,anterior compartment syndrome,MeSH,D000868,Anterior Compartment Syndrome
Diagnosis,antley-bixler syndrome phenotype,MeSH,D054882,Antley-Bixler Syndrome Phenotype
Diagnosis,arachnodactyly,MeSH,D054119,Arachnodactyly
Diagnosis,arthralgia,MeSH,D018771,Arthralgia
Diagnosis,arthritis,MeSH,D001168,Arthritis
Diagnosis,"arthritis, experimental",MeSH,D001169,"Arthritis, Experimental"
Diagnosis,"arthritis, gouty",MeSH,D015210,"Arthritis, Gouty"
Diagnosis,"arthritis, juvenile",MeSH,D001171,"Arthritis, Juvenile"
Diagnosis,"arthritis, psoriatic",MeSH,D015535,"Arthritis, Psoriatic"
Diagnosis,"arthritis, rheumatoid",MeSH,D001172,"Arthritis, Rheumatoid"
Diagnosis,arthrogryposis,MeSH,D001176,Arthrogryposis
Diagnosis,"arthropathy, neurogenic",MeSH,D001177,"Arthropathy, Neurogenic"
Diagnosis,atrophic maxilla,MeSH,D000099066,Atrophic Maxilla
Diagnosis,autosomal emery-dreifuss muscular dystrophy,MeSH,D000083144,Autosomal Emery-Dreifuss Muscular Dystrophy
Diagnosis,axial spondyloarthritis,MeSH,D000089183,Axial Spondyloarthritis
Diagnosis,bisphosphonate-associated osteonecrosis of the jaw,MeSH,D059266,Bisphosphonate-Associated Osteonecrosis of the Jaw
Diagnosis,bone anteversion,MeSH,D060750,Bone Anteversion
Diagnosis,"bone demineralization, pathologic",MeSH,D018488,"Bone Demineralization, Pathologic"
Diagnosis,bone diseases,MeSH,D001847,Bone Diseases
Diagnosis,"bone diseases, developmental",MeSH,D001848,"Bone Diseases, Developmental"
Diagnosis,"bone diseases, endocrine",MeSH,D001849,"Bone Diseases, Endocrine"
Diagnosis,"bone diseases, metabolic",MeSH,D001851,"Bone Diseases, Metabolic"
Diagnosis,bone malalignment,MeSH,D017760,Bone Malalignment
Diagnosis,bone resorption,MeSH,D001862,Bone Resorption
Diagnosis,bone retroversion,MeSH,D060751,Bone Retroversion
Diagnosis,brachydactyly,MeSH,D059327,Brachydactyly
Diagnosis,bronchomalacia,MeSH,D055091,Bronchomalacia
Diagnosis,bunion,MeSH,D000071378,Bunion
Diagnosis,"bunion, tailor's",MeSH,D050489,"Bunion, Tailor's"
Diagnosis,bursitis,MeSH,D002062,Bursitis
Diagnosis,campomelic dysplasia,MeSH,D055036,Campomelic Dysplasia
Diagnosis,camurati-engelmann syndrome,MeSH,D003966,Camurati-Engelmann Syndrome
Diagnosis,caplan syndrome,MeSH,D002205,Caplan Syndrome
Diagnosis,cartilage diseases,MeSH,D002357,Cartilage Diseases
Diagnosis,cherubism,MeSH,D002636,Cherubism
Diagnosis,chondrocalcinosis,MeSH,D002805,Chondrocalcinosis
Diagnosis,chondrodysplasia punctata,MeSH,D002806,Chondrodysplasia Punctata
Diagnosis,"chondrodysplasia punctata, rhizomelic",MeSH,D018902,"Chondrodysplasia Punctata, Rhizomelic"
Diagnosis,chondromalacia patellae,MeSH,D046789,Chondromalacia Patellae
Diagnosis,"chondromatosis, synovial",MeSH,D015838,"Chondromatosis, Synovial"
Diagnosis,chronic exertional compartment syndrome,MeSH,D000083182,Chronic Exertional Compartment Syndrome
Diagnosis,chronic kidney disease-mineral and bone disorder,MeSH,D012080,Chronic Kidney Disease-Mineral and Bone Disorder
Diagnosis,cleft palate,MeSH,D002972,Cleft Palate
Diagnosis,cleidocranial dysplasia,MeSH,D002973,Cleidocranial Dysplasia
Diagnosis,clubfoot,MeSH,D003025,Clubfoot
Diagnosis,cockayne syndrome,MeSH,D003057,Cockayne Syndrome
Diagnosis,colles' fracture,MeSH,D003100,Colles' Fracture
Diagnosis,compartment syndromes,MeSH,D003161,Compartment Syndromes
Diagnosis,congenital hypothyroidism,MeSH,D003409,Congenital Hypothyroidism
Diagnosis,contracture,MeSH,D003286,Contracture
Diagnosis,costello syndrome,MeSH,D056685,Costello Syndrome
Diagnosis,coxa magna,MeSH,D000070603,Coxa Magna
Diagnosis,coxa valga,MeSH,D060906,Coxa Valga
Diagnosis,coxa vara,MeSH,D060905,Coxa Vara
Diagnosis,craniofacial abnormalities,MeSH,D019465,Craniofacial Abnormalities
Diagnosis,craniofacial dysostosis,MeSH,D003394,Craniofacial Dysostosis
Diagnosis,craniofacial fibrous dysplasia,MeSH,D000077275,Craniofacial Fibrous Dysplasia
Diagnosis,craniomandibular disorders,MeSH,D017271,Craniomandibular Disorders
Diagnosis,craniosynostoses,MeSH,D003398,Craniosynostoses
Diagnosis,crystal arthropathies,MeSH,D000070657,Crystal Arthropathies
Diagnosis,de quervain disease,MeSH,D053684,De Quervain Disease
Diagnosis,"decalcification, pathologic",MeSH,D003649,"Decalcification, Pathologic"
Diagnosis,dentofacial deformities,MeSH,D063169,Dentofacial Deformities
Diagnosis,dermatomyositis,MeSH,D003882,Dermatomyositis
Diagnosis,developmental dysplasia of the hip,MeSH,D000082602,Developmental Dysplasia of the Hip
Diagnosis,digeorge syndrome,MeSH,D004062,DiGeorge Syndrome
Diagnosis,"diastasis, bone",MeSH,D000070631,"Diastasis, Bone"
Diagnosis,"diastasis, muscle",MeSH,D000070630,"Diastasis, Muscle"
Diagnosis,distal myopathies,MeSH,D049310,Distal Myopathies
Diagnosis,donohue syndrome,MeSH,D056731,Donohue Syndrome
Diagnosis,dropped head syndrome,MeSH,D000094222,Dropped Head Syndrome
Diagnosis,dwarfism,MeSH,D004392,Dwarfism
Diagnosis,"dwarfism, pituitary",MeSH,D004393,"Dwarfism, Pituitary"
Diagnosis,dysostoses,MeSH,D004413,Dysostoses
Diagnosis,ectromelia,MeSH,D004480,Ectromelia
Diagnosis,elbow tendinopathy,MeSH,D000070639,Elbow Tendinopathy
Diagnosis,ellis-van creveld syndrome,MeSH,D004613,Ellis-Van Creveld Syndrome
Diagnosis,enchondromatosis,MeSH,D004687,Enchondromatosis
Diagnosis,enthesopathy,MeSH,D000070676,Enthesopathy
Diagnosis,eosinophilia-myalgia syndrome,MeSH,D016603,Eosinophilia-Myalgia Syndrome
Diagnosis,eosinophilic granuloma,MeSH,D004803,Eosinophilic Granuloma
Diagnosis,"epiphyses, slipped",MeSH,D004839,"Epiphyses, Slipped"
Diagnosis,equinus deformity,MeSH,D004863,Equinus Deformity
Diagnosis,exostoses,MeSH,D005096,Exostoses
Diagnosis,familial hypophosphatemic rickets,MeSH,D053098,Familial Hypophosphatemic Rickets
Diagnosis,fasciitis,MeSH,D005208,Fasciitis
Diagnosis,"fasciitis, necrotizing",MeSH,D019115,"Fasciitis, Necrotizing"
Diagnosis,"fasciitis, plantar",MeSH,D036981,"Fasciitis, Plantar"
Diagnosis,"fatigue syndrome, chronic",MeSH,D015673,"Fatigue Syndrome, Chronic"
Diagnosis,felty syndrome,MeSH,D005258,Felty Syndrome
Diagnosis,femoracetabular impingement,MeSH,D057925,Femoracetabular Impingement
Diagnosis,femur head necrosis,MeSH,D005271,Femur Head Necrosis
Diagnosis,fibromyalgia,MeSH,D005356,Fibromyalgia
Diagnosis,fibrous dysplasia of bone,MeSH,D005357,Fibrous Dysplasia of Bone
Diagnosis,"fibrous dysplasia, monostotic",MeSH,D005358,"Fibrous Dysplasia, Monostotic"
Diagnosis,"fibrous dysplasia, polyostotic",MeSH,D005359,"Fibrous Dysplasia, Polyostotic"
Diagnosis,flatfoot,MeSH,D005413,Flatfoot
Diagnosis,focal dermal hypoplasia,MeSH,D005489,Focal Dermal Hypoplasia
Diagnosis,foot deformities,MeSH,D005530,Foot Deformities
Diagnosis,"foot deformities, acquired",MeSH,D005531,"Foot Deformities, Acquired"
Diagnosis,"foot deformities, congenital",MeSH,D005532,"Foot Deformities, Congenital"
Diagnosis,foot diseases,MeSH,D005534,Foot Diseases
Diagnosis,fracture dislocation,MeSH,D000072039,Fracture Dislocation
Diagnosis,fraser syndrome,MeSH,D058497,Fraser Syndrome
Diagnosis,funnel chest,MeSH,D005660,Funnel Chest
Diagnosis,gastroschisis,MeSH,D020139,Gastroschisis
Diagnosis,genu valgum,MeSH,D056304,Genu Valgum
Diagnosis,genu varum,MeSH,D056305,Genu Varum
Diagnosis,gigantism,MeSH,D005877,Gigantism
Diagnosis,glycogen storage disease type vii,MeSH,D006014,Glycogen Storage Disease Type VII
Diagnosis,goldenhar syndrome,MeSH,D006053,Goldenhar Syndrome
Diagnosis,gout,MeSH,D006073,Gout
Diagnosis,"granuloma, giant cell",MeSH,D006101,"Granuloma, Giant Cell"
Diagnosis,hajdu-cheney syndrome,MeSH,D031845,Hajdu-Cheney Syndrome
Diagnosis,hallermann's syndrome,MeSH,D006210,Hallermann's Syndrome
Diagnosis,hallux limitus,MeSH,D020857,Hallux Limitus
Diagnosis,hallux rigidus,MeSH,D020859,Hallux Rigidus
Diagnosis,hallux valgus,MeSH,D006215,Hallux Valgus
Diagnosis,hallux varus,MeSH,D050488,Hallux Varus
Diagnosis,hammer toe syndrome,MeSH,D037801,Hammer Toe Syndrome
Diagnosis,hand deformities,MeSH,D006226,Hand Deformities
Diagnosis,"hand deformities, acquired",MeSH,D006227,"Hand Deformities, Acquired"
Diagnosis,"hand deformities, congenital",MeSH,D006228,"Hand Deformities, Congenital"
Diagnosis,heel spur,MeSH,D036982,Heel Spur
Diagnosis,hemarthrosis,MeSH,D006395,Hemarthrosis
Diagnosis,hemimegalencephaly,MeSH,D065705,Hemimegalencephaly
Diagnosis,hip contracture,MeSH,D006616,Hip Contracture
Diagnosis,hip dislocation,MeSH,D006617,Hip Dislocation
Diagnosis,"hip dislocation, congenital",MeSH,D006618,"Hip Dislocation, Congenital"
Diagnosis,holoprosencephaly,MeSH,D016142,Holoprosencephaly
Diagnosis,hydrarthrosis,MeSH,D006833,Hydrarthrosis
Diagnosis,hyperostosis,MeSH,D015576,Hyperostosis
Diagnosis,hyperostosis frontalis interna,MeSH,D006957,Hyperostosis Frontalis Interna
Diagnosis,"hyperostosis, cortical, congenital",MeSH,D006958,"Hyperostosis, Cortical, Congenital"
Diagnosis,"hyperostosis, diffuse idiopathic skeletal",MeSH,D004057,"Hyperostosis, Diffuse Idiopathic Skeletal"
Diagnosis,"hyperostosis, sternocostoclavicular",MeSH,D015218,"Hyperostosis, Sternocostoclavicular"
Diagnosis,hypertelorism,MeSH,D006972,Hypertelorism
Diagnosis,hypokalemic periodic paralysis,MeSH,D020514,Hypokalemic Periodic Paralysis
Diagnosis,intervertebral disc degeneration,MeSH,D055959,Intervertebral Disc Degeneration
Diagnosis,intervertebral disc displacement,MeSH,D007405,Intervertebral Disc Displacement
Diagnosis,intra-abdominal hypertension,MeSH,D059325,Intra-Abdominal Hypertension
Diagnosis,isaacs syndrome,MeSH,D020386,Isaacs Syndrome
Diagnosis,ischemic contracture,MeSH,D054061,Ischemic Contracture
Diagnosis,jaw abnormalities,MeSH,D007569,Jaw Abnormalities
Diagnosis,jaw diseases,MeSH,D007571,Jaw Diseases
Diagnosis,"jaw, edentulous",MeSH,D007575,"Jaw, Edentulous"
Diagnosis,"jaw, edentulous, partially",MeSH,D007576,"Jaw, Edentulous, Partially"
Diagnosis,"joint deformities, acquired",MeSH,D016916,"Joint Deformities, Acquired"
Diagnosis,joint diseases,MeSH,D007592,Joint Diseases
Diagnosis,joint dislocations,MeSH,D004204,Joint Dislocations
Diagnosis,joint instability,MeSH,D007593,Joint Instability
Diagnosis,joint loose bodies,MeSH,D007594,Joint Loose Bodies
Diagnosis,kashin-beck disease,MeSH,D057767,Kashin-Beck Disease
Diagnosis,kearns-sayre syndrome,MeSH,D007625,Kearns-Sayre Syndrome
Diagnosis,klippel-feil syndrome,MeSH,D007714,Klippel-Feil Syndrome
Diagnosis,knee dislocation,MeSH,D031221,Knee Dislocation
Diagnosis,kyphosis,MeSH,D007738,Kyphosis
Diagnosis,leopard syndrome,MeSH,D044542,LEOPARD Syndrome
Diagnosis,langer-giedion syndrome,MeSH,D015826,Langer-Giedion Syndrome
Diagnosis,laron syndrome,MeSH,D046150,Laron Syndrome
Diagnosis,laryngomalacia,MeSH,D055092,Laryngomalacia
Diagnosis,leg length inequality,MeSH,D007870,Leg Length Inequality
Diagnosis,legg-calve-perthes disease,MeSH,D007873,Legg-Calve-Perthes Disease
Diagnosis,"limb deformities, congenital",MeSH,D017880,"Limb Deformities, Congenital"
Diagnosis,loeys-dietz syndrome,MeSH,D055947,Loeys-Dietz Syndrome
Diagnosis,lordosis,MeSH,D008141,Lordosis
Diagnosis,"lower extremity deformities, congenital",MeSH,D038061,"Lower Extremity Deformities, Congenital"
Diagnosis,melas syndrome,MeSH,D017241,MELAS Syndrome
Diagnosis,merrf syndrome,MeSH,D017243,MERRF Syndrome
Diagnosis,mandibular diseases,MeSH,D008336,Mandibular Diseases
Diagnosis,mandibulofacial dysostosis,MeSH,D008342,Mandibulofacial Dysostosis
Diagnosis,marfan syndrome,MeSH,D008382,Marfan Syndrome
Diagnosis,maxillary diseases,MeSH,D008439,Maxillary Diseases
Diagnosis,maxillofacial abnormalities,MeSH,D019767,Maxillofacial Abnormalities
Diagnosis,medial tibial stress syndrome,MeSH,D058923,Medial Tibial Stress Syndrome
Diagnosis,megalencephaly,MeSH,D058627,Megalencephaly
Diagnosis,melorheostosis,MeSH,D008557,Melorheostosis
Diagnosis,metatarsal valgus,MeSH,D000070591,Metatarsal Valgus
Diagnosis,metatarsalgia,MeSH,D037061,Metatarsalgia
Diagnosis,metatarsus varus,MeSH,D000070592,Metatarsus Varus
Diagnosis,microcephaly,MeSH,D008831,Microcephaly
Diagnosis,micrognathism,MeSH,D008844,Micrognathism
Diagnosis,mitochondrial encephalomyopathies,MeSH,D017237,Mitochondrial Encephalomyopathies
Diagnosis,mitochondrial myopathies,MeSH,D017240,Mitochondrial Myopathies
Diagnosis,monteggia's fracture,MeSH,D009011,Monteggia's Fracture
Diagnosis,morton neuroma,MeSH,D000070607,Morton Neuroma
Diagnosis,mucolipidoses,MeSH,D009081,Mucolipidoses
Diagnosis,mulibrey nanism,MeSH,D050336,Mulibrey Nanism
Diagnosis,muscle cramp,MeSH,D009120,Muscle Cramp
Diagnosis,muscle rigidity,MeSH,D009127,Muscle Rigidity
Diagnosis,muscle spasticity,MeSH,D009128,Muscle Spasticity
Diagnosis,muscle weakness,MeSH,D018908,Muscle Weakness
Diagnosis,muscular diseases,MeSH,D009135,Muscular Diseases
Diagnosis,"muscular disorders, atrophic",MeSH,D020966,"Muscular Disorders, Atrophic"
Diagnosis,muscular dystrophies,MeSH,D009136,Muscular Dystrophies
Diagnosis,"muscular dystrophies, limb-girdle",MeSH,D049288,"Muscular Dystrophies, Limb-Girdle"
Diagnosis,"muscular dystrophy, duchenne",MeSH,D020388,"Muscular Dystrophy, Duchenne"
Diagnosis,"muscular dystrophy, emery-dreifuss",MeSH,D020389,"Muscular Dystrophy, Emery-Dreifuss"
Diagnosis,"muscular dystrophy, facioscapulohumeral",MeSH,D020391,"Muscular Dystrophy, Facioscapulohumeral"
Diagnosis,"muscular dystrophy, oculopharyngeal",MeSH,D039141,"Muscular Dystrophy, Oculopharyngeal"
Diagnosis,musculoskeletal abnormalities,MeSH,D009139,Musculoskeletal Abnormalities
Diagnosis,musculoskeletal diseases,MeSH,D009140,Musculoskeletal Diseases
Diagnosis,musculoskeletal pain,MeSH,D059352,Musculoskeletal Pain
Diagnosis,myalgia,MeSH,D063806,Myalgia
Diagnosis,myofascial pain syndromes,MeSH,D009209,Myofascial Pain Syndromes
Diagnosis,myoglobinuria,MeSH,D009212,Myoglobinuria
Diagnosis,"myopathies, nemaline",MeSH,D017696,"Myopathies, Nemaline"
Diagnosis,"myopathies, structural, congenital",MeSH,D020914,"Myopathies, Structural, Congenital"
Diagnosis,"myopathy, central core",MeSH,D020512,"Myopathy, Central Core"
Diagnosis,myositis,MeSH,D009220,Myositis
Diagnosis,myositis ossificans,MeSH,D009221,Myositis Ossificans
Diagnosis,"myositis, inclusion body",MeSH,D018979,"Myositis, Inclusion Body"
Diagnosis,myotonia congenita,MeSH,D009224,Myotonia Congenita
Diagnosis,myotonic disorders,MeSH,D020967,Myotonic Disorders
Diagnosis,myotonic dystrophy,MeSH,D009223,Myotonic Dystrophy
Diagnosis,myotoxicity,MeSH,D000081030,Myotoxicity
Diagnosis,nail-patella syndrome,MeSH,D009261,Nail-Patella Syndrome
Diagnosis,non-radiographic axial spondyloarthritis,MeSH,D000089202,Non-Radiographic Axial Spondyloarthritis
Diagnosis,noonan syndrome,MeSH,D009634,Noonan Syndrome
Diagnosis,"ophthalmoplegia, chronic progressive external",MeSH,D017246,"Ophthalmoplegia, Chronic Progressive External"
Diagnosis,orbital myositis,MeSH,D055622,Orbital Myositis
Diagnosis,orofaciodigital syndromes,MeSH,D009958,Orofaciodigital Syndromes
Diagnosis,ossification of posterior longitudinal ligament,MeSH,D017887,Ossification of Posterior Longitudinal Ligament
Diagnosis,osteitis,MeSH,D010000,Osteitis
Diagnosis,osteitis deformans,MeSH,D010001,Osteitis Deformans
Diagnosis,osteitis fibrosa cystica,MeSH,D010002,Osteitis Fibrosa Cystica
Diagnosis,osteoarthritis,MeSH,D010003,Osteoarthritis
Diagnosis,"osteoarthritis, hip",MeSH,D015207,"Osteoarthritis, Hip"
Diagnosis,"osteoarthritis, knee",MeSH,D020370,"Osteoarthritis, Knee"
Diagnosis,"osteoarthritis, spine",MeSH,D055013,"Osteoarthritis, Spine"
Diagnosis,"osteoarthropathy, primary hypertrophic",MeSH,D010004,"Osteoarthropathy, Primary Hypertrophic"
Diagnosis,"osteoarthropathy, secondary hypertrophic",MeSH,D010005,"Osteoarthropathy, Secondary Hypertrophic"
Diagnosis,osteochondritis,MeSH,D010007,Osteochondritis
Diagnosis,osteochondritis dissecans,MeSH,D010008,Osteochondritis Dissecans
Diagnosis,osteochondrodysplasias,MeSH,D010009,Osteochondrodysplasias
Diagnosis,osteochondrosis,MeSH,D055034,Osteochondrosis
Diagnosis,osteogenesis imperfecta,MeSH,D010013,Osteogenesis Imperfecta
Diagnosis,osteolysis,MeSH,D010014,Osteolysis
Diagnosis,"osteolysis, essential",MeSH,D010015,"Osteolysis, Essential"
Diagnosis,osteomalacia,MeSH,D010018,Osteomalacia
Diagnosis,osteonecrosis,MeSH,D010020,Osteonecrosis
Diagnosis,osteopetrosis,MeSH,D010022,Osteopetrosis
Diagnosis,osteophyte,MeSH,D054850,Osteophyte
Diagnosis,osteopoikilosis,MeSH,D010023,Osteopoikilosis
Diagnosis,osteoporosis,MeSH,D010024,Osteoporosis
Diagnosis,"osteoporosis, postmenopausal",MeSH,D015663,"Osteoporosis, Postmenopausal"
Diagnosis,osteosclerosis,MeSH,D010026,Osteosclerosis
Diagnosis,"paralyses, familial periodic",MeSH,D010245,"Paralyses, Familial Periodic"
Diagnosis,"paralysis, hyperkalemic periodic",MeSH,D020513,"Paralysis, Hyperkalemic Periodic"
Diagnosis,patellar dislocation,MeSH,D031222,Patellar Dislocation
Diagnosis,patellofemoral pain syndrome,MeSH,D046788,Patellofemoral Pain Syndrome
Diagnosis,pectus carinatum,MeSH,D066166,Pectus Carinatum
Diagnosis,periarthritis,MeSH,D010489,Periarthritis
Diagnosis,pierre robin syndrome,MeSH,D010855,Pierre Robin Syndrome
Diagnosis,plagiocephaly,MeSH,D059041,Plagiocephaly
Diagnosis,"plagiocephaly, nonsynostotic",MeSH,D049068,"Plagiocephaly, Nonsynostotic"
Diagnosis,platybasia,MeSH,D010985,Platybasia
Diagnosis,poland syndrome,MeSH,D011045,Poland Syndrome
Diagnosis,"polychondritis, relapsing",MeSH,D011081,"Polychondritis, Relapsing"
Diagnosis,polydactyly,MeSH,D017689,Polydactyly
Diagnosis,polymyalgia rheumatica,MeSH,D011111,Polymyalgia Rheumatica
Diagnosis,polymyositis,MeSH,D017285,Polymyositis
Diagnosis,porencephaly,MeSH,D065708,Porencephaly
Diagnosis,posterior cervical sympathetic syndrome,MeSH,D055010,Posterior Cervical Sympathetic Syndrome
Diagnosis,posterior tibial tendon dysfunction,MeSH,D037081,Posterior Tibial Tendon Dysfunction
Diagnosis,prognathism,MeSH,D011378,Prognathism
Diagnosis,pseudohypoparathyroidism,MeSH,D011547,Pseudohypoparathyroidism
Diagnosis,pseudopseudohypoparathyroidism,MeSH,D011556,Pseudopseudohypoparathyroidism
Diagnosis,pubic symphysis diastasis,MeSH,D046548,Pubic Symphysis Diastasis
Diagnosis,pycnodysostosis,MeSH,D058631,Pycnodysostosis
Diagnosis,retrognathia,MeSH,D063173,Retrognathia
Diagnosis,rhabdomyolysis,MeSH,D012206,Rhabdomyolysis
Diagnosis,rheumatic diseases,MeSH,D012216,Rheumatic Diseases
Diagnosis,rheumatic nodule,MeSH,D012215,Rheumatic Nodule
Diagnosis,rheumatoid nodule,MeSH,D012218,Rheumatoid Nodule
Diagnosis,rheumatoid vasculitis,MeSH,D056653,Rheumatoid Vasculitis
Diagnosis,rickets,MeSH,D012279,Rickets
Diagnosis,"rickets, hypophosphatemic",MeSH,D063730,"Rickets, Hypophosphatemic"
Diagnosis,rotator cuff tear arthropathy,MeSH,D000070656,Rotator Cuff Tear Arthropathy
Diagnosis,rubinstein-taybi syndrome,MeSH,D012415,Rubinstein-Taybi Syndrome
Diagnosis,sacroiliitis,MeSH,D058566,Sacroiliitis
Diagnosis,salter-harris fractures,MeSH,D000072042,Salter-Harris Fractures
Diagnosis,sarcoglycanopathies,MeSH,D058088,Sarcoglycanopathies
Diagnosis,scheuermann disease,MeSH,D012544,Scheuermann Disease
Diagnosis,scoliosis,MeSH,D012600,Scoliosis
Diagnosis,short rib-polydactyly syndrome,MeSH,D012779,Short Rib-Polydactyly Syndrome
Diagnosis,shoulder dislocation,MeSH,D012783,Shoulder Dislocation
Diagnosis,shoulder impingement syndrome,MeSH,D019534,Shoulder Impingement Syndrome
Diagnosis,shoulder pain,MeSH,D020069,Shoulder Pain
Diagnosis,silver-russell syndrome,MeSH,D056730,Silver-Russell Syndrome
Diagnosis,sjogren's syndrome,MeSH,D012859,Sjogren's Syndrome
Diagnosis,slipped capital femoral epiphyses,MeSH,D060048,Slipped Capital Femoral Epiphyses
Diagnosis,spinal curvatures,MeSH,D013121,Spinal Curvatures
Diagnosis,spinal diseases,MeSH,D013122,Spinal Diseases
Diagnosis,spinal osteochondrosis,MeSH,D055035,Spinal Osteochondrosis
Diagnosis,spinal osteophytosis,MeSH,D013128,Spinal Osteophytosis
Diagnosis,spinal stenosis,MeSH,D013130,Spinal Stenosis
Diagnosis,spondylarthritis,MeSH,D025241,Spondylarthritis
Diagnosis,spondylarthropathies,MeSH,D025242,Spondylarthropathies
Diagnosis,"spondylitis, ankylosing",MeSH,D013167,"Spondylitis, Ankylosing"
Diagnosis,spondylolisthesis,MeSH,D013168,Spondylolisthesis
Diagnosis,spondylolysis,MeSH,D013169,Spondylolysis
Diagnosis,spondylosis,MeSH,D055009,Spondylosis
Diagnosis,"still's disease, adult-onset",MeSH,D016706,"Still's Disease, Adult-Onset"
Diagnosis,syndactyly,MeSH,D013576,Syndactyly
Diagnosis,synostosis,MeSH,D013580,Synostosis
Diagnosis,synovitis,MeSH,D013585,Synovitis
Diagnosis,talipes,MeSH,D000070558,Talipes
Diagnosis,talipes cavus,MeSH,D000070589,Talipes Cavus
Diagnosis,tarsal coalition,MeSH,D000070604,Tarsal Coalition
Diagnosis,temporomandibular joint disorders,MeSH,D013705,Temporomandibular Joint Disorders
Diagnosis,temporomandibular joint dysfunction syndrome,MeSH,D013706,Temporomandibular Joint Dysfunction Syndrome
Diagnosis,tendinopathy,MeSH,D052256,Tendinopathy
Diagnosis,tendon entrapment,MeSH,D053682,Tendon Entrapment
Diagnosis,tennis elbow,MeSH,D013716,Tennis Elbow
Diagnosis,tenosynovitis,MeSH,D013717,Tenosynovitis
Diagnosis,thanatophoric dysplasia,MeSH,D013796,Thanatophoric Dysplasia
Diagnosis,tietze's syndrome,MeSH,D013991,Tietze's Syndrome
Diagnosis,tracheobronchomalacia,MeSH,D055089,Tracheobronchomalacia
Diagnosis,tracheomalacia,MeSH,D055090,Tracheomalacia
Diagnosis,trigger finger disorder,MeSH,D052582,Trigger Finger Disorder
Diagnosis,"upper extremity deformities, congenital",MeSH,D038062,"Upper Extremity Deformities, Congenital"
Diagnosis,weill-marchesani syndrome,MeSH,D056846,Weill-Marchesani Syndrome
Diagnosis,wissler's syndrome,MeSH,D014924,Wissler's Syndrome
Diagnosis,x-linked emery-dreifuss muscular dystrophy,MeSH,D000083143,X-Linked Emery-Dreifuss Muscular Dystrophy
Diagnosis,acalculous cholecystitis,MeSH,D042101,Acalculous Cholecystitis
Diagnosis,achlorhydria,MeSH,D000126,Achlorhydria
Diagnosis,acute-on-chronic liver failure,MeSH,D065290,Acute-On-Chronic Liver Failure
Diagnosis,afferent loop syndrome,MeSH,D000343,Afferent Loop Syndrome
Diagnosis,alagille syndrome,MeSH,D016738,Alagille Syndrome
Diagnosis,anorectal malformations,MeSH,D000071056,Anorectal Malformations
Diagnosis,anus diseases,MeSH,D001004,Anus Diseases
Diagnosis,"anus, imperforate",MeSH,D001006,"Anus, Imperforate"
Diagnosis,autoimmune pancreatitis,MeSH,D000081012,Autoimmune Pancreatitis
Diagnosis,bile duct diseases,MeSH,D001649,Bile Duct Diseases
Diagnosis,bile reflux,MeSH,D001655,Bile Reflux
Diagnosis,biliary atresia,MeSH,D001656,Biliary Atresia
Diagnosis,biliary dyskinesia,MeSH,D001657,Biliary Dyskinesia
Diagnosis,biliary fistula,MeSH,D001658,Biliary Fistula
Diagnosis,biliary tract diseases,MeSH,D001660,Biliary Tract Diseases
Diagnosis,blind loop syndrome,MeSH,D001765,Blind Loop Syndrome
Diagnosis,budd-chiari syndrome,MeSH,D006502,Budd-Chiari Syndrome
Diagnosis,crest syndrome,MeSH,D017675,CREST Syndrome
Diagnosis,caroli disease,MeSH,D016767,Caroli Disease
Diagnosis,cecal diseases,MeSH,D002429,Cecal Diseases
Diagnosis,celiac disease,MeSH,D002446,Celiac Disease
Diagnosis,chemical and drug induced liver injury,MeSH,D056486,Chemical and Drug Induced Liver Injury
Diagnosis,"chemical and drug induced liver injury, chronic",MeSH,D056487,"Chemical and Drug Induced Liver Injury, Chronic"
Diagnosis,chilaiditi syndrome,MeSH,D059269,Chilaiditi Syndrome
Diagnosis,cholangitis,MeSH,D002761,Cholangitis
Diagnosis,"cholangitis, sclerosing",MeSH,D015209,"Cholangitis, Sclerosing"
Diagnosis,cholecystitis,MeSH,D002764,Cholecystitis
Diagnosis,"cholecystitis, acute",MeSH,D041881,"Cholecystitis, Acute"
Diagnosis,cholecystolithiasis,MeSH,D041761,Cholecystolithiasis
Diagnosis,choledocholithiasis,MeSH,D042883,Choledocholithiasis
Diagnosis,cholelithiasis,MeSH,D002769,Cholelithiasis
Diagnosis,cholera morbus,MeSH,D017688,Cholera Morbus
Diagnosis,cholestasis,MeSH,D002779,Cholestasis
Diagnosis,"cholestasis, extrahepatic",MeSH,D001651,"Cholestasis, Extrahepatic"
Diagnosis,"cholestasis, intrahepatic",MeSH,D002780,"Cholestasis, Intrahepatic"
Diagnosis,chylous ascites,MeSH,D002915,Chylous Ascites
Diagnosis,cloacal exstrophy,MeSH,D000099005,Cloacal Exstrophy
Diagnosis,colitis,MeSH,D003092,Colitis
Diagnosis,"colitis, collagenous",MeSH,D046729,"Colitis, Collagenous"
Diagnosis,"colitis, ischemic",MeSH,D017091,"Colitis, Ischemic"
Diagnosis,"colitis, lymphocytic",MeSH,D046730,"Colitis, Lymphocytic"
Diagnosis,"colitis, microscopic",MeSH,D046728,"Colitis, Microscopic"
Diagnosis,"colitis, ulcerative",MeSH,D003093,"Colitis, Ulcerative"
Diagnosis,collagenous sprue,MeSH,D064068,Collagenous Sprue
Diagnosis,colonic diseases,MeSH,D003108,Colonic Diseases
Diagnosis,"colonic diseases, functional",MeSH,D003109,"Colonic Diseases, Functional"
Diagnosis,colonic pseudo-obstruction,MeSH,D003112,Colonic Pseudo-Obstruction
Diagnosis,common bile duct diseases,MeSH,D003137,Common Bile Duct Diseases
Diagnosis,congenital hyperinsulinism,MeSH,D044903,Congenital Hyperinsulinism
Diagnosis,"coproporphyria, hereditary",MeSH,D046349,"Coproporphyria, Hereditary"
Diagnosis,crohn disease,MeSH,D003424,Crohn Disease
Diagnosis,cronkhite-canada syndrome,MeSH,D000098858,Cronkhite-Canada Syndrome
Diagnosis,cystic fibrosis,MeSH,D003550,Cystic Fibrosis
Diagnosis,deglutition disorders,MeSH,D003680,Deglutition Disorders
Diagnosis,diaphragmatic eventration,MeSH,D003965,Diaphragmatic Eventration
Diagnosis,digestive system abnormalities,MeSH,D004065,Digestive System Abnormalities
Diagnosis,digestive system diseases,MeSH,D004066,Digestive System Diseases
Diagnosis,digestive system fistula,MeSH,D016154,Digestive System Fistula
Diagnosis,diverticular diseases,MeSH,D000076385,Diverticular Diseases
Diagnosis,diverticulitis,MeSH,D004238,Diverticulitis
Diagnosis,"diverticulitis, colonic",MeSH,D004239,"Diverticulitis, Colonic"
Diagnosis,"diverticulosis, colonic",MeSH,D043963,"Diverticulosis, Colonic"
Diagnosis,"diverticulosis, esophageal",MeSH,D045723,"Diverticulosis, Esophageal"
Diagnosis,"diverticulosis, stomach",MeSH,D045724,"Diverticulosis, Stomach"
Diagnosis,diverticulum,MeSH,D004240,Diverticulum
Diagnosis,"diverticulum, colon",MeSH,D004241,"Diverticulum, Colon"
Diagnosis,"diverticulum, esophageal",MeSH,D004936,"Diverticulum, Esophageal"
Diagnosis,"diverticulum, stomach",MeSH,D013273,"Diverticulum, Stomach"
Diagnosis,dumping syndrome,MeSH,D004377,Dumping Syndrome
Diagnosis,duodenal diseases,MeSH,D004378,Duodenal Diseases
Diagnosis,duodenal obstruction,MeSH,D004380,Duodenal Obstruction
Diagnosis,duodenal ulcer,MeSH,D004381,Duodenal Ulcer
Diagnosis,duodenitis,MeSH,D004382,Duodenitis
Diagnosis,duodenogastric reflux,MeSH,D004383,Duodenogastric Reflux
Diagnosis,dysentery,MeSH,D004403,Dysentery
Diagnosis,emphysematous cholecystitis,MeSH,D041882,Emphysematous Cholecystitis
Diagnosis,end stage liver disease,MeSH,D058625,End Stage Liver Disease
Diagnosis,enteritis,MeSH,D004751,Enteritis
Diagnosis,enterocolitis,MeSH,D004760,Enterocolitis
Diagnosis,"enterocolitis, necrotizing",MeSH,D020345,"Enterocolitis, Necrotizing"
Diagnosis,"enterocolitis, neutropenic",MeSH,D044504,"Enterocolitis, Neutropenic"
Diagnosis,eosinophilic esophagitis,MeSH,D057765,Eosinophilic Esophagitis
Diagnosis,esophageal achalasia,MeSH,D004931,Esophageal Achalasia
Diagnosis,esophageal atresia,MeSH,D004933,Esophageal Atresia
Diagnosis,esophageal diseases,MeSH,D004935,Esophageal Diseases
Diagnosis,esophageal fistula,MeSH,D004937,Esophageal Fistula
Diagnosis,esophageal motility disorders,MeSH,D015154,Esophageal Motility Disorders
Diagnosis,esophageal perforation,MeSH,D004939,Esophageal Perforation
Diagnosis,"esophageal spasm, diffuse",MeSH,D015155,"Esophageal Spasm, Diffuse"
Diagnosis,esophageal stenosis,MeSH,D004940,Esophageal Stenosis
Diagnosis,esophageal and gastric varices,MeSH,D004932,Esophageal and Gastric Varices
Diagnosis,esophagitis,MeSH,D004941,Esophagitis
Diagnosis,"esophagitis, peptic",MeSH,D004942,"Esophagitis, Peptic"
Diagnosis,exocrine pancreatic insufficiency,MeSH,D010188,Exocrine Pancreatic Insufficiency
Diagnosis,fatty liver,MeSH,D005234,Fatty Liver
Diagnosis,"fatty liver, alcoholic",MeSH,D005235,"Fatty Liver, Alcoholic"
Diagnosis,fecal impaction,MeSH,D005244,Fecal Impaction
Diagnosis,fecal incontinence,MeSH,D005242,Fecal Incontinence
Diagnosis,fissure in ano,MeSH,D005401,Fissure in Ano
Diagnosis,focal nodular hyperplasia,MeSH,D020518,Focal Nodular Hyperplasia
Diagnosis,gallbladder diseases,MeSH,D005705,Gallbladder Diseases
Diagnosis,gallstones,MeSH,D042882,Gallstones
Diagnosis,gastric antral vascular ectasia,MeSH,D020252,Gastric Antral Vascular Ectasia
Diagnosis,gastric dilatation,MeSH,D013271,Gastric Dilatation
Diagnosis,gastric fistula,MeSH,D005747,Gastric Fistula
Diagnosis,gastritis,MeSH,D005756,Gastritis
Diagnosis,"gastritis, atrophic",MeSH,D005757,"Gastritis, Atrophic"
Diagnosis,"gastritis, hypertrophic",MeSH,D005758,"Gastritis, Hypertrophic"
Diagnosis,gastroenteritis,MeSH,D005759,Gastroenteritis
Diagnosis,gastroesophageal reflux,MeSH,D005764,Gastroesophageal Reflux
Diagnosis,gastrointestinal diseases,MeSH,D005767,Gastrointestinal Diseases
Diagnosis,gastrointestinal hemorrhage,MeSH,D006471,Gastrointestinal Hemorrhage
Diagnosis,gastroparesis,MeSH,D018589,Gastroparesis
Diagnosis,hematemesis,MeSH,D006396,Hematemesis
Diagnosis,hemoperitoneum,MeSH,D006465,Hemoperitoneum
Diagnosis,hemorrhoids,MeSH,D006484,Hemorrhoids
Diagnosis,hepatic encephalopathy,MeSH,D006501,Hepatic Encephalopathy
Diagnosis,hepatic infarction,MeSH,D000081011,Hepatic Infarction
Diagnosis,hepatic insufficiency,MeSH,D048550,Hepatic Insufficiency
Diagnosis,hepatic veno-occlusive disease,MeSH,D006504,Hepatic Veno-Occlusive Disease
Diagnosis,hepatitis,MeSH,D006505,Hepatitis
Diagnosis,"hepatitis, alcoholic",MeSH,D006519,"Hepatitis, Alcoholic"
Diagnosis,"hepatitis, autoimmune",MeSH,D019693,"Hepatitis, Autoimmune"
Diagnosis,"hepatitis, chronic",MeSH,D006521,"Hepatitis, Chronic"
Diagnosis,hepatolenticular degeneration,MeSH,D006527,Hepatolenticular Degeneration
Diagnosis,hepatomegaly,MeSH,D006529,Hepatomegaly
Diagnosis,hepatopulmonary syndrome,MeSH,D020065,Hepatopulmonary Syndrome
Diagnosis,hepatorenal syndrome,MeSH,D006530,Hepatorenal Syndrome
Diagnosis,hirschsprung disease,MeSH,D006627,Hirschsprung Disease
Diagnosis,"hypertension, portal",MeSH,D006975,"Hypertension, Portal"
Diagnosis,idiopathic noncirrhotic portal hypertension,MeSH,D000094724,Idiopathic Noncirrhotic Portal Hypertension
Diagnosis,ileal diseases,MeSH,D007077,Ileal Diseases
Diagnosis,ileitis,MeSH,D007079,Ileitis
Diagnosis,ileus,MeSH,D045823,Ileus
Diagnosis,inflammatory bowel diseases,MeSH,D015212,Inflammatory Bowel Diseases
Diagnosis,intestinal atresia,MeSH,D007409,Intestinal Atresia
Diagnosis,intestinal diseases,MeSH,D007410,Intestinal Diseases
Diagnosis,intestinal failure,MeSH,D000090124,Intestinal Failure
Diagnosis,intestinal fistula,MeSH,D007412,Intestinal Fistula
Diagnosis,intestinal obstruction,MeSH,D007415,Intestinal Obstruction
Diagnosis,intestinal perforation,MeSH,D007416,Intestinal Perforation
Diagnosis,intestinal polyposis,MeSH,D044483,Intestinal Polyposis
Diagnosis,intestinal pseudo-obstruction,MeSH,D007418,Intestinal Pseudo-Obstruction
Diagnosis,intestinal volvulus,MeSH,D045822,Intestinal Volvulus
Diagnosis,intussusception,MeSH,D007443,Intussusception
Diagnosis,irritable bowel syndrome,MeSH,D043183,Irritable Bowel Syndrome
Diagnosis,jejunal diseases,MeSH,D007579,Jejunal Diseases
Diagnosis,lactose intolerance,MeSH,D007787,Lactose Intolerance
Diagnosis,laryngopharyngeal reflux,MeSH,D057045,Laryngopharyngeal Reflux
Diagnosis,liver cirrhosis,MeSH,D008103,Liver Cirrhosis
Diagnosis,"liver cirrhosis, alcoholic",MeSH,D008104,"Liver Cirrhosis, Alcoholic"
Diagnosis,"liver cirrhosis, biliary",MeSH,D008105,"Liver Cirrhosis, Biliary"
Diagnosis,"liver cirrhosis, experimental",MeSH,D008106,"Liver Cirrhosis, Experimental"
Diagnosis,liver diseases,MeSH,D008107,Liver Diseases
Diagnosis,"liver diseases, alcoholic",MeSH,D008108,"Liver Diseases, Alcoholic"
Diagnosis,liver failure,MeSH,D017093,Liver Failure
Diagnosis,"liver failure, acute",MeSH,D017114,"Liver Failure, Acute"
Diagnosis,low anterior resection syndrome,MeSH,D000094123,Low Anterior Resection Syndrome
Diagnosis,malabsorption syndromes,MeSH,D008286,Malabsorption Syndromes
Diagnosis,mallory-weiss syndrome,MeSH,D008309,Mallory-Weiss Syndrome
Diagnosis,massive hepatic necrosis,MeSH,D047508,Massive Hepatic Necrosis
Diagnosis,meckel diverticulum,MeSH,D008467,Meckel Diverticulum
Diagnosis,meconium ileus,MeSH,D000074270,Meconium Ileus
Diagnosis,median arcuate ligament syndrome,MeSH,D000074742,Median Arcuate Ligament Syndrome
Diagnosis,megacolon,MeSH,D008531,Megacolon
Diagnosis,"megacolon, toxic",MeSH,D008532,"Megacolon, Toxic"
Diagnosis,melena,MeSH,D008551,Melena
Diagnosis,mesenteric ischemia,MeSH,D065666,Mesenteric Ischemia
Diagnosis,mesenteric lymphadenitis,MeSH,D008640,Mesenteric Lymphadenitis
Diagnosis,mesenteric vascular occlusion,MeSH,D008641,Mesenteric Vascular Occlusion
Diagnosis,mirizzi syndrome,MeSH,D057792,Mirizzi Syndrome
Diagnosis,mucositis,MeSH,D052016,Mucositis
Diagnosis,nesidioblastosis,MeSH,D046768,Nesidioblastosis
Diagnosis,neurogenic bowel,MeSH,D055496,Neurogenic Bowel
Diagnosis,non-erosive reflux disease,MeSH,D000096663,Non-Erosive Reflux Disease
Diagnosis,non-alcoholic fatty liver disease,MeSH,D065626,Non-alcoholic Fatty Liver Disease
Diagnosis,pancreas divisum,MeSH,D000092142,Pancreas Divisum
Diagnosis,pancreatic diseases,MeSH,D010182,Pancreatic Diseases
Diagnosis,pancreatic fistula,MeSH,D010185,Pancreatic Fistula
Diagnosis,pancreaticobiliary maljunction,MeSH,D000080222,Pancreaticobiliary Maljunction
Diagnosis,pancreatitis,MeSH,D010195,Pancreatitis
Diagnosis,"pancreatitis, acute hemorrhagic",MeSH,D000081032,"Pancreatitis, Acute Hemorrhagic"
Diagnosis,"pancreatitis, acute necrotizing",MeSH,D019283,"Pancreatitis, Acute Necrotizing"
Diagnosis,"pancreatitis, alcoholic",MeSH,D019512,"Pancreatitis, Alcoholic"
Diagnosis,"pancreatitis, chronic",MeSH,D050500,"Pancreatitis, Chronic"
Diagnosis,"pancreatitis, graft",MeSH,D055589,"Pancreatitis, Graft"
Diagnosis,"panniculitis, peritoneal",MeSH,D015436,"Panniculitis, Peritoneal"
Diagnosis,peliosis hepatis,MeSH,D010382,Peliosis Hepatis
Diagnosis,peptic ulcer,MeSH,D010437,Peptic Ulcer
Diagnosis,peptic ulcer hemorrhage,MeSH,D010438,Peptic Ulcer Hemorrhage
Diagnosis,peptic ulcer perforation,MeSH,D010439,Peptic Ulcer Perforation
Diagnosis,peritoneal diseases,MeSH,D010532,Peritoneal Diseases
Diagnosis,peritoneal fibrosis,MeSH,D056627,Peritoneal Fibrosis
Diagnosis,plummer-vinson syndrome,MeSH,D011004,Plummer-Vinson Syndrome
Diagnosis,pneumatosis cystoides intestinalis,MeSH,D011006,Pneumatosis Cystoides Intestinalis
Diagnosis,pneumoperitoneum,MeSH,D011027,Pneumoperitoneum
Diagnosis,porphyria cutanea tarda,MeSH,D017119,Porphyria Cutanea Tarda
Diagnosis,"porphyria, acute intermittent",MeSH,D017118,"Porphyria, Acute Intermittent"
Diagnosis,"porphyria, hepatoerythropoietic",MeSH,D017121,"Porphyria, Hepatoerythropoietic"
Diagnosis,"porphyria, variegate",MeSH,D046350,"Porphyria, Variegate"
Diagnosis,"porphyrias, hepatic",MeSH,D017094,"Porphyrias, Hepatic"
Diagnosis,postcholecystectomy syndrome,MeSH,D017562,Postcholecystectomy Syndrome
Diagnosis,postgastrectomy syndromes,MeSH,D011178,Postgastrectomy Syndromes
Diagnosis,pouchitis,MeSH,D019449,Pouchitis
Diagnosis,proctitis,MeSH,D011349,Proctitis
Diagnosis,proctocolitis,MeSH,D011350,Proctocolitis
Diagnosis,protein-losing enteropathies,MeSH,D011504,Protein-Losing Enteropathies
Diagnosis,"protoporphyria, erythropoietic",MeSH,D046351,"Protoporphyria, Erythropoietic"
Diagnosis,pruritus ani,MeSH,D011538,Pruritus Ani
Diagnosis,pyloric stenosis,MeSH,D011707,Pyloric Stenosis
Diagnosis,"pyloric stenosis, hypertrophic",MeSH,D046248,"Pyloric Stenosis, Hypertrophic"
Diagnosis,rectal diseases,MeSH,D012002,Rectal Diseases
Diagnosis,rectal fistula,MeSH,D012003,Rectal Fistula
Diagnosis,rectal prolapse,MeSH,D012005,Rectal Prolapse
Diagnosis,rectocele,MeSH,D020047,Rectocele
Diagnosis,rectovaginal fistula,MeSH,D012006,Rectovaginal Fistula
Diagnosis,respiratory aspiration of gastric contents,MeSH,D063466,Respiratory Aspiration of Gastric Contents
Diagnosis,reye syndrome,MeSH,D012202,Reye Syndrome
Diagnosis,rumination syndrome,MeSH,D000079562,Rumination Syndrome
Diagnosis,short bowel syndrome,MeSH,D012778,Short Bowel Syndrome
Diagnosis,shwachman-diamond syndrome,MeSH,D000081003,Shwachman-Diamond Syndrome
Diagnosis,sigmoid diseases,MeSH,D012810,Sigmoid Diseases
Diagnosis,sinistral portal hypertension,MeSH,D000094723,Sinistral Portal Hypertension
Diagnosis,sphincter of oddi dysfunction,MeSH,D046628,Sphincter of Oddi Dysfunction
Diagnosis,"sprue, tropical",MeSH,D013182,"Sprue, Tropical"
Diagnosis,steatorrhea,MeSH,D045602,Steatorrhea
Diagnosis,stomach diseases,MeSH,D013272,Stomach Diseases
Diagnosis,stomach rupture,MeSH,D013275,Stomach Rupture
Diagnosis,stomach ulcer,MeSH,D013276,Stomach Ulcer
Diagnosis,stomach volvulus,MeSH,D013277,Stomach Volvulus
Diagnosis,superior mesenteric artery syndrome,MeSH,D013478,Superior Mesenteric Artery Syndrome
Diagnosis,tracheoesophageal fistula,MeSH,D014138,Tracheoesophageal Fistula
Diagnosis,visceral prolapse,MeSH,D014782,Visceral Prolapse
Diagnosis,zellweger syndrome,MeSH,D015211,Zellweger Syndrome
Diagnosis,zenker diverticulum,MeSH,D016672,Zenker Diverticulum
Diagnosis,alpha 1-antitrypsin deficiency,MeSH,D019896,alpha 1-Antitrypsin Deficiency
Diagnosis,aggressive periodontitis,MeSH,D010520,Aggressive Periodontitis
Diagnosis,amelogenesis imperfecta,MeSH,D000567,Amelogenesis Imperfecta
Diagnosis,ankyloglossia,MeSH,D000072676,Ankyloglossia
Diagnosis,anodontia,MeSH,D000848,Anodontia
Diagnosis,behcet syndrome,MeSH,D001528,Behcet Syndrome
Diagnosis,bruxism,MeSH,D002012,Bruxism
Diagnosis,burning mouth syndrome,MeSH,D002054,Burning Mouth Syndrome
Diagnosis,cheilitis,MeSH,D002613,Cheilitis
Diagnosis,chronic periodontitis,MeSH,D055113,Chronic Periodontitis
Diagnosis,cleft lip,MeSH,D002971,Cleft Lip
Diagnosis,cracked tooth syndrome,MeSH,D003387,Cracked Tooth Syndrome
Diagnosis,dens in dente,MeSH,D003719,Dens in Dente
Diagnosis,dental calculus,MeSH,D003728,Dental Calculus
Diagnosis,dental caries,MeSH,D003731,Dental Caries
Diagnosis,dental deposits,MeSH,D003741,Dental Deposits
Diagnosis,dental enamel hypomineralization,MeSH,D000094603,Dental Enamel Hypomineralization
Diagnosis,dental enamel hypoplasia,MeSH,D003744,Dental Enamel Hypoplasia
Diagnosis,dental fissures,MeSH,D003750,Dental Fissures
Diagnosis,dental fistula,MeSH,D003751,Dental Fistula
Diagnosis,dental leakage,MeSH,D003763,Dental Leakage
Diagnosis,"dental occlusion, traumatic",MeSH,D003769,"Dental Occlusion, Traumatic"
Diagnosis,dental plaque,MeSH,D003773,Dental Plaque
Diagnosis,dental pulp calcification,MeSH,D003784,Dental Pulp Calcification
Diagnosis,dental pulp diseases,MeSH,D003788,Dental Pulp Diseases
Diagnosis,dental pulp exposure,MeSH,D003789,Dental Pulp Exposure
Diagnosis,dental pulp necrosis,MeSH,D003790,Dental Pulp Necrosis
Diagnosis,dentin dysplasia,MeSH,D003805,Dentin Dysplasia
Diagnosis,dentin sensitivity,MeSH,D003807,Dentin Sensitivity
Diagnosis,"dentin, secondary",MeSH,D003809,"Dentin, Secondary"
Diagnosis,dentinogenesis imperfecta,MeSH,D003811,Dentinogenesis Imperfecta
Diagnosis,developmental defects of enamel,MeSH,D000094602,Developmental Defects of Enamel
Diagnosis,diastema,MeSH,D003970,Diastema
Diagnosis,dry socket,MeSH,D004368,Dry Socket
Diagnosis,facial hemiatrophy,MeSH,D005150,Facial Hemiatrophy
Diagnosis,facial nerve diseases,MeSH,D005155,Facial Nerve Diseases
Diagnosis,facial nerve injuries,MeSH,D020220,Facial Nerve Injuries
Diagnosis,facial neuralgia,MeSH,D005156,Facial Neuralgia
Diagnosis,facial paralysis,MeSH,D005158,Facial Paralysis
Diagnosis,"fibromatosis, gingival",MeSH,D005351,"Fibromatosis, Gingival"
Diagnosis,"fluorosis, dental",MeSH,D009050,"Fluorosis, Dental"
Diagnosis,focal epithelial hyperplasia,MeSH,D017573,Focal Epithelial Hyperplasia
Diagnosis,furcation defects,MeSH,D017823,Furcation Defects
Diagnosis,fused teeth,MeSH,D005671,Fused Teeth
Diagnosis,gingival diseases,MeSH,D005882,Gingival Diseases
Diagnosis,gingival hemorrhage,MeSH,D005884,Gingival Hemorrhage
Diagnosis,gingival hyperplasia,MeSH,D005885,Gingival Hyperplasia
Diagnosis,gingival hypertrophy,MeSH,D005886,Gingival Hypertrophy
Diagnosis,gingival overgrowth,MeSH,D019214,Gingival Overgrowth
Diagnosis,gingival recession,MeSH,D005889,Gingival Recession
Diagnosis,glossalgia,MeSH,D005926,Glossalgia
Diagnosis,glossitis,MeSH,D005928,Glossitis
Diagnosis,"glossitis, benign migratory",MeSH,D005929,"Glossitis, Benign Migratory"
Diagnosis,glossoptosis,MeSH,D065710,Glossoptosis
Diagnosis,"granulomatosis, orofacial",MeSH,D051261,"Granulomatosis, Orofacial"
Diagnosis,hemifacial spasm,MeSH,D019569,Hemifacial Spasm
Diagnosis,hypercementosis,MeSH,D006936,Hypercementosis
Diagnosis,kimura disease,MeSH,D000082242,Kimura Disease
Diagnosis,"leukoedema, oral",MeSH,D007967,"Leukoedema, Oral"
Diagnosis,"lichen planus, oral",MeSH,D017676,"Lichen Planus, Oral"
Diagnosis,lingual nerve injuries,MeSH,D061222,Lingual Nerve Injuries
Diagnosis,lip diseases,MeSH,D008047,Lip Diseases
Diagnosis,macroglossia,MeSH,D008260,Macroglossia
Diagnosis,macrostomia,MeSH,D008265,Macrostomia
Diagnosis,malocclusion,MeSH,D008310,Malocclusion
Diagnosis,"malocclusion, angle class i",MeSH,D008311,"Malocclusion, Angle Class I"
Diagnosis,"malocclusion, angle class ii",MeSH,D008312,"Malocclusion, Angle Class II"
Diagnosis,"malocclusion, angle class iii",MeSH,D008313,"Malocclusion, Angle Class III"
Diagnosis,mandibular nerve injuries,MeSH,D000080902,Mandibular Nerve Injuries
Diagnosis,melkersson-rosenthal syndrome,MeSH,D008556,Melkersson-Rosenthal Syndrome
Diagnosis,mesial movement of teeth,MeSH,D008644,Mesial Movement of Teeth
Diagnosis,microstomia,MeSH,D008865,Microstomia
Diagnosis,mikulicz' disease,MeSH,D008882,Mikulicz' Disease
Diagnosis,mobius syndrome,MeSH,D020331,Mobius Syndrome
Diagnosis,molar hypomineralization,MeSH,D000094604,Molar Hypomineralization
Diagnosis,mouth abnormalities,MeSH,D009056,Mouth Abnormalities
Diagnosis,mouth diseases,MeSH,D009059,Mouth Diseases
Diagnosis,"mouth, edentulous",MeSH,D009066,"Mouth, Edentulous"
Diagnosis,nasopharyngeal diseases,MeSH,D009302,Nasopharyngeal Diseases
Diagnosis,noma,MeSH,D009625,Noma
Diagnosis,odontodysplasia,MeSH,D018126,Odontodysplasia
Diagnosis,open bite,MeSH,D024343,Open Bite
Diagnosis,oral fistula,MeSH,D016155,Oral Fistula
Diagnosis,oral hemorrhage,MeSH,D006472,Oral Hemorrhage
Diagnosis,oral manifestations,MeSH,D009912,Oral Manifestations
Diagnosis,oral submucous fibrosis,MeSH,D009914,Oral Submucous Fibrosis
Diagnosis,oral ulcer,MeSH,D019226,Oral Ulcer
Diagnosis,oroantral fistula,MeSH,D009957,Oroantral Fistula
Diagnosis,overbite,MeSH,D057887,Overbite
Diagnosis,parotid diseases,MeSH,D010305,Parotid Diseases
Diagnosis,parotitis,MeSH,D010309,Parotitis
Diagnosis,peri-implantitis,MeSH,D057873,Peri-Implantitis
Diagnosis,periapical diseases,MeSH,D010483,Periapical Diseases
Diagnosis,periapical granuloma,MeSH,D010484,Periapical Granuloma
Diagnosis,periapical periodontitis,MeSH,D010485,Periapical Periodontitis
Diagnosis,pericoronitis,MeSH,D010497,Pericoronitis
Diagnosis,periodontal atrophy,MeSH,D055093,Periodontal Atrophy
Diagnosis,periodontal attachment loss,MeSH,D017622,Periodontal Attachment Loss
Diagnosis,periodontal diseases,MeSH,D010510,Periodontal Diseases
Diagnosis,periodontal pocket,MeSH,D010514,Periodontal Pocket
Diagnosis,periodontitis,MeSH,D010518,Periodontitis
Diagnosis,pharyngeal diseases,MeSH,D010608,Pharyngeal Diseases
Diagnosis,pulpitis,MeSH,D011671,Pulpitis
Diagnosis,root caries,MeSH,D017213,Root Caries
Diagnosis,root resorption,MeSH,D012391,Root Resorption
Diagnosis,salivary calculi,MeSH,D020792,Salivary Calculi
Diagnosis,salivary duct calculi,MeSH,D012465,Salivary Duct Calculi
Diagnosis,salivary gland calculi,MeSH,D015494,Salivary Gland Calculi
Diagnosis,salivary gland diseases,MeSH,D012466,Salivary Gland Diseases
Diagnosis,salivary gland fistula,MeSH,D012467,Salivary Gland Fistula
Diagnosis,sialadenitis,MeSH,D012793,Sialadenitis
Diagnosis,"sialometaplasia, necrotizing",MeSH,D012797,"Sialometaplasia, Necrotizing"
Diagnosis,sialorrhea,MeSH,D012798,Sialorrhea
Diagnosis,sleep bruxism,MeSH,D020186,Sleep Bruxism
Diagnosis,smear layer,MeSH,D016369,Smear Layer
Diagnosis,stevens-johnson syndrome,MeSH,D013262,Stevens-Johnson Syndrome
Diagnosis,stomatitis,MeSH,D013280,Stomatitis
Diagnosis,"stomatitis, aphthous",MeSH,D013281,"Stomatitis, Aphthous"
Diagnosis,"stomatitis, denture",MeSH,D013282,"Stomatitis, Denture"
Diagnosis,stomatognathic diseases,MeSH,D009057,Stomatognathic Diseases
Diagnosis,stomatognathic system abnormalities,MeSH,D018640,Stomatognathic System Abnormalities
Diagnosis,submandibular gland diseases,MeSH,D013364,Submandibular Gland Diseases
Diagnosis,tongue diseases,MeSH,D014060,Tongue Diseases
Diagnosis,"tongue, fissured",MeSH,D014063,"Tongue, Fissured"
Diagnosis,"tongue, hairy",MeSH,D014064,"Tongue, Hairy"
Diagnosis,tooth abnormalities,MeSH,D014071,Tooth Abnormalities
Diagnosis,tooth abrasion,MeSH,D014072,Tooth Abrasion
Diagnosis,tooth ankylosis,MeSH,D020254,Tooth Ankylosis
Diagnosis,tooth attrition,MeSH,D019217,Tooth Attrition
Diagnosis,tooth avulsion,MeSH,D014084,Tooth Avulsion
Diagnosis,tooth demineralization,MeSH,D017001,Tooth Demineralization
Diagnosis,tooth discoloration,MeSH,D014075,Tooth Discoloration
Diagnosis,tooth diseases,MeSH,D014076,Tooth Diseases
Diagnosis,tooth erosion,MeSH,D014077,Tooth Erosion
Diagnosis,"tooth eruption, ectopic",MeSH,D014079,"Tooth Eruption, Ectopic"
Diagnosis,tooth fractures,MeSH,D014082,Tooth Fractures
Diagnosis,tooth injuries,MeSH,D018677,Tooth Injuries
Diagnosis,tooth loss,MeSH,D016388,Tooth Loss
Diagnosis,tooth migration,MeSH,D014085,Tooth Migration
Diagnosis,tooth mobility,MeSH,D014086,Tooth Mobility
Diagnosis,tooth resorption,MeSH,D014091,Tooth Resorption
Diagnosis,tooth wear,MeSH,D057085,Tooth Wear
Diagnosis,"tooth, impacted",MeSH,D014095,"Tooth, Impacted"
Diagnosis,"tooth, nonvital",MeSH,D019553,"Tooth, Nonvital"
Diagnosis,"tooth, supernumerary",MeSH,D014096,"Tooth, Supernumerary"
Diagnosis,"tooth, unerupted",MeSH,D014097,"Tooth, Unerupted"
Diagnosis,toothache,MeSH,D014098,Toothache
Diagnosis,trigeminal nerve diseases,MeSH,D020433,Trigeminal Nerve Diseases
Diagnosis,trigeminal nerve injuries,MeSH,D061221,Trigeminal Nerve Injuries
Diagnosis,trigeminal neuralgia,MeSH,D014277,Trigeminal Neuralgia
Diagnosis,velopharyngeal insufficiency,MeSH,D014681,Velopharyngeal Insufficiency
Diagnosis,xerostomia,MeSH,D014987,Xerostomia
Diagnosis,abducens nerve diseases,MeSH,D020434,Abducens Nerve Diseases
Diagnosis,abducens nerve injury,MeSH,D020222,Abducens Nerve Injury
Diagnosis,accessory nerve diseases,MeSH,D020436,Accessory Nerve Diseases
Diagnosis,accessory nerve injuries,MeSH,D061227,Accessory Nerve Injuries
Diagnosis,acrocallosal syndrome,MeSH,D055673,Acrocallosal Syndrome
Diagnosis,acrodynia,MeSH,D000170,Acrodynia
Diagnosis,acute febrile encephalopathy,MeSH,D000071072,Acute Febrile Encephalopathy
Diagnosis,adie syndrome,MeSH,D000270,Adie Syndrome
Diagnosis,adrenoleukodystrophy,MeSH,D000326,Adrenoleukodystrophy
Diagnosis,agenesis of corpus callosum,MeSH,D061085,Agenesis of Corpus Callosum
Diagnosis,ageusia,MeSH,D000370,Ageusia
Diagnosis,agnosia,MeSH,D000377,Agnosia
Diagnosis,agraphia,MeSH,D000381,Agraphia
Diagnosis,aicardi syndrome,MeSH,D058540,Aicardi Syndrome
Diagnosis,"akathisia, drug-induced",MeSH,D017109,"Akathisia, Drug-Induced"
Diagnosis,akinetic mutism,MeSH,D000405,Akinetic Mutism
Diagnosis,alcohol amnestic disorder,MeSH,D000425,Alcohol Amnestic Disorder
Diagnosis,alcohol withdrawal delirium,MeSH,D000430,Alcohol Withdrawal Delirium
Diagnosis,alcohol withdrawal seizures,MeSH,D020270,Alcohol Withdrawal Seizures
Diagnosis,"alcohol-induced disorders, nervous system",MeSH,D020268,"Alcohol-Induced Disorders, Nervous System"
Diagnosis,alcoholic korsakoff syndrome,MeSH,D000076042,Alcoholic Korsakoff Syndrome
Diagnosis,alcoholic neuropathy,MeSH,D020269,Alcoholic Neuropathy
Diagnosis,alexander disease,MeSH,D038261,Alexander Disease
Diagnosis,"alexia, pure",MeSH,D020237,"Alexia, Pure"
Diagnosis,alice in wonderland syndrome,MeSH,D062026,Alice in Wonderland Syndrome
Diagnosis,alien limb phenomenon,MeSH,D055964,Alien Limb Phenomenon
Diagnosis,allesthesia,MeSH,D066190,Allesthesia
Diagnosis,alstrom syndrome,MeSH,D056769,Alstrom Syndrome
Diagnosis,alzheimer disease,MeSH,D000544,Alzheimer Disease
Diagnosis,amaurosis fugax,MeSH,D020757,Amaurosis Fugax
Diagnosis,amblyopia,MeSH,D000550,Amblyopia
Diagnosis,amnesia,MeSH,D000647,Amnesia
Diagnosis,"amnesia, anterograde",MeSH,D020324,"Amnesia, Anterograde"
Diagnosis,"amnesia, retrograde",MeSH,D000648,"Amnesia, Retrograde"
Diagnosis,"amnesia, transient global",MeSH,D020236,"Amnesia, Transient Global"
Diagnosis,amyloid neuropathies,MeSH,D017772,Amyloid Neuropathies
Diagnosis,"amyloid neuropathies, familial",MeSH,D028227,"Amyloid Neuropathies, Familial"
Diagnosis,amyotrophic lateral sclerosis,MeSH,D000690,Amyotrophic Lateral Sclerosis
Diagnosis,anencephaly,MeSH,D000757,Anencephaly
Diagnosis,angelman syndrome,MeSH,D017204,Angelman Syndrome
Diagnosis,anhedonia,MeSH,D059445,Anhedonia
Diagnosis,anisocoria,MeSH,D015875,Anisocoria
Diagnosis,anomia,MeSH,D000849,Anomia
Diagnosis,anosmia,MeSH,D000086582,Anosmia
Diagnosis,anterior spinal artery syndrome,MeSH,D020759,Anterior Spinal Artery Syndrome
Diagnosis,aphasia,MeSH,D001037,Aphasia
Diagnosis,"aphasia, broca",MeSH,D001039,"Aphasia, Broca"
Diagnosis,"aphasia, conduction",MeSH,D018886,"Aphasia, Conduction"
Diagnosis,"aphasia, primary progressive",MeSH,D018888,"Aphasia, Primary Progressive"
Diagnosis,"aphasia, wernicke",MeSH,D001041,"Aphasia, Wernicke"
Diagnosis,aphonia,MeSH,D001044,Aphonia
Diagnosis,"apraxia, ideomotor",MeSH,D020240,"Apraxia, Ideomotor"
Diagnosis,apraxias,MeSH,D001072,Apraxias
Diagnosis,arachnoiditis,MeSH,D001100,Arachnoiditis
Diagnosis,argininosuccinic aciduria,MeSH,D056807,Argininosuccinic Aciduria
Diagnosis,arnold-chiari malformation,MeSH,D001139,Arnold-Chiari Malformation
Diagnosis,arsenic poisoning,MeSH,D020261,Arsenic Poisoning
Diagnosis,articulation disorders,MeSH,D001184,Articulation Disorders
Diagnosis,ataxia,MeSH,D001259,Ataxia
Diagnosis,ataxia telangiectasia,MeSH,D001260,Ataxia Telangiectasia
Diagnosis,athetosis,MeSH,D001264,Athetosis
Diagnosis,"auditory diseases, central",MeSH,D001304,"Auditory Diseases, Central"
Diagnosis,auditory perceptual disorders,MeSH,D001308,Auditory Perceptual Disorders
Diagnosis,autoimmune diseases of the nervous system,MeSH,D020274,Autoimmune Diseases of the Nervous System
Diagnosis,autoimmune hypophysitis,MeSH,D000069281,Autoimmune Hypophysitis
Diagnosis,autonomic dysreflexia,MeSH,D020211,Autonomic Dysreflexia
Diagnosis,autonomic nervous system diseases,MeSH,D001342,Autonomic Nervous System Diseases
Diagnosis,bardet-biedl syndrome,MeSH,D020788,Bardet-Biedl Syndrome
Diagnosis,basal ganglia cerebrovascular disease,MeSH,D020144,Basal Ganglia Cerebrovascular Disease
Diagnosis,basal ganglia diseases,MeSH,D001480,Basal Ganglia Diseases
Diagnosis,basal ganglia hemorrhage,MeSH,D020145,Basal Ganglia Hemorrhage
Diagnosis,benign paroxysmal positional vertigo,MeSH,D065635,Benign Paroxysmal Positional Vertigo
Diagnosis,bilateral vestibulopathy,MeSH,D000071699,Bilateral Vestibulopathy
Diagnosis,blindness,MeSH,D001766,Blindness
Diagnosis,"blindness, cortical",MeSH,D019575,"Blindness, Cortical"
Diagnosis,brachial plexus neuritis,MeSH,D020968,Brachial Plexus Neuritis
Diagnosis,brachial plexus neuropathies,MeSH,D020516,Brachial Plexus Neuropathies
Diagnosis,brain concussion,MeSH,D001924,Brain Concussion
Diagnosis,brain contusion,MeSH,D000070624,Brain Contusion
Diagnosis,"brain damage, chronic",MeSH,D001925,"Brain Damage, Chronic"
Diagnosis,brain death,MeSH,D001926,Brain Death
Diagnosis,brain diseases,MeSH,D001927,Brain Diseases
Diagnosis,"brain diseases, metabolic",MeSH,D001928,"Brain Diseases, Metabolic"
Diagnosis,"brain diseases, metabolic, inborn",MeSH,D020739,"Brain Diseases, Metabolic, Inborn"
Diagnosis,brain edema,MeSH,D001929,Brain Edema
Diagnosis,"brain hemorrhage, traumatic",MeSH,D020201,"Brain Hemorrhage, Traumatic"
Diagnosis,brain infarction,MeSH,D020520,Brain Infarction
Diagnosis,brain injuries,MeSH,D001930,Brain Injuries
Diagnosis,"brain injuries, diffuse",MeSH,D000070625,"Brain Injuries, Diffuse"
Diagnosis,"brain injuries, traumatic",MeSH,D000070642,"Brain Injuries, Traumatic"
Diagnosis,"brain injury, chronic",MeSH,D020208,"Brain Injury, Chronic"
Diagnosis,brain ischemia,MeSH,D002545,Brain Ischemia
Diagnosis,"brain stem hemorrhage, traumatic",MeSH,D020203,"Brain Stem Hemorrhage, Traumatic"
Diagnosis,brain stem infarctions,MeSH,D020526,Brain Stem Infarctions
Diagnosis,brown-sequard syndrome,MeSH,D018437,Brown-Sequard Syndrome
Diagnosis,"bulbar palsy, progressive",MeSH,D010244,"Bulbar Palsy, Progressive"
Diagnosis,"bulbo-spinal atrophy, x-linked",MeSH,D055534,"Bulbo-Spinal Atrophy, X-Linked"
Diagnosis,cadasil,MeSH,D046589,CADASIL
Diagnosis,charge syndrome,MeSH,D058747,CHARGE Syndrome
Diagnosis,canavan disease,MeSH,D017825,Canavan Disease
Diagnosis,carbamoyl-phosphate synthase i deficiency disease,MeSH,D020165,Carbamoyl-Phosphate Synthase I Deficiency Disease
Diagnosis,carotid artery diseases,MeSH,D002340,Carotid Artery Diseases
Diagnosis,carotid artery injuries,MeSH,D020212,Carotid Artery Injuries
Diagnosis,carotid artery thrombosis,MeSH,D002341,Carotid Artery Thrombosis
Diagnosis,"carotid artery, internal, dissection",MeSH,D020215,"Carotid Artery, Internal, Dissection"
Diagnosis,carotid stenosis,MeSH,D016893,Carotid Stenosis
Diagnosis,carotid webs,MeSH,D000099136,Carotid Webs
Diagnosis,carotid-cavernous sinus fistula,MeSH,D020216,Carotid-Cavernous Sinus Fistula
Diagnosis,carpal tunnel syndrome,MeSH,D002349,Carpal Tunnel Syndrome
Diagnosis,catalepsy,MeSH,D002375,Catalepsy
Diagnosis,cataplexy,MeSH,D002385,Cataplexy
Diagnosis,catatonia,MeSH,D002389,Catatonia
Diagnosis,cauda equina syndrome,MeSH,D000077684,Cauda Equina Syndrome
Diagnosis,causalgia,MeSH,D002422,Causalgia
Diagnosis,cavernous sinus syndromes,MeSH,D000096826,Cavernous Sinus Syndromes
Diagnosis,cavernous sinus thrombosis,MeSH,D020226,Cavernous Sinus Thrombosis
Diagnosis,central cord syndrome,MeSH,D020210,Central Cord Syndrome
Diagnosis,central nervous system diseases,MeSH,D002493,Central Nervous System Diseases
Diagnosis,central nervous system vascular malformations,MeSH,D020785,Central Nervous System Vascular Malformations
Diagnosis,cerebellar ataxia,MeSH,D002524,Cerebellar Ataxia
Diagnosis,cerebellar cognitive affective syndrome,MeSH,D000098966,Cerebellar Cognitive Affective Syndrome
Diagnosis,cerebellar diseases,MeSH,D002526,Cerebellar Diseases
Diagnosis,cerebral amyloid angiopathy,MeSH,D016657,Cerebral Amyloid Angiopathy
Diagnosis,"cerebral amyloid angiopathy, familial",MeSH,D028243,"Cerebral Amyloid Angiopathy, Familial"
Diagnosis,cerebral arterial diseases,MeSH,D002539,Cerebral Arterial Diseases
Diagnosis,cerebral cortical thinning,MeSH,D000082643,Cerebral Cortical Thinning
Diagnosis,cerebral hemorrhage,MeSH,D002543,Cerebral Hemorrhage
Diagnosis,"cerebral hemorrhage, traumatic",MeSH,D020202,"Cerebral Hemorrhage, Traumatic"
Diagnosis,cerebral infarction,MeSH,D002544,Cerebral Infarction
Diagnosis,cerebral intraventricular hemorrhage,MeSH,D000074042,Cerebral Intraventricular Hemorrhage
Diagnosis,cerebral palsy,MeSH,D002547,Cerebral Palsy
Diagnosis,cerebral small vessel diseases,MeSH,D059345,Cerebral Small Vessel Diseases
Diagnosis,cerebrospinal fluid leak,MeSH,D065634,Cerebrospinal Fluid Leak
Diagnosis,cerebrospinal fluid otorrhea,MeSH,D002558,Cerebrospinal Fluid Otorrhea
Diagnosis,cerebrospinal fluid rhinorrhea,MeSH,D002559,Cerebrospinal Fluid Rhinorrhea
Diagnosis,cerebrovascular disorders,MeSH,D002561,Cerebrovascular Disorders
Diagnosis,cerebrovascular trauma,MeSH,D020214,Cerebrovascular Trauma
Diagnosis,cervical rib syndrome,MeSH,D002573,Cervical Rib Syndrome
Diagnosis,charcot-marie-tooth disease,MeSH,D002607,Charcot-Marie-Tooth Disease
Diagnosis,charles bonnet syndrome,MeSH,D000075562,Charles Bonnet Syndrome
Diagnosis,chorea,MeSH,D002819,Chorea
Diagnosis,chorea gravidarum,MeSH,D020150,Chorea Gravidarum
Diagnosis,chronic traumatic encephalopathy,MeSH,D000070627,Chronic Traumatic Encephalopathy
Diagnosis,chronobiology disorders,MeSH,D021081,Chronobiology Disorders
Diagnosis,citrullinemia,MeSH,D020159,Citrullinemia
Diagnosis,classical lissencephalies and subcortical band heterotopias,MeSH,D054221,Classical Lissencephalies and Subcortical Band Heterotopias
Diagnosis,cluster headache,MeSH,D003027,Cluster Headache
Diagnosis,cobblestone lissencephaly,MeSH,D054222,Cobblestone Lissencephaly
Diagnosis,coffin-lowry syndrome,MeSH,D038921,Coffin-Lowry Syndrome
Diagnosis,cogan syndrome,MeSH,D055952,Cogan Syndrome
Diagnosis,color vision defects,MeSH,D003117,Color Vision Defects
Diagnosis,coma,MeSH,D003128,Coma
Diagnosis,"coma, post-head injury",MeSH,D020207,"Coma, Post-Head Injury"
Diagnosis,communication disorders,MeSH,D003147,Communication Disorders
Diagnosis,complex regional pain syndromes,MeSH,D020918,Complex Regional Pain Syndromes
Diagnosis,confusion,MeSH,D003221,Confusion
Diagnosis,congenital cranial dysinnervation disorders,MeSH,D000093922,Congenital Cranial Dysinnervation Disorders
Diagnosis,consciousness disorders,MeSH,D003244,Consciousness Disorders
Diagnosis,contrecoup injury,MeSH,D056886,Contrecoup Injury
Diagnosis,corneal injuries,MeSH,D065306,Corneal Injuries
Diagnosis,corneal perforation,MeSH,D057112,Corneal Perforation
Diagnosis,corticobasal degeneration,MeSH,D000088282,Corticobasal Degeneration
Diagnosis,cranial nerve diseases,MeSH,D003389,Cranial Nerve Diseases
Diagnosis,cranial nerve injuries,MeSH,D020209,Cranial Nerve Injuries
Diagnosis,craniocerebral trauma,MeSH,D006259,Craniocerebral Trauma
Diagnosis,cri-du-chat syndrome,MeSH,D003410,Cri-du-Chat Syndrome
Diagnosis,cubital tunnel syndrome,MeSH,D020430,Cubital Tunnel Syndrome
Diagnosis,dandy-walker syndrome,MeSH,D003616,Dandy-Walker Syndrome
Diagnosis,de lange syndrome,MeSH,D003635,De Lange Syndrome
Diagnosis,deaf-blind disorders,MeSH,D054062,Deaf-Blind Disorders
Diagnosis,deafness,MeSH,D003638,Deafness
Diagnosis,decerebrate state,MeSH,D003655,Decerebrate State
Diagnosis,delirium,MeSH,D003693,Delirium
Diagnosis,dementia,MeSH,D003704,Dementia
Diagnosis,"dementia, multi-infarct",MeSH,D015161,"Dementia, Multi-Infarct"
Diagnosis,"dementia, vascular",MeSH,D015140,"Dementia, Vascular"
Diagnosis,"demyelinating autoimmune diseases, cns",MeSH,D020278,"Demyelinating Autoimmune Diseases, CNS"
Diagnosis,demyelinating diseases,MeSH,D003711,Demyelinating Diseases
Diagnosis,diabetic neuropathies,MeSH,D003929,Diabetic Neuropathies
Diagnosis,diaschisis,MeSH,D000087505,Diaschisis
Diagnosis,diffuse axonal injury,MeSH,D020833,Diffuse Axonal Injury
Diagnosis,diffuse cerebral sclerosis of schilder,MeSH,D002549,Diffuse Cerebral Sclerosis of Schilder
Diagnosis,diffuse neurofibrillary tangles with calcification,MeSH,D055956,Diffuse Neurofibrillary Tangles with Calcification
Diagnosis,diplopia,MeSH,D004172,Diplopia
Diagnosis,disorders of excessive somnolence,MeSH,D006970,Disorders of Excessive Somnolence
Diagnosis,down syndrome,MeSH,D004314,Down Syndrome
Diagnosis,drug resistant epilepsy,MeSH,D000069279,Drug Resistant Epilepsy
Diagnosis,duane retraction syndrome,MeSH,D004370,Duane Retraction Syndrome
Diagnosis,dysarthria,MeSH,D004401,Dysarthria
Diagnosis,"dysautonomia, familial",MeSH,D004402,"Dysautonomia, Familial"
Diagnosis,dyscalculia,MeSH,D060705,Dyscalculia
Diagnosis,dysgeusia,MeSH,D004408,Dysgeusia
Diagnosis,"dyskinesia, drug-induced",MeSH,D004409,"Dyskinesia, Drug-Induced"
Diagnosis,dyskinesias,MeSH,D020820,Dyskinesias
Diagnosis,dyslexia,MeSH,D004410,Dyslexia
Diagnosis,"dyslexia, acquired",MeSH,D004411,"Dyslexia, Acquired"
Diagnosis,dysphonia,MeSH,D055154,Dysphonia
Diagnosis,dyssomnias,MeSH,D020920,Dyssomnias
Diagnosis,dystonia,MeSH,D004421,Dystonia
Diagnosis,dystonia musculorum deformans,MeSH,D004422,Dystonia Musculorum Deformans
Diagnosis,dystonic disorders,MeSH,D020821,Dystonic Disorders
Diagnosis,echolalia,MeSH,D004454,Echolalia
Diagnosis,embolic stroke,MeSH,D000083262,Embolic Stroke
Diagnosis,emergence delirium,MeSH,D000071257,Emergence Delirium
Diagnosis,empty sella syndrome,MeSH,D004652,Empty Sella Syndrome
Diagnosis,encephalitis,MeSH,D004660,Encephalitis
Diagnosis,encephalocele,MeSH,D004677,Encephalocele
Diagnosis,encephalomalacia,MeSH,D004678,Encephalomalacia
Diagnosis,"encephalomyelitis, acute disseminated",MeSH,D004673,"Encephalomyelitis, Acute Disseminated"
Diagnosis,"encephalomyelitis, autoimmune, experimental",MeSH,D004681,"Encephalomyelitis, Autoimmune, Experimental"
Diagnosis,epilepsia partialis continua,MeSH,D017036,Epilepsia Partialis Continua
Diagnosis,"epilepsies, myoclonic",MeSH,D004831,"Epilepsies, Myoclonic"
Diagnosis,"epilepsies, partial",MeSH,D004828,"Epilepsies, Partial"
Diagnosis,epilepsy,MeSH,D004827,Epilepsy
Diagnosis,"epilepsy, absence",MeSH,D004832,"Epilepsy, Absence"
Diagnosis,"epilepsy, benign neonatal",MeSH,D020936,"Epilepsy, Benign Neonatal"
Diagnosis,"epilepsy, complex partial",MeSH,D017029,"Epilepsy, Complex Partial"
Diagnosis,"epilepsy, frontal lobe",MeSH,D017034,"Epilepsy, Frontal Lobe"
Diagnosis,"epilepsy, generalized",MeSH,D004829,"Epilepsy, Generalized"
Diagnosis,"epilepsy, partial, motor",MeSH,D020938,"Epilepsy, Partial, Motor"
Diagnosis,"epilepsy, partial, sensory",MeSH,D020937,"Epilepsy, Partial, Sensory"
Diagnosis,"epilepsy, post-traumatic",MeSH,D004834,"Epilepsy, Post-Traumatic"
Diagnosis,"epilepsy, reflex",MeSH,D020195,"Epilepsy, Reflex"
Diagnosis,"epilepsy, rolandic",MeSH,D019305,"Epilepsy, Rolandic"
Diagnosis,"epilepsy, temporal lobe",MeSH,D004833,"Epilepsy, Temporal Lobe"
Diagnosis,"epilepsy, tonic-clonic",MeSH,D004830,"Epilepsy, Tonic-Clonic"
Diagnosis,epileptic syndromes,MeSH,D000073376,Epileptic Syndromes
Diagnosis,esotropia,MeSH,D004948,Esotropia
Diagnosis,essential tremor,MeSH,D020329,Essential Tremor
Diagnosis,exotropia,MeSH,D005099,Exotropia
Diagnosis,eye burns,MeSH,D005126,Eye Burns
Diagnosis,eye foreign bodies,MeSH,D005129,Eye Foreign Bodies
Diagnosis,eye injuries,MeSH,D005131,Eye Injuries
Diagnosis,"eye injuries, penetrating",MeSH,D015807,"Eye Injuries, Penetrating"
Diagnosis,fabry disease,MeSH,D000795,Fabry Disease
Diagnosis,facial injuries,MeSH,D005151,Facial Injuries
Diagnosis,farber lipogranulomatosis,MeSH,D055577,Farber Lipogranulomatosis
Diagnosis,fasciculation,MeSH,D005207,Fasciculation
Diagnosis,femoral neuropathy,MeSH,D020428,Femoral Neuropathy
Diagnosis,focal cortical dysplasia,MeSH,D000092222,Focal Cortical Dysplasia
Diagnosis,foveomacular retinitis,MeSH,D000099070,Foveomacular Retinitis
Diagnosis,fragile x syndrome,MeSH,D005600,Fragile X Syndrome
Diagnosis,friedreich ataxia,MeSH,D005621,Friedreich Ataxia
Diagnosis,frontotemporal dementia,MeSH,D057180,Frontotemporal Dementia
Diagnosis,frontotemporal lobar degeneration,MeSH,D057174,Frontotemporal Lobar Degeneration
Diagnosis,fucosidosis,MeSH,D005645,Fucosidosis
Diagnosis,gait apraxia,MeSH,D020235,Gait Apraxia
Diagnosis,gait ataxia,MeSH,D020234,Gait Ataxia
Diagnosis,"gait disorders, neurologic",MeSH,D020233,"Gait Disorders, Neurologic"
Diagnosis,galactosemias,MeSH,D005693,Galactosemias
Diagnosis,gangliosidoses,MeSH,D005733,Gangliosidoses
Diagnosis,"gangliosidoses, gm2",MeSH,D020143,"Gangliosidoses, GM2"
Diagnosis,"gangliosidosis, gm1",MeSH,D016537,"Gangliosidosis, GM1"
Diagnosis,gaucher disease,MeSH,D005776,Gaucher Disease
Diagnosis,gerstmann syndrome,MeSH,D005862,Gerstmann Syndrome
Diagnosis,giant axonal neuropathy,MeSH,D056768,Giant Axonal Neuropathy
Diagnosis,giant cell arteritis,MeSH,D013700,Giant Cell Arteritis
Diagnosis,glossopharyngeal nerve diseases,MeSH,D020435,Glossopharyngeal Nerve Diseases
Diagnosis,glossopharyngeal nerve injuries,MeSH,D061287,Glossopharyngeal Nerve Injuries
Diagnosis,glycogen storage disease type ii,MeSH,D006009,Glycogen Storage Disease Type II
Diagnosis,glycogen storage disease type iib,MeSH,D052120,Glycogen Storage Disease Type IIb
Diagnosis,guillain-barre syndrome,MeSH,D020275,Guillain-Barre Syndrome
Diagnosis,hallucinations,MeSH,D006212,Hallucinations
Diagnosis,hand-arm vibration syndrome,MeSH,D053421,Hand-Arm Vibration Syndrome
Diagnosis,hartnup disease,MeSH,D006250,Hartnup Disease
Diagnosis,"head injuries, closed",MeSH,D016489,"Head Injuries, Closed"
Diagnosis,"head injuries, penetrating",MeSH,D020197,"Head Injuries, Penetrating"
Diagnosis,headache disorders,MeSH,D020773,Headache Disorders
Diagnosis,"headache disorders, primary",MeSH,D051270,"Headache Disorders, Primary"
Diagnosis,"headache disorders, secondary",MeSH,D051271,"Headache Disorders, Secondary"
Diagnosis,hearing disorders,MeSH,D006311,Hearing Disorders
Diagnosis,hearing loss,MeSH,D034381,Hearing Loss
Diagnosis,"hearing loss, bilateral",MeSH,D006312,"Hearing Loss, Bilateral"
Diagnosis,"hearing loss, central",MeSH,D006313,"Hearing Loss, Central"
Diagnosis,"hearing loss, conductive",MeSH,D006314,"Hearing Loss, Conductive"
Diagnosis,"hearing loss, functional",MeSH,D006315,"Hearing Loss, Functional"
Diagnosis,"hearing loss, hidden",MeSH,D000097942,"Hearing Loss, Hidden"
Diagnosis,"hearing loss, high-frequency",MeSH,D006316,"Hearing Loss, High-Frequency"
Diagnosis,"hearing loss, mixed conductive-sensorineural",MeSH,D046089,"Hearing Loss, Mixed Conductive-Sensorineural"
Diagnosis,"hearing loss, noise-induced",MeSH,D006317,"Hearing Loss, Noise-Induced"
Diagnosis,"hearing loss, sensorineural",MeSH,D006319,"Hearing Loss, Sensorineural"
Diagnosis,"hearing loss, sudden",MeSH,D003639,"Hearing Loss, Sudden"
Diagnosis,"hearing loss, unilateral",MeSH,D046088,"Hearing Loss, Unilateral"
Diagnosis,"heavy metal poisoning, nervous system",MeSH,D020260,"Heavy Metal Poisoning, Nervous System"
Diagnosis,"hematoma, epidural, cranial",MeSH,D006407,"Hematoma, Epidural, Cranial"
Diagnosis,"hematoma, subdural",MeSH,D006408,"Hematoma, Subdural"
Diagnosis,"hematoma, subdural, acute",MeSH,D020199,"Hematoma, Subdural, Acute"
Diagnosis,"hematoma, subdural, chronic",MeSH,D020200,"Hematoma, Subdural, Chronic"
Diagnosis,"hematoma, subdural, intracranial",MeSH,D046648,"Hematoma, Subdural, Intracranial"
Diagnosis,hemianopsia,MeSH,D006423,Hemianopsia
Diagnosis,hemiplegia,MeSH,D006429,Hemiplegia
Diagnosis,hemorrhagic stroke,MeSH,D000083302,Hemorrhagic Stroke
Diagnosis,hereditary central nervous system demyelinating diseases,MeSH,D020279,Hereditary Central Nervous System Demyelinating Diseases
Diagnosis,hereditary sensory and autonomic neuropathies,MeSH,D009477,Hereditary Sensory and Autonomic Neuropathies
Diagnosis,hereditary sensory and motor neuropathy,MeSH,D015417,Hereditary Sensory and Motor Neuropathy
Diagnosis,"heredodegenerative disorders, nervous system",MeSH,D020271,"Heredodegenerative Disorders, Nervous System"
Diagnosis,high pressure neurological syndrome,MeSH,D006610,High Pressure Neurological Syndrome
Diagnosis,hippocampal sclerosis,MeSH,D000092223,Hippocampal Sclerosis
Diagnosis,hoarseness,MeSH,D006685,Hoarseness
Diagnosis,homocystinuria,MeSH,D006712,Homocystinuria
Diagnosis,horner syndrome,MeSH,D006732,Horner Syndrome
Diagnosis,huntington disease,MeSH,D006816,Huntington Disease
Diagnosis,hydranencephaly,MeSH,D006832,Hydranencephaly
Diagnosis,hydrocephalus,MeSH,D006849,Hydrocephalus
Diagnosis,"hydrocephalus, normal pressure",MeSH,D006850,"Hydrocephalus, Normal Pressure"
Diagnosis,hyperacusis,MeSH,D012001,Hyperacusis
Diagnosis,hyperalgesia,MeSH,D006930,Hyperalgesia
Diagnosis,hyperargininemia,MeSH,D020162,Hyperargininemia
Diagnosis,hyperekplexia,MeSH,D000071017,Hyperekplexia
Diagnosis,hyperesthesia,MeSH,D006941,Hyperesthesia
Diagnosis,"hyperglycinemia, nonketotic",MeSH,D020158,"Hyperglycinemia, Nonketotic"
Diagnosis,hyperkinesis,MeSH,D006948,Hyperkinesis
Diagnosis,hyperlysinemias,MeSH,D020167,Hyperlysinemias
Diagnosis,hyperpituitarism,MeSH,D006964,Hyperpituitarism
Diagnosis,hyperprolactinemia,MeSH,D006966,Hyperprolactinemia
Diagnosis,hypertensive encephalopathy,MeSH,D020343,Hypertensive Encephalopathy
Diagnosis,hypesthesia,MeSH,D006987,Hypesthesia
Diagnosis,hypoglossal nerve diseases,MeSH,D020437,Hypoglossal Nerve Diseases
Diagnosis,hypoglossal nerve injuries,MeSH,D061228,Hypoglossal Nerve Injuries
Diagnosis,hypokinesia,MeSH,D018476,Hypokinesia
Diagnosis,hypophysitis,MeSH,D000072659,Hypophysitis
Diagnosis,hypopituitarism,MeSH,D007018,Hypopituitarism
Diagnosis,"hypotension, orthostatic",MeSH,D007024,"Hypotension, Orthostatic"
Diagnosis,hypothalamic diseases,MeSH,D007027,Hypothalamic Diseases
Diagnosis,"hypoxia, brain",MeSH,D002534,"Hypoxia, Brain"
Diagnosis,"hypoxia-ischemia, brain",MeSH,D020925,"Hypoxia-Ischemia, Brain"
Diagnosis,idiopathic hypersomnia,MeSH,D020177,Idiopathic Hypersomnia
Diagnosis,illusions,MeSH,D007088,Illusions
Diagnosis,inappropriate adh syndrome,MeSH,D007177,Inappropriate ADH Syndrome
Diagnosis,"infarction, anterior cerebral artery",MeSH,D020243,"Infarction, Anterior Cerebral Artery"
Diagnosis,"infarction, middle cerebral artery",MeSH,D020244,"Infarction, Middle Cerebral Artery"
Diagnosis,"infarction, posterior cerebral artery",MeSH,D020762,"Infarction, Posterior Cerebral Artery"
Diagnosis,insulin coma,MeSH,D007331,Insulin Coma
Diagnosis,intellectual disability,MeSH,D008607,Intellectual Disability
Diagnosis,intracranial aneurysm,MeSH,D002532,Intracranial Aneurysm
Diagnosis,intracranial arterial diseases,MeSH,D020765,Intracranial Arterial Diseases
Diagnosis,intracranial arteriosclerosis,MeSH,D002537,Intracranial Arteriosclerosis
Diagnosis,intracranial arteriovenous malformations,MeSH,D002538,Intracranial Arteriovenous Malformations
Diagnosis,intracranial embolism,MeSH,D020766,Intracranial Embolism
Diagnosis,intracranial embolism and thrombosis,MeSH,D002542,Intracranial Embolism and Thrombosis
Diagnosis,"intracranial hemorrhage, hypertensive",MeSH,D020299,"Intracranial Hemorrhage, Hypertensive"
Diagnosis,"intracranial hemorrhage, traumatic",MeSH,D020198,"Intracranial Hemorrhage, Traumatic"
Diagnosis,intracranial hemorrhages,MeSH,D020300,Intracranial Hemorrhages
Diagnosis,intracranial hypertension,MeSH,D019586,Intracranial Hypertension
Diagnosis,intracranial hypotension,MeSH,D019585,Intracranial Hypotension
Diagnosis,intracranial thrombosis,MeSH,D020767,Intracranial Thrombosis
Diagnosis,"ischemic attack, transient",MeSH,D002546,"Ischemic Attack, Transient"
Diagnosis,ischemic stroke,MeSH,D000083242,Ischemic Stroke
Diagnosis,jaw fractures,MeSH,D007572,Jaw Fractures
Diagnosis,jet lag syndrome,MeSH,D020179,Jet Lag Syndrome
Diagnosis,kernicterus,MeSH,D007647,Kernicterus
Diagnosis,kleine-levin syndrome,MeSH,D017593,Kleine-Levin Syndrome
Diagnosis,kluver-bucy syndrome,MeSH,D020232,Kluver-Bucy Syndrome
Diagnosis,korsakoff syndrome,MeSH,D020915,Korsakoff Syndrome
Diagnosis,lafora disease,MeSH,D020192,Lafora Disease
Diagnosis,landau-kleffner syndrome,MeSH,D018887,Landau-Kleffner Syndrome
Diagnosis,language development disorders,MeSH,D007805,Language Development Disorders
Diagnosis,language disorders,MeSH,D007806,Language Disorders
Diagnosis,laryngeal nerve injuries,MeSH,D061224,Laryngeal Nerve Injuries
Diagnosis,lateral medullary syndrome,MeSH,D014854,Lateral Medullary Syndrome
Diagnosis,lateral sinus thrombosis,MeSH,D020227,Lateral Sinus Thrombosis
Diagnosis,laurence-moon syndrome,MeSH,D007849,Laurence-Moon Syndrome
Diagnosis,"lead poisoning, nervous system",MeSH,D020263,"Lead Poisoning, Nervous System"
Diagnosis,"lead poisoning, nervous system, adult",MeSH,D020265,"Lead Poisoning, Nervous System, Adult"
Diagnosis,"lead poisoning, nervous system, childhood",MeSH,D020264,"Lead Poisoning, Nervous System, Childhood"
Diagnosis,learning disabilities,MeSH,D007859,Learning Disabilities
Diagnosis,leigh disease,MeSH,D007888,Leigh Disease
Diagnosis,lennox gastaut syndrome,MeSH,D065768,Lennox Gastaut Syndrome
Diagnosis,lesch-nyhan syndrome,MeSH,D007926,Lesch-Nyhan Syndrome
Diagnosis,lethargy,MeSH,D053609,Lethargy
Diagnosis,"leukodystrophy, globoid cell",MeSH,D007965,"Leukodystrophy, Globoid Cell"
Diagnosis,"leukodystrophy, metachromatic",MeSH,D007966,"Leukodystrophy, Metachromatic"
Diagnosis,"leukoencephalitis, acute hemorrhagic",MeSH,D004684,"Leukoencephalitis, Acute Hemorrhagic"
Diagnosis,leukoencephalopathies,MeSH,D056784,Leukoencephalopathies
Diagnosis,"leukomalacia, periventricular",MeSH,D007969,"Leukomalacia, Periventricular"
Diagnosis,lewy body disease,MeSH,D020961,Lewy Body Disease
Diagnosis,lissencephaly,MeSH,D054082,Lissencephaly
Diagnosis,locked-in syndrome,MeSH,D000080422,Locked-In Syndrome
Diagnosis,"lysosomal storage diseases, nervous system",MeSH,D020140,"Lysosomal Storage Diseases, Nervous System"
Diagnosis,mptp poisoning,MeSH,D020267,MPTP Poisoning
Diagnosis,machado-joseph disease,MeSH,D017827,Machado-Joseph Disease
Diagnosis,malformations of cortical development,MeSH,D054220,Malformations of Cortical Development
Diagnosis,"malformations of cortical development, group i",MeSH,D065703,"Malformations of Cortical Development, Group I"
Diagnosis,"malformations of cortical development, group ii",MeSH,D054081,"Malformations of Cortical Development, Group II"
Diagnosis,"malformations of cortical development, group iii",MeSH,D065704,"Malformations of Cortical Development, Group III"
Diagnosis,mandibular fractures,MeSH,D008337,Mandibular Fractures
Diagnosis,mandibular injuries,MeSH,D008338,Mandibular Injuries
Diagnosis,manganese poisoning,MeSH,D020149,Manganese Poisoning
Diagnosis,mania,MeSH,D000087122,Mania
Diagnosis,maple syrup urine disease,MeSH,D008375,Maple Syrup Urine Disease
Diagnosis,marchiafava-bignami disease,MeSH,D054319,Marchiafava-Bignami Disease
Diagnosis,maxillary fractures,MeSH,D008440,Maxillary Fractures
Diagnosis,maxillofacial injuries,MeSH,D008446,Maxillofacial Injuries
Diagnosis,median neuropathy,MeSH,D020423,Median Neuropathy
Diagnosis,meige syndrome,MeSH,D008538,Meige Syndrome
Diagnosis,memory disorders,MeSH,D008569,Memory Disorders
Diagnosis,meningism,MeSH,D008580,Meningism
Diagnosis,meningitis,MeSH,D008581,Meningitis
Diagnosis,"meningitis, aseptic",MeSH,D008582,"Meningitis, Aseptic"
Diagnosis,meningocele,MeSH,D008588,Meningocele
Diagnosis,meningomyelocele,MeSH,D008591,Meningomyelocele
Diagnosis,menkes kinky hair syndrome,MeSH,D007706,Menkes Kinky Hair Syndrome
Diagnosis,"mercury poisoning, nervous system",MeSH,D020262,"Mercury Poisoning, Nervous System"
Diagnosis,mevalonate kinase deficiency,MeSH,D054078,Mevalonate Kinase Deficiency
Diagnosis,microscopic polyangiitis,MeSH,D055953,Microscopic Polyangiitis
Diagnosis,migraine disorders,MeSH,D008881,Migraine Disorders
Diagnosis,migraine with aura,MeSH,D020325,Migraine with Aura
Diagnosis,migraine without aura,MeSH,D020326,Migraine without Aura
Diagnosis,miller fisher syndrome,MeSH,D019846,Miller Fisher Syndrome
Diagnosis,miosis,MeSH,D015877,Miosis
Diagnosis,mixed dementias,MeSH,D000093902,Mixed Dementias
Diagnosis,mononeuropathies,MeSH,D020422,Mononeuropathies
Diagnosis,motor neuron disease,MeSH,D016472,Motor Neuron Disease
Diagnosis,movement disorders,MeSH,D009069,Movement Disorders
Diagnosis,moyamoya disease,MeSH,D009072,Moyamoya Disease
Diagnosis,mucopolysaccharidosis ii,MeSH,D016532,Mucopolysaccharidosis II
Diagnosis,multiple sclerosis,MeSH,D009103,Multiple Sclerosis
Diagnosis,"multiple sclerosis, chronic progressive",MeSH,D020528,"Multiple Sclerosis, Chronic Progressive"
Diagnosis,"multiple sclerosis, relapsing-remitting",MeSH,D020529,"Multiple Sclerosis, Relapsing-Remitting"
Diagnosis,multiple sulfatase deficiency disease,MeSH,D052517,Multiple Sulfatase Deficiency Disease
Diagnosis,multiple system atrophy,MeSH,D019578,Multiple System Atrophy
Diagnosis,muscle hypertonia,MeSH,D009122,Muscle Hypertonia
Diagnosis,muscle hypotonia,MeSH,D009123,Muscle Hypotonia
Diagnosis,muscular atrophy,MeSH,D009133,Muscular Atrophy
Diagnosis,"muscular atrophy, spinal",MeSH,D009134,"Muscular Atrophy, Spinal"
Diagnosis,mutism,MeSH,D009155,Mutism
Diagnosis,"myasthenia gravis, autoimmune, experimental",MeSH,D020720,"Myasthenia Gravis, Autoimmune, Experimental"
Diagnosis,"myasthenia gravis, neonatal",MeSH,D020941,"Myasthenia Gravis, Neonatal"
Diagnosis,"myasthenic syndromes, congenital",MeSH,D020294,"Myasthenic Syndromes, Congenital"
Diagnosis,myelin oligodendrocyte glycoprotein antibody-associated disease,MeSH,D000098542,Myelin Oligodendrocyte Glycoprotein Antibody-Associated Disease
Diagnosis,"myelinolysis, central pontine",MeSH,D017590,"Myelinolysis, Central Pontine"
Diagnosis,myoclonic cerebellar dyssynergia,MeSH,D002527,Myoclonic Cerebellar Dyssynergia
Diagnosis,"myoclonic epilepsies, progressive",MeSH,D020191,"Myoclonic Epilepsies, Progressive"
Diagnosis,"myoclonic epilepsy, juvenile",MeSH,D020190,"Myoclonic Epilepsy, Juvenile"
Diagnosis,myoclonus,MeSH,D009207,Myoclonus
Diagnosis,myokymia,MeSH,D020385,Myokymia
Diagnosis,myotonia,MeSH,D009222,Myotonia
Diagnosis,narcolepsy,MeSH,D009290,Narcolepsy
Diagnosis,neonatal brachial plexus palsy,MeSH,D000076984,Neonatal Brachial Plexus Palsy
Diagnosis,nerve compression syndromes,MeSH,D009408,Nerve Compression Syndromes
Diagnosis,"nervous system autoimmune disease, experimental",MeSH,D020721,"Nervous System Autoimmune Disease, Experimental"
Diagnosis,nervous system diseases,MeSH,D009422,Nervous System Diseases
Diagnosis,nervous system malformations,MeSH,D009421,Nervous System Malformations
Diagnosis,neural tube defects,MeSH,D009436,Neural Tube Defects
Diagnosis,neuralgia,MeSH,D009437,Neuralgia
Diagnosis,"neuralgia, postherpetic",MeSH,D051474,"Neuralgia, Postherpetic"
Diagnosis,neuritis,MeSH,D009443,Neuritis
Diagnosis,"neuritis, autoimmune, experimental",MeSH,D009444,"Neuritis, Autoimmune, Experimental"
Diagnosis,neuroacanthocytosis,MeSH,D054546,Neuroacanthocytosis
Diagnosis,neuroaxonal dystrophies,MeSH,D019150,Neuroaxonal Dystrophies
Diagnosis,neurobehavioral manifestations,MeSH,D019954,Neurobehavioral Manifestations
Diagnosis,neurocutaneous syndromes,MeSH,D020752,Neurocutaneous Syndromes
Diagnosis,neurodegenerative diseases,MeSH,D019636,Neurodegenerative Diseases
Diagnosis,neurogenic inflammation,MeSH,D020078,Neurogenic Inflammation
Diagnosis,neuroinflammatory diseases,MeSH,D000090862,Neuroinflammatory Diseases
Diagnosis,neuroleptic malignant syndrome,MeSH,D009459,Neuroleptic Malignant Syndrome
Diagnosis,neurologic manifestations,MeSH,D009461,Neurologic Manifestations
Diagnosis,neurolymphomatosis,MeSH,D000077162,Neurolymphomatosis
Diagnosis,neuromuscular diseases,MeSH,D009468,Neuromuscular Diseases
Diagnosis,neuromuscular junction diseases,MeSH,D020511,Neuromuscular Junction Diseases
Diagnosis,neuromuscular manifestations,MeSH,D020879,Neuromuscular Manifestations
Diagnosis,neuromyelitis optica,MeSH,D009471,Neuromyelitis Optica
Diagnosis,neuronal ceroid-lipofuscinoses,MeSH,D009472,Neuronal Ceroid-Lipofuscinoses
Diagnosis,neurotoxicity syndromes,MeSH,D020258,Neurotoxicity Syndromes
Diagnosis,"niemann-pick disease, type a",MeSH,D052536,"Niemann-Pick Disease, Type A"
Diagnosis,"niemann-pick disease, type b",MeSH,D052537,"Niemann-Pick Disease, Type B"
Diagnosis,"niemann-pick disease, type c",MeSH,D052556,"Niemann-Pick Disease, Type C"
Diagnosis,niemann-pick diseases,MeSH,D009542,Niemann-Pick Diseases
Diagnosis,night terrors,MeSH,D020184,Night Terrors
Diagnosis,nocturnal myoclonus syndrome,MeSH,D020189,Nocturnal Myoclonus Syndrome
Diagnosis,nocturnal paroxysmal dystonia,MeSH,D020183,Nocturnal Paroxysmal Dystonia
Diagnosis,nodding syndrome,MeSH,D064128,Nodding Syndrome
Diagnosis,"nystagmus, congenital",MeSH,D020417,"Nystagmus, Congenital"
Diagnosis,"nystagmus, pathologic",MeSH,D009759,"Nystagmus, Pathologic"
Diagnosis,obesity hypoventilation syndrome,MeSH,D010845,Obesity Hypoventilation Syndrome
Diagnosis,ocular motility disorders,MeSH,D015835,Ocular Motility Disorders
Diagnosis,oculocerebrorenal syndrome,MeSH,D009800,Oculocerebrorenal Syndrome
Diagnosis,oculomotor nerve diseases,MeSH,D015840,Oculomotor Nerve Diseases
Diagnosis,oculomotor nerve injuries,MeSH,D061220,Oculomotor Nerve Injuries
Diagnosis,olfaction disorders,MeSH,D000857,Olfaction Disorders
Diagnosis,olfactory nerve diseases,MeSH,D020431,Olfactory Nerve Diseases
Diagnosis,olfactory nerve injuries,MeSH,D061219,Olfactory Nerve Injuries
Diagnosis,olivary degeneration,MeSH,D000095747,Olivary Degeneration
Diagnosis,olivopontocerebellar atrophies,MeSH,D009849,Olivopontocerebellar Atrophies
Diagnosis,ophthalmoplegia,MeSH,D009886,Ophthalmoplegia
Diagnosis,ophthalmoplegic migraine,MeSH,D060486,Ophthalmoplegic Migraine
Diagnosis,"optic atrophies, hereditary",MeSH,D015418,"Optic Atrophies, Hereditary"
Diagnosis,optic atrophy,MeSH,D009896,Optic Atrophy
Diagnosis,"optic atrophy, autosomal dominant",MeSH,D029241,"Optic Atrophy, Autosomal Dominant"
Diagnosis,"optic atrophy, hereditary, leber",MeSH,D029242,"Optic Atrophy, Hereditary, Leber"
Diagnosis,optic disk drusen,MeSH,D015594,Optic Disk Drusen
Diagnosis,optic nerve diseases,MeSH,D009901,Optic Nerve Diseases
Diagnosis,optic nerve hypoplasia,MeSH,D000080344,Optic Nerve Hypoplasia
Diagnosis,optic nerve injuries,MeSH,D020221,Optic Nerve Injuries
Diagnosis,optic neuritis,MeSH,D009902,Optic Neuritis
Diagnosis,"optic neuropathy, ischemic",MeSH,D018917,"Optic Neuropathy, Ischemic"
Diagnosis,orbital fractures,MeSH,D009917,Orbital Fractures
Diagnosis,ornithine carbamoyltransferase deficiency disease,MeSH,D020163,Ornithine Carbamoyltransferase Deficiency Disease
Diagnosis,orthostatic intolerance,MeSH,D054971,Orthostatic Intolerance
Diagnosis,poems syndrome,MeSH,D016878,POEMS Syndrome
Diagnosis,"pain insensitivity, congenital",MeSH,D000699,"Pain Insensitivity, Congenital"
Diagnosis,pantothenate kinase-associated neurodegeneration,MeSH,D006211,Pantothenate Kinase-Associated Neurodegeneration
Diagnosis,papilledema,MeSH,D010211,Papilledema
Diagnosis,paralysis,MeSH,D010243,Paralysis
Diagnosis,paraparesis,MeSH,D020335,Paraparesis
Diagnosis,"paraparesis, spastic",MeSH,D020336,"Paraparesis, Spastic"
Diagnosis,paraplegia,MeSH,D010264,Paraplegia
Diagnosis,parasomnias,MeSH,D020447,Parasomnias
Diagnosis,paresis,MeSH,D010291,Paresis
Diagnosis,paresthesia,MeSH,D010292,Paresthesia
Diagnosis,parkinson disease,MeSH,D010300,Parkinson Disease
Diagnosis,"parkinson disease, postencephalitic",MeSH,D010301,"Parkinson Disease, Postencephalitic"
Diagnosis,"parkinson disease, secondary",MeSH,D010302,"Parkinson Disease, Secondary"
Diagnosis,parkinsonian disorders,MeSH,D020734,Parkinsonian Disorders
Diagnosis,paroxysmal hemicrania,MeSH,D051302,Paroxysmal Hemicrania
Diagnosis,pelizaeus-merzbacher disease,MeSH,D020371,Pelizaeus-Merzbacher Disease
Diagnosis,pentalogy of cantrell,MeSH,D058502,Pentalogy of Cantrell
Diagnosis,perceptual disorders,MeSH,D010468,Perceptual Disorders
Diagnosis,peripheral nerve injuries,MeSH,D059348,Peripheral Nerve Injuries
Diagnosis,peripheral nervous system diseases,MeSH,D010523,Peripheral Nervous System Diseases
Diagnosis,periventricular nodular heterotopia,MeSH,D054091,Periventricular Nodular Heterotopia
Diagnosis,peroneal neuropathies,MeSH,D020427,Peroneal Neuropathies
Diagnosis,persistent vegetative state,MeSH,D018458,Persistent Vegetative State
Diagnosis,phantom limb,MeSH,D010591,Phantom Limb
Diagnosis,"phenylketonuria, maternal",MeSH,D017042,"Phenylketonuria, Maternal"
Diagnosis,phenylketonurias,MeSH,D010661,Phenylketonurias
Diagnosis,photophobia,MeSH,D020795,Photophobia
Diagnosis,pick disease of the brain,MeSH,D020774,Pick Disease of the Brain
Diagnosis,piriformis muscle syndrome,MeSH,D055958,Piriformis Muscle Syndrome
Diagnosis,pituitary acth hypersecretion,MeSH,D047748,Pituitary ACTH Hypersecretion
Diagnosis,pituitary apoplexy,MeSH,D010899,Pituitary Apoplexy
Diagnosis,pituitary diseases,MeSH,D010900,Pituitary Diseases
Diagnosis,pneumocephalus,MeSH,D011007,Pneumocephalus
Diagnosis,pneumorrhachis,MeSH,D063205,Pneumorrhachis
Diagnosis,polymicrogyria,MeSH,D065706,Polymicrogyria
Diagnosis,polyneuropathies,MeSH,D011115,Polyneuropathies
Diagnosis,polyradiculoneuropathy,MeSH,D011129,Polyradiculoneuropathy
Diagnosis,"polyradiculoneuropathy, chronic inflammatory demyelinating",MeSH,D020277,"Polyradiculoneuropathy, Chronic Inflammatory Demyelinating"
Diagnosis,polyradiculopathy,MeSH,D011128,Polyradiculopathy
Diagnosis,post-cardiac arrest syndrome,MeSH,D000080942,Post-Cardiac Arrest Syndrome
Diagnosis,post-concussion syndrome,MeSH,D038223,Post-Concussion Syndrome
Diagnosis,post-dural puncture headache,MeSH,D051299,Post-Dural Puncture Headache
Diagnosis,post-exercise hypotension,MeSH,D057774,Post-Exercise Hypotension
Diagnosis,post-traumatic headache,MeSH,D051298,Post-Traumatic Headache
Diagnosis,posterior leukoencephalopathy syndrome,MeSH,D054038,Posterior Leukoencephalopathy Syndrome
Diagnosis,postural orthostatic tachycardia syndrome,MeSH,D054972,Postural Orthostatic Tachycardia Syndrome
Diagnosis,prader-willi syndrome,MeSH,D011218,Prader-Willi Syndrome
Diagnosis,presbycusis,MeSH,D011304,Presbycusis
Diagnosis,primary dysautonomias,MeSH,D054969,Primary Dysautonomias
Diagnosis,primary progressive nonfluent aphasia,MeSH,D057178,Primary Progressive Nonfluent Aphasia
Diagnosis,prosopagnosia,MeSH,D020238,Prosopagnosia
Diagnosis,pseudobulbar affect,MeSH,D000099244,Pseudobulbar Affect
Diagnosis,pseudobulbar palsy,MeSH,D020828,Pseudobulbar Palsy
Diagnosis,pseudotumor cerebri,MeSH,D011559,Pseudotumor Cerebri
Diagnosis,psychogenic nonepileptic seizures,MeSH,D000091323,Psychogenic Nonepileptic Seizures
Diagnosis,psychomotor agitation,MeSH,D011595,Psychomotor Agitation
Diagnosis,psychomotor disorders,MeSH,D011596,Psychomotor Disorders
Diagnosis,pudendal neuralgia,MeSH,D060545,Pudendal Neuralgia
Diagnosis,pupil disorders,MeSH,D011681,Pupil Disorders
Diagnosis,pure autonomic failure,MeSH,D054970,Pure Autonomic Failure
Diagnosis,putaminal hemorrhage,MeSH,D020146,Putaminal Hemorrhage
Diagnosis,pyruvate carboxylase deficiency disease,MeSH,D015324,Pyruvate Carboxylase Deficiency Disease
Diagnosis,pyruvate dehydrogenase complex deficiency disease,MeSH,D015325,Pyruvate Dehydrogenase Complex Deficiency Disease
Diagnosis,quadriplegia,MeSH,D011782,Quadriplegia
Diagnosis,rem sleep behavior disorder,MeSH,D020187,REM Sleep Behavior Disorder
Diagnosis,rem sleep parasomnias,MeSH,D020923,REM Sleep Parasomnias
Diagnosis,radial neuropathy,MeSH,D020425,Radial Neuropathy
Diagnosis,radiculopathy,MeSH,D011843,Radiculopathy
Diagnosis,recurrent laryngeal nerve injuries,MeSH,D061226,Recurrent Laryngeal Nerve Injuries
Diagnosis,reflex sympathetic dystrophy,MeSH,D012019,Reflex Sympathetic Dystrophy
Diagnosis,"reflex, abnormal",MeSH,D012021,"Reflex, Abnormal"
Diagnosis,refsum disease,MeSH,D012035,Refsum Disease
Diagnosis,"refsum disease, infantile",MeSH,D052919,"Refsum Disease, Infantile"
Diagnosis,respiratory paralysis,MeSH,D012133,Respiratory Paralysis
Diagnosis,restless legs syndrome,MeSH,D012148,Restless Legs Syndrome
Diagnosis,rett syndrome,MeSH,D015518,Rett Syndrome
Diagnosis,sunct syndrome,MeSH,D050798,SUNCT Syndrome
Diagnosis,sagittal sinus thrombosis,MeSH,D020225,Sagittal Sinus Thrombosis
Diagnosis,sandhoff disease,MeSH,D012497,Sandhoff Disease
Diagnosis,sarcopenia,MeSH,D055948,Sarcopenia
Diagnosis,schizencephaly,MeSH,D065707,Schizencephaly
Diagnosis,sciatic neuropathy,MeSH,D020426,Sciatic Neuropathy
Diagnosis,sciatica,MeSH,D012585,Sciatica
Diagnosis,scotoma,MeSH,D012607,Scotoma
Diagnosis,sea-blue histiocyte syndrome,MeSH,D012618,Sea-Blue Histiocyte Syndrome
Diagnosis,seizures,MeSH,D012640,Seizures
Diagnosis,"seizures, febrile",MeSH,D003294,"Seizures, Febrile"
Diagnosis,sensation disorders,MeSH,D012678,Sensation Disorders
Diagnosis,sepsis-associated encephalopathy,MeSH,D065166,Sepsis-Associated Encephalopathy
Diagnosis,septo-optic dysplasia,MeSH,D025962,Septo-Optic Dysplasia
Diagnosis,shaken baby syndrome,MeSH,D038642,Shaken Baby Syndrome
Diagnosis,shy-drager syndrome,MeSH,D012791,Shy-Drager Syndrome
Diagnosis,sialic acid storage disease,MeSH,D029461,Sialic Acid Storage Disease
Diagnosis,sinus pericranii,MeSH,D020779,Sinus Pericranii
Diagnosis,"sinus thrombosis, intracranial",MeSH,D012851,"Sinus Thrombosis, Intracranial"
Diagnosis,"skull fracture, basilar",MeSH,D020205,"Skull Fracture, Basilar"
Diagnosis,"skull fracture, depressed",MeSH,D020204,"Skull Fracture, Depressed"
Diagnosis,skull fractures,MeSH,D012887,Skull Fractures
Diagnosis,sleep apnea syndromes,MeSH,D012891,Sleep Apnea Syndromes
Diagnosis,"sleep apnea, central",MeSH,D020182,"Sleep Apnea, Central"
Diagnosis,"sleep apnea, obstructive",MeSH,D020181,"Sleep Apnea, Obstructive"
Diagnosis,sleep arousal disorders,MeSH,D020921,Sleep Arousal Disorders
Diagnosis,sleep deprivation,MeSH,D012892,Sleep Deprivation
Diagnosis,"sleep disorders, circadian rhythm",MeSH,D020178,"Sleep Disorders, Circadian Rhythm"
Diagnosis,"sleep disorders, intrinsic",MeSH,D020919,"Sleep Disorders, Intrinsic"
Diagnosis,sleep initiation and maintenance disorders,MeSH,D007319,Sleep Initiation and Maintenance Disorders
Diagnosis,sleep paralysis,MeSH,D020188,Sleep Paralysis
Diagnosis,sleep wake disorders,MeSH,D012893,Sleep Wake Disorders
Diagnosis,sleep-wake transition disorders,MeSH,D020922,Sleep-Wake Transition Disorders
Diagnosis,small fiber neuropathy,MeSH,D000071075,Small Fiber Neuropathy
Diagnosis,smith-magenis syndrome,MeSH,D058496,Smith-Magenis Syndrome
Diagnosis,sneddon syndrome,MeSH,D018860,Sneddon Syndrome
Diagnosis,somatosensory disorders,MeSH,D020886,Somatosensory Disorders
Diagnosis,somnambulism,MeSH,D013009,Somnambulism
Diagnosis,spasm,MeSH,D013035,Spasm
Diagnosis,"spasms, infantile",MeSH,D013036,"Spasms, Infantile"
Diagnosis,"spastic paraplegia, hereditary",MeSH,D015419,"Spastic Paraplegia, Hereditary"
Diagnosis,specific language disorder,MeSH,D000080888,Specific Language Disorder
Diagnosis,specific learning disorder,MeSH,D000067559,Specific Learning Disorder
Diagnosis,speech disorders,MeSH,D013064,Speech Disorders
Diagnosis,sphingolipidoses,MeSH,D013106,Sphingolipidoses
Diagnosis,spina bifida cystica,MeSH,D016137,Spina Bifida Cystica
Diagnosis,spina bifida occulta,MeSH,D016136,Spina Bifida Occulta
Diagnosis,spinal cord compression,MeSH,D013117,Spinal Cord Compression
Diagnosis,spinal cord diseases,MeSH,D013118,Spinal Cord Diseases
Diagnosis,spinal cord injuries,MeSH,D013119,Spinal Cord Injuries
Diagnosis,spinal cord ischemia,MeSH,D020760,Spinal Cord Ischemia
Diagnosis,spinal cord vascular diseases,MeSH,D020758,Spinal Cord Vascular Diseases
Diagnosis,spinal dysraphism,MeSH,D016135,Spinal Dysraphism
Diagnosis,spinal muscular atrophies of childhood,MeSH,D014897,Spinal Muscular Atrophies of Childhood
Diagnosis,spinocerebellar ataxias,MeSH,D020754,Spinocerebellar Ataxias
Diagnosis,spinocerebellar degenerations,MeSH,D013132,Spinocerebellar Degenerations
Diagnosis,status epilepticus,MeSH,D013226,Status Epilepticus
Diagnosis,stiff-person syndrome,MeSH,D016750,Stiff-Person Syndrome
Diagnosis,strabismus,MeSH,D013285,Strabismus
Diagnosis,striatonigral degeneration,MeSH,D020955,Striatonigral Degeneration
Diagnosis,stroke,MeSH,D020521,Stroke
Diagnosis,"stroke, lacunar",MeSH,D059409,"Stroke, Lacunar"
Diagnosis,stupor,MeSH,D053608,Stupor
Diagnosis,stuttering,MeSH,D013342,Stuttering
Diagnosis,subacute combined degeneration,MeSH,D052879,Subacute Combined Degeneration
Diagnosis,subarachnoid hemorrhage,MeSH,D013345,Subarachnoid Hemorrhage
Diagnosis,"subarachnoid hemorrhage, traumatic",MeSH,D020206,"Subarachnoid Hemorrhage, Traumatic"
Diagnosis,subclavian steal syndrome,MeSH,D013349,Subclavian Steal Syndrome
Diagnosis,sudden unexpected death in epilepsy,MeSH,D000080485,Sudden Unexpected Death in Epilepsy
Diagnosis,sulfatidosis,MeSH,D052516,Sulfatidosis
Diagnosis,"supranuclear palsy, progressive",MeSH,D013494,"Supranuclear Palsy, Progressive"
Diagnosis,susac syndrome,MeSH,D055955,Susac Syndrome
Diagnosis,"sweating, gustatory",MeSH,D013547,"Sweating, Gustatory"
Diagnosis,syncope,MeSH,D013575,Syncope
Diagnosis,"syncope, vasovagal",MeSH,D019462,"Syncope, Vasovagal"
Diagnosis,synesthesia,MeSH,D000080311,Synesthesia
Diagnosis,synkinesis,MeSH,D046608,Synkinesis
Diagnosis,synucleinopathies,MeSH,D000080874,Synucleinopathies
Diagnosis,syringomyelia,MeSH,D013595,Syringomyelia
Diagnosis,tdp-43 proteinopathies,MeSH,D057177,TDP-43 Proteinopathies
Diagnosis,tangier disease,MeSH,D013631,Tangier Disease
Diagnosis,tardive dyskinesia,MeSH,D000071057,Tardive Dyskinesia
Diagnosis,tarsal tunnel syndrome,MeSH,D013641,Tarsal Tunnel Syndrome
Diagnosis,taste disorders,MeSH,D013651,Taste Disorders
Diagnosis,tauopathies,MeSH,D024801,Tauopathies
Diagnosis,tay-sachs disease,MeSH,D013661,Tay-Sachs Disease
Diagnosis,"tay-sachs disease, ab variant",MeSH,D049290,"Tay-Sachs Disease, AB Variant"
Diagnosis,tension-type headache,MeSH,D018781,Tension-Type Headache
Diagnosis,tetany,MeSH,D013746,Tetany
Diagnosis,thalamic diseases,MeSH,D013786,Thalamic Diseases
Diagnosis,thoracic outlet syndrome,MeSH,D013901,Thoracic Outlet Syndrome
Diagnosis,thrombotic stroke,MeSH,D000083244,Thrombotic Stroke
Diagnosis,tibial neuropathy,MeSH,D020429,Tibial Neuropathy
Diagnosis,tic disorders,MeSH,D013981,Tic Disorders
Diagnosis,tics,MeSH,D020323,Tics
Diagnosis,tinnitus,MeSH,D014012,Tinnitus
Diagnosis,tolosa-hunt syndrome,MeSH,D020333,Tolosa-Hunt Syndrome
Diagnosis,tonic pupil,MeSH,D015845,Tonic Pupil
Diagnosis,tourette syndrome,MeSH,D005879,Tourette Syndrome
Diagnosis,toxic optic neuropathy,MeSH,D000081028,Toxic Optic Neuropathy
Diagnosis,"trauma, nervous system",MeSH,D020196,"Trauma, Nervous System"
Diagnosis,tremor,MeSH,D014202,Tremor
Diagnosis,trigeminal autonomic cephalalgias,MeSH,D051303,Trigeminal Autonomic Cephalalgias
Diagnosis,trismus,MeSH,D014313,Trismus
Diagnosis,trisomy 13 syndrome,MeSH,D000073839,Trisomy 13 Syndrome
Diagnosis,trochlear nerve diseases,MeSH,D020432,Trochlear Nerve Diseases
Diagnosis,trochlear nerve injuries,MeSH,D061247,Trochlear Nerve Injuries
Diagnosis,tyrosinemias,MeSH,D020176,Tyrosinemias
Diagnosis,ulnar nerve compression syndromes,MeSH,D017769,Ulnar Nerve Compression Syndromes
Diagnosis,ulnar neuropathies,MeSH,D020424,Ulnar Neuropathies
Diagnosis,unconsciousness,MeSH,D014474,Unconsciousness
Diagnosis,unverricht-lundborg syndrome,MeSH,D020194,Unverricht-Lundborg Syndrome
Diagnosis,"urea cycle disorders, inborn",MeSH,D056806,"Urea Cycle Disorders, Inborn"
Diagnosis,"urinary bladder, neurogenic",MeSH,D001750,"Urinary Bladder, Neurogenic"
Diagnosis,usher syndromes,MeSH,D052245,Usher Syndromes
Diagnosis,uveomeningoencephalitic syndrome,MeSH,D014607,Uveomeningoencephalitic Syndrome
Diagnosis,vagus nerve diseases,MeSH,D020421,Vagus Nerve Diseases
Diagnosis,vagus nerve injuries,MeSH,D061223,Vagus Nerve Injuries
Diagnosis,vascular depression,MeSH,D000088323,Vascular Depression
Diagnosis,vascular headaches,MeSH,D014653,Vascular Headaches
Diagnosis,"vasculitis, central nervous system",MeSH,D020293,"Vasculitis, Central Nervous System"
Diagnosis,"vasospasm, intracranial",MeSH,D020301,"Vasospasm, Intracranial"
Diagnosis,vein of galen malformations,MeSH,D054080,Vein of Galen Malformations
Diagnosis,vertebral artery dissection,MeSH,D020217,Vertebral Artery Dissection
Diagnosis,vertebrobasilar insufficiency,MeSH,D014715,Vertebrobasilar Insufficiency
Diagnosis,vertigo,MeSH,D014717,Vertigo
Diagnosis,vestibular migraine,MeSH,D000099099,Vestibular Migraine
Diagnosis,vestibular neuronitis,MeSH,D020338,Vestibular Neuronitis
Diagnosis,vestibulocochlear nerve diseases,MeSH,D000160,Vestibulocochlear Nerve Diseases
Diagnosis,vestibulocochlear nerve injuries,MeSH,D061285,Vestibulocochlear Nerve Injuries
Diagnosis,vision disorders,MeSH,D014786,Vision Disorders
Diagnosis,"vision, low",MeSH,D015354,"Vision, Low"
Diagnosis,vocal cord paralysis,MeSH,D014826,Vocal Cord Paralysis
Diagnosis,voice disorders,MeSH,D014832,Voice Disorders
Diagnosis,walker-warburg syndrome,MeSH,D058494,Walker-Warburg Syndrome
Diagnosis,wernicke encephalopathy,MeSH,D014899,Wernicke Encephalopathy
Diagnosis,williams syndrome,MeSH,D018980,Williams Syndrome
Diagnosis,wolfram syndrome,MeSH,D014929,Wolfram Syndrome
Diagnosis,x-linked intellectual disability,MeSH,D038901,X-Linked Intellectual Disability
Diagnosis,zygomatic fractures,MeSH,D015051,Zygomatic Fractures
Diagnosis,von hippel-lindau disease,MeSH,D006623,von Hippel-Lindau Disease
Diagnosis,centrala nervsystemets sjukdomar,MeSH,D002493,Centrala nervsystemets sjukdomar
Diagnosis,choroby oun,MeSH,D002493,Choroby OUN
Diagnosis,doenças do sistema nervoso central,MeSH,D002493,Doenças do Sistema Nervoso Central
Diagnosis,enfermedades del sistema nervioso central,MeSH,D002493,Enfermedades del Sistema Nervioso Central
Diagnosis,keskushermoston sairaudet,MeSH,D002493,Keskushermoston sairaudet
Diagnosis,maladie du système nerveux central,MeSH,D002493,Maladie du système nerveux central
Diagnosis,malattie del sistema nervoso centrale,MeSH,D002493,Malattie del sistema nervoso centrale
Diagnosis,nemoci centrálního nervového systému,MeSH,D002493,nemoci centrálního nervového systému
Diagnosis,"središnji živčani sustav, bolesti",MeSH,D002493,"SREDIŠNJI ŽIVČANI SUSTAV, BOLESTI"
Diagnosis,sykdommer i sentralnervesystemet,MeSH,D002493,Sykdommer i sentralnervesystemet
Diagnosis,нервной системы центральной болезни,MeSH,D002493,НЕРВНОЙ СИСТЕМЫ ЦЕНТРАЛЬНОЙ БОЛЕЗНИ
Diagnosis,中枢神経系疾患,MeSH,D002493,中枢神経系疾患
Diagnosis,zentralnervensystemkrankheiten,MeSH,D002493,Zentralnervensystemkrankheiten
Diagnosis,"ziekte, centraalzenuwstelsel-",MeSH,D002493,"Ziekte, centraalzenuwstelsel-"
Diagnosis,albinism,MeSH,D000417,Albinism
Diagnosis,"albinism, ocular",MeSH,D016117,"Albinism, Ocular"
Diagnosis,"albinism, oculocutaneous",MeSH,D016115,"Albinism, Oculocutaneous"
Diagnosis,angioid streaks,MeSH,D000793,Angioid Streaks
Diagnosis,aniridia,MeSH,D015783,Aniridia
Diagnosis,aniseikonia,MeSH,D000839,Aniseikonia
Diagnosis,anisometropia,MeSH,D015858,Anisometropia
Diagnosis,anophthalmos,MeSH,D000853,Anophthalmos
Diagnosis,"anterior capsular rupture, ocular",MeSH,D057971,"Anterior Capsular Rupture, Ocular"
Diagnosis,aphakia,MeSH,D001035,Aphakia
Diagnosis,"aphakia, postcataract",MeSH,D001036,"Aphakia, Postcataract"
Diagnosis,arcus senilis,MeSH,D001112,Arcus Senilis
Diagnosis,artificial lens implant migration,MeSH,D060437,Artificial Lens Implant Migration
Diagnosis,asthenopia,MeSH,D001248,Asthenopia
Diagnosis,astigmatism,MeSH,D001251,Astigmatism
Diagnosis,birdshot chorioretinopathy,MeSH,D000080365,Birdshot Chorioretinopathy
Diagnosis,blepharitis,MeSH,D001762,Blepharitis
Diagnosis,blepharophimosis,MeSH,D016569,Blepharophimosis
Diagnosis,blepharoptosis,MeSH,D001763,Blepharoptosis
Diagnosis,blepharospasm,MeSH,D001764,Blepharospasm
Diagnosis,canaliculitis,MeSH,D000069282,Canaliculitis
Diagnosis,capsule opacification,MeSH,D058442,Capsule Opacification
Diagnosis,cataract,MeSH,D002386,Cataract
Diagnosis,central serous chorioretinopathy,MeSH,D056833,Central Serous Chorioretinopathy
Diagnosis,chediak-higashi syndrome,MeSH,D002609,Chediak-Higashi Syndrome
Diagnosis,chorioretinitis,MeSH,D002825,Chorioretinitis
Diagnosis,choroid diseases,MeSH,D015862,Choroid Diseases
Diagnosis,choroid hemorrhage,MeSH,D002832,Choroid Hemorrhage
Diagnosis,choroidal effusions,MeSH,D000080324,Choroidal Effusions
Diagnosis,choroidal neovascularization,MeSH,D020256,Choroidal Neovascularization
Diagnosis,choroideremia,MeSH,D015794,Choroideremia
Diagnosis,choroiditis,MeSH,D002833,Choroiditis
Diagnosis,coloboma,MeSH,D003103,Coloboma
Diagnosis,cone dystrophy,MeSH,D000077765,Cone Dystrophy
Diagnosis,cone-rod dystrophies,MeSH,D000071700,Cone-Rod Dystrophies
Diagnosis,conjunctival diseases,MeSH,D003229,Conjunctival Diseases
Diagnosis,conjunctivitis,MeSH,D003231,Conjunctivitis
Diagnosis,"conjunctivitis, allergic",MeSH,D003233,"Conjunctivitis, Allergic"
Diagnosis,corneal diseases,MeSH,D003316,Corneal Diseases
Diagnosis,"corneal dystrophies, hereditary",MeSH,D003317,"Corneal Dystrophies, Hereditary"
Diagnosis,"corneal dystrophy, juvenile epithelial of meesmann",MeSH,D053559,"Corneal Dystrophy, Juvenile Epithelial of Meesmann"
Diagnosis,corneal edema,MeSH,D015715,Corneal Edema
Diagnosis,corneal endothelial cell loss,MeSH,D055954,Corneal Endothelial Cell Loss
Diagnosis,corneal neovascularization,MeSH,D016510,Corneal Neovascularization
Diagnosis,corneal opacity,MeSH,D003318,Corneal Opacity
Diagnosis,corneal wavefront aberration,MeSH,D057108,Corneal Wavefront Aberration
Diagnosis,cyclodialysis clefts,MeSH,D000080322,Cyclodialysis Clefts
Diagnosis,dacryocystitis,MeSH,D003607,Dacryocystitis
Diagnosis,diabetic retinopathy,MeSH,D003930,Diabetic Retinopathy
Diagnosis,dry eye syndromes,MeSH,D015352,Dry Eye Syndromes
Diagnosis,ectopia lentis,MeSH,D004479,Ectopia Lentis
Diagnosis,ectropion,MeSH,D004483,Ectropion
Diagnosis,enophthalmos,MeSH,D015841,Enophthalmos
Diagnosis,entropion,MeSH,D004774,Entropion
Diagnosis,epiretinal membrane,MeSH,D019773,Epiretinal Membrane
Diagnosis,exfoliation syndrome,MeSH,D017889,Exfoliation Syndrome
Diagnosis,exophthalmos,MeSH,D005094,Exophthalmos
Diagnosis,eye abnormalities,MeSH,D005124,Eye Abnormalities
Diagnosis,eye diseases,MeSH,D005128,Eye Diseases
Diagnosis,"eye diseases, hereditary",MeSH,D015785,"Eye Diseases, Hereditary"
Diagnosis,eye hemorrhage,MeSH,D005130,Eye Hemorrhage
Diagnosis,eye manifestations,MeSH,D005132,Eye Manifestations
Diagnosis,eye pain,MeSH,D058447,Eye Pain
Diagnosis,eyelid diseases,MeSH,D005141,Eyelid Diseases
Diagnosis,familial exudative vitreoretinopathies,MeSH,D000080345,Familial Exudative Vitreoretinopathies
Diagnosis,fuchs' endothelial dystrophy,MeSH,D005642,Fuchs' Endothelial Dystrophy
Diagnosis,geographic atrophy,MeSH,D057092,Geographic Atrophy
Diagnosis,glaucoma,MeSH,D005901,Glaucoma
Diagnosis,"glaucoma, angle-closure",MeSH,D015812,"Glaucoma, Angle-Closure"
Diagnosis,"glaucoma, neovascular",MeSH,D015355,"Glaucoma, Neovascular"
Diagnosis,"glaucoma, open-angle",MeSH,D005902,"Glaucoma, Open-Angle"
Diagnosis,graves disease,MeSH,D006111,Graves Disease
Diagnosis,graves ophthalmopathy,MeSH,D049970,Graves Ophthalmopathy
Diagnosis,gyrate atrophy,MeSH,D015799,Gyrate Atrophy
Diagnosis,hermanski-pudlak syndrome,MeSH,D022861,Hermanski-Pudlak Syndrome
Diagnosis,hydrophthalmos,MeSH,D006871,Hydrophthalmos
Diagnosis,hyperopia,MeSH,D006956,Hyperopia
Diagnosis,hypertensive retinopathy,MeSH,D058437,Hypertensive Retinopathy
Diagnosis,hyphema,MeSH,D006988,Hyphema
Diagnosis,iridocorneal endothelial syndrome,MeSH,D057129,Iridocorneal Endothelial Syndrome
Diagnosis,iridocyclitis,MeSH,D015863,Iridocyclitis
Diagnosis,iris diseases,MeSH,D007499,Iris Diseases
Diagnosis,iritis,MeSH,D007500,Iritis
Diagnosis,keratitis,MeSH,D007634,Keratitis
Diagnosis,keratoconjunctivitis,MeSH,D007637,Keratoconjunctivitis
Diagnosis,keratoconjunctivitis sicca,MeSH,D007638,Keratoconjunctivitis Sicca
Diagnosis,keratoconus,MeSH,D007640,Keratoconus
Diagnosis,lacrimal apparatus diseases,MeSH,D007766,Lacrimal Apparatus Diseases
Diagnosis,lacrimal duct obstruction,MeSH,D007767,Lacrimal Duct Obstruction
Diagnosis,lagophthalmos,MeSH,D000092164,Lagophthalmos
Diagnosis,leber congenital amaurosis,MeSH,D057130,Leber Congenital Amaurosis
Diagnosis,lens diseases,MeSH,D007905,Lens Diseases
Diagnosis,lens subluxation,MeSH,D007906,Lens Subluxation
Diagnosis,limbal stem cell deficiency,MeSH,D000092423,Limbal Stem Cell Deficiency
Diagnosis,low tension glaucoma,MeSH,D057066,Low Tension Glaucoma
Diagnosis,macular degeneration,MeSH,D008268,Macular Degeneration
Diagnosis,macular edema,MeSH,D008269,Macular Edema
Diagnosis,meibomian gland dysfunction,MeSH,D000080343,Meibomian Gland Dysfunction
Diagnosis,meibomitis,MeSH,D000092663,Meibomitis
Diagnosis,microphthalmos,MeSH,D008850,Microphthalmos
Diagnosis,multifocal choroiditis,MeSH,D000080364,Multifocal Choroiditis
Diagnosis,mydriasis,MeSH,D015878,Mydriasis
Diagnosis,myopia,MeSH,D009216,Myopia
Diagnosis,"myopia, degenerative",MeSH,D047728,"Myopia, Degenerative"
Diagnosis,night blindness,MeSH,D009755,Night Blindness
Diagnosis,ocular hypertension,MeSH,D009798,Ocular Hypertension
Diagnosis,ocular hypotension,MeSH,D015814,Ocular Hypotension
Diagnosis,"ophthalmia, sympathetic",MeSH,D009879,"Ophthalmia, Sympathetic"
Diagnosis,orbital cellulitis,MeSH,D054517,Orbital Cellulitis
Diagnosis,orbital diseases,MeSH,D009916,Orbital Diseases
Diagnosis,orbital pseudotumor,MeSH,D016727,Orbital Pseudotumor
Diagnosis,panuveitis,MeSH,D015864,Panuveitis
Diagnosis,pars planitis,MeSH,D015868,Pars Planitis
Diagnosis,"pemphigoid, benign mucous membrane",MeSH,D010390,"Pemphigoid, Benign Mucous Membrane"
Diagnosis,persistent hyperplastic primary vitreous,MeSH,D054514,Persistent Hyperplastic Primary Vitreous
Diagnosis,pinguecula,MeSH,D059407,Pinguecula
Diagnosis,polypoidal choroidal vasculopathy,MeSH,D000092342,Polypoidal Choroidal Vasculopathy
Diagnosis,"posterior capsular rupture, ocular",MeSH,D057851,"Posterior Capsular Rupture, Ocular"
Diagnosis,presbyopia,MeSH,D011305,Presbyopia
Diagnosis,pterygium,MeSH,D011625,Pterygium
Diagnosis,refractive errors,MeSH,D012030,Refractive Errors
Diagnosis,retinal arterial macroaneurysm,MeSH,D000080346,Retinal Arterial Macroaneurysm
Diagnosis,retinal artery occlusion,MeSH,D015356,Retinal Artery Occlusion
Diagnosis,retinal degeneration,MeSH,D012162,Retinal Degeneration
Diagnosis,retinal detachment,MeSH,D012163,Retinal Detachment
Diagnosis,retinal diseases,MeSH,D012164,Retinal Diseases
Diagnosis,retinal drusen,MeSH,D015593,Retinal Drusen
Diagnosis,retinal dysplasia,MeSH,D015792,Retinal Dysplasia
Diagnosis,retinal dystrophies,MeSH,D058499,Retinal Dystrophies
Diagnosis,retinal hemorrhage,MeSH,D012166,Retinal Hemorrhage
Diagnosis,"retinal necrosis syndrome, acute",MeSH,D015882,"Retinal Necrosis Syndrome, Acute"
Diagnosis,retinal neovascularization,MeSH,D015861,Retinal Neovascularization
Diagnosis,retinal perforations,MeSH,D012167,Retinal Perforations
Diagnosis,retinal telangiectasis,MeSH,D058456,Retinal Telangiectasis
Diagnosis,retinal vasculitis,MeSH,D031300,Retinal Vasculitis
Diagnosis,retinal vein occlusion,MeSH,D012170,Retinal Vein Occlusion
Diagnosis,retinitis,MeSH,D012173,Retinitis
Diagnosis,retinitis pigmentosa,MeSH,D012174,Retinitis Pigmentosa
Diagnosis,retinopathy of prematurity,MeSH,D012178,Retinopathy of Prematurity
Diagnosis,retinoschisis,MeSH,D041441,Retinoschisis
Diagnosis,retrobulbar hemorrhage,MeSH,D019315,Retrobulbar Hemorrhage
Diagnosis,scleral diseases,MeSH,D015422,Scleral Diseases
Diagnosis,scleritis,MeSH,D015423,Scleritis
Diagnosis,stargardt disease,MeSH,D000080362,Stargardt Disease
Diagnosis,trichiasis,MeSH,D058457,Trichiasis
Diagnosis,uveal diseases,MeSH,D014603,Uveal Diseases
Diagnosis,uveal effusion syndrome,MeSH,D000080323,Uveal Effusion Syndrome
Diagnosis,uveitis,MeSH,D014605,Uveitis
Diagnosis,"uveitis, anterior",MeSH,D014606,"Uveitis, Anterior"
Diagnosis,"uveitis, intermediate",MeSH,D015867,"Uveitis, Intermediate"
Diagnosis,"uveitis, posterior",MeSH,D015866,"Uveitis, Posterior"
Diagnosis,vitelliform macular dystrophy,MeSH,D057826,Vitelliform Macular Dystrophy
Diagnosis,"vitreoretinopathy, proliferative",MeSH,D018630,"Vitreoretinopathy, Proliferative"
Diagnosis,vitreous detachment,MeSH,D020255,Vitreous Detachment
Diagnosis,vitreous hemorrhage,MeSH,D014823,Vitreous Hemorrhage
Diagnosis,wet macular degeneration,MeSH,D057135,Wet Macular Degeneration
Diagnosis,white dot syndromes,MeSH,D000080363,White Dot Syndromes
Diagnosis,xerophthalmia,MeSH,D014985,Xerophthalmia
Diagnosis,activated protein c resistance,MeSH,D020016,Activated Protein C Resistance
Diagnosis,acute chest syndrome,MeSH,D056586,Acute Chest Syndrome
Diagnosis,afibrinogenemia,MeSH,D000347,Afibrinogenemia
Diagnosis,agammaglobulinemia,MeSH,D000361,Agammaglobulinemia
Diagnosis,agranulocytosis,MeSH,D000380,Agranulocytosis
Diagnosis,anemia,MeSH,D000740,Anemia
Diagnosis,"anemia, aplastic",MeSH,D000741,"Anemia, Aplastic"
Diagnosis,"anemia, diamond-blackfan",MeSH,D029503,"Anemia, Diamond-Blackfan"
Diagnosis,"anemia, dyserythropoietic, congenital",MeSH,D000742,"Anemia, Dyserythropoietic, Congenital"
Diagnosis,"anemia, hemolytic",MeSH,D000743,"Anemia, Hemolytic"
Diagnosis,"anemia, hemolytic, autoimmune",MeSH,D000744,"Anemia, Hemolytic, Autoimmune"
Diagnosis,"anemia, hemolytic, congenital",MeSH,D000745,"Anemia, Hemolytic, Congenital"
Diagnosis,"anemia, hemolytic, congenital nonspherocytic",MeSH,D000746,"Anemia, Hemolytic, Congenital Nonspherocytic"
Diagnosis,"anemia, hypochromic",MeSH,D000747,"Anemia, Hypochromic"
Diagnosis,"anemia, hypoplastic, congenital",MeSH,D029502,"Anemia, Hypoplastic, Congenital"
Diagnosis,"anemia, iron-deficiency",MeSH,D018798,"Anemia, Iron-Deficiency"
Diagnosis,"anemia, macrocytic",MeSH,D000748,"Anemia, Macrocytic"
Diagnosis,"anemia, megaloblastic",MeSH,D000749,"Anemia, Megaloblastic"
Diagnosis,"anemia, myelophthisic",MeSH,D000750,"Anemia, Myelophthisic"
Diagnosis,"anemia, neonatal",MeSH,D000751,"Anemia, Neonatal"
Diagnosis,"anemia, pernicious",MeSH,D000752,"Anemia, Pernicious"
Diagnosis,"anemia, refractory",MeSH,D000753,"Anemia, Refractory"
Diagnosis,"anemia, refractory, with excess of blasts",MeSH,D000754,"Anemia, Refractory, with Excess of Blasts"
Diagnosis,"anemia, sickle cell",MeSH,D000755,"Anemia, Sickle Cell"
Diagnosis,"anemia, sideroblastic",MeSH,D000756,"Anemia, Sideroblastic"
Diagnosis,angiolymphoid hyperplasia with eosinophilia,MeSH,D000796,Angiolymphoid Hyperplasia with Eosinophilia
Diagnosis,antithrombin iii deficiency,MeSH,D020152,Antithrombin III Deficiency
Diagnosis,atypical hemolytic uremic syndrome,MeSH,D065766,Atypical Hemolytic Uremic Syndrome
Diagnosis,autoimmune lymphoproliferative syndrome,MeSH,D056735,Autoimmune Lymphoproliferative Syndrome
Diagnosis,bernard-soulier syndrome,MeSH,D001606,Bernard-Soulier Syndrome
Diagnosis,blood coagulation disorders,MeSH,D001778,Blood Coagulation Disorders
Diagnosis,"blood coagulation disorders, inherited",MeSH,D025861,"Blood Coagulation Disorders, Inherited"
Diagnosis,blood platelet disorders,MeSH,D001791,Blood Platelet Disorders
Diagnosis,blood protein disorders,MeSH,D001796,Blood Protein Disorders
Diagnosis,bone marrow diseases,MeSH,D001855,Bone Marrow Diseases
Diagnosis,bone marrow failure disorders,MeSH,D000080983,Bone Marrow Failure Disorders
Diagnosis,breast cancer lymphedema,MeSH,D000072656,Breast Cancer Lymphedema
Diagnosis,castleman disease,MeSH,D005871,Castleman Disease
Diagnosis,chemotherapy-induced febrile neutropenia,MeSH,D064146,Chemotherapy-Induced Febrile Neutropenia
Diagnosis,churg-strauss syndrome,MeSH,D015267,Churg-Strauss Syndrome
Diagnosis,coagulation protein disorders,MeSH,D020147,Coagulation Protein Disorders
Diagnosis,congenital bone marrow failure syndromes,MeSH,D000080984,Congenital Bone Marrow Failure Syndromes
Diagnosis,cryoglobulinemia,MeSH,D003449,Cryoglobulinemia
Diagnosis,cytopenia,MeSH,D000095542,Cytopenia
Diagnosis,disseminated intravascular coagulation,MeSH,D004211,Disseminated Intravascular Coagulation
Diagnosis,dysgammaglobulinemia,MeSH,D004406,Dysgammaglobulinemia
Diagnosis,dyskeratosis congenita,MeSH,D019871,Dyskeratosis Congenita
Diagnosis,ecchymosis,MeSH,D004438,Ecchymosis
Diagnosis,ehlers-danlos syndrome,MeSH,D004535,Ehlers-Danlos Syndrome
Diagnosis,"ehlers-danlos syndrome, type iv",MeSH,D000094623,"Ehlers-Danlos Syndrome, Type IV"
Diagnosis,elephantiasis,MeSH,D004604,Elephantiasis
Diagnosis,"elliptocytosis, hereditary",MeSH,D004612,"Elliptocytosis, Hereditary"
Diagnosis,eosinophilia,MeSH,D004802,Eosinophilia
Diagnosis,erdheim-chester disease,MeSH,D031249,Erdheim-Chester Disease
Diagnosis,"erythroblastosis, fetal",MeSH,D004899,"Erythroblastosis, Fetal"
Diagnosis,factor v deficiency,MeSH,D005166,Factor V Deficiency
Diagnosis,factor vii deficiency,MeSH,D005168,Factor VII Deficiency
Diagnosis,factor x deficiency,MeSH,D005171,Factor X Deficiency
Diagnosis,factor xi deficiency,MeSH,D005173,Factor XI Deficiency
Diagnosis,factor xii deficiency,MeSH,D005175,Factor XII Deficiency
Diagnosis,factor xiii deficiency,MeSH,D005177,Factor XIII Deficiency
Diagnosis,fanconi anemia,MeSH,D005199,Fanconi Anemia
Diagnosis,favism,MeSH,D005236,Favism
Diagnosis,febrile neutropenia,MeSH,D064147,Febrile Neutropenia
Diagnosis,fetofetal transfusion,MeSH,D005330,Fetofetal Transfusion
Diagnosis,fetomaternal transfusion,MeSH,D005331,Fetomaternal Transfusion
Diagnosis,gata2 deficiency,MeSH,D000077428,GATA2 Deficiency
Diagnosis,glucosephosphate dehydrogenase deficiency,MeSH,D005955,Glucosephosphate Dehydrogenase Deficiency
Diagnosis,granuloma,MeSH,D006099,Granuloma
Diagnosis,"granulomatous disease, chronic",MeSH,D006105,"Granulomatous Disease, Chronic"
Diagnosis,gray platelet syndrome,MeSH,D055652,Gray Platelet Syndrome
Diagnosis,heavy chain disease,MeSH,D006362,Heavy Chain Disease
Diagnosis,hematologic diseases,MeSH,D006402,Hematologic Diseases
Diagnosis,hemic and lymphatic diseases,MeSH,D006425,Hemic and Lymphatic Diseases
Diagnosis,hemoglobin c disease,MeSH,D006445,Hemoglobin C Disease
Diagnosis,hemoglobin sc disease,MeSH,D006450,Hemoglobin SC Disease
Diagnosis,hemoglobinopathies,MeSH,D006453,Hemoglobinopathies
Diagnosis,"hemoglobinuria, paroxysmal",MeSH,D006457,"Hemoglobinuria, Paroxysmal"
Diagnosis,hemolytic-uremic syndrome,MeSH,D006463,Hemolytic-Uremic Syndrome
Diagnosis,hemophilia a,MeSH,D006467,Hemophilia A
Diagnosis,hemophilia b,MeSH,D002836,Hemophilia B
Diagnosis,hemorrhagic disorders,MeSH,D006474,Hemorrhagic Disorders
Diagnosis,hemostatic disorders,MeSH,D020141,Hemostatic Disorders
Diagnosis,heterotaxy syndrome,MeSH,D059446,Heterotaxy Syndrome
Diagnosis,histiocytic necrotizing lymphadenitis,MeSH,D020042,Histiocytic Necrotizing Lymphadenitis
Diagnosis,histiocytosis,MeSH,D015614,Histiocytosis
Diagnosis,"histiocytosis, langerhans-cell",MeSH,D006646,"Histiocytosis, Langerhans-Cell"
Diagnosis,"histiocytosis, non-langerhans-cell",MeSH,D015616,"Histiocytosis, Non-Langerhans-Cell"
Diagnosis,"histiocytosis, sinus",MeSH,D015618,"Histiocytosis, Sinus"
Diagnosis,hydrops fetalis,MeSH,D015160,Hydrops Fetalis
Diagnosis,hyper-igm immunodeficiency syndrome,MeSH,D053306,Hyper-IgM Immunodeficiency Syndrome
Diagnosis,"hyper-igm immunodeficiency syndrome, type 1",MeSH,D053307,"Hyper-IgM Immunodeficiency Syndrome, Type 1"
Diagnosis,hypereosinophilic syndrome,MeSH,D017681,Hypereosinophilic Syndrome
Diagnosis,hypergammaglobulinemia,MeSH,D006942,Hypergammaglobulinemia
Diagnosis,hypersplenism,MeSH,D006971,Hypersplenism
Diagnosis,hypoalbuminemia,MeSH,D034141,Hypoalbuminemia
Diagnosis,hypoproteinemia,MeSH,D007019,Hypoproteinemia
Diagnosis,hypoprothrombinemias,MeSH,D007020,Hypoprothrombinemias
Diagnosis,iga deficiency,MeSH,D017098,IgA Deficiency
Diagnosis,iga vasculitis,MeSH,D011695,IgA Vasculitis
Diagnosis,igg deficiency,MeSH,D017099,IgG Deficiency
Diagnosis,immunoblastic lymphadenopathy,MeSH,D007119,Immunoblastic Lymphadenopathy
Diagnosis,jacobsen distal 11q deletion syndrome,MeSH,D054868,Jacobsen Distal 11q Deletion Syndrome
Diagnosis,job syndrome,MeSH,D007589,Job Syndrome
Diagnosis,"leukemia, neutrophilic, chronic",MeSH,D015467,"Leukemia, Neutrophilic, Chronic"
Diagnosis,leukemoid reaction,MeSH,D007955,Leukemoid Reaction
Diagnosis,leukocyte disorders,MeSH,D007960,Leukocyte Disorders
Diagnosis,leukocytosis,MeSH,D007964,Leukocytosis
Diagnosis,leukopenia,MeSH,D007970,Leukopenia
Diagnosis,leukostasis,MeSH,D018921,Leukostasis
Diagnosis,lymphadenitis,MeSH,D008199,Lymphadenitis
Diagnosis,lymphadenopathy,MeSH,D000072281,Lymphadenopathy
Diagnosis,lymphangiectasis,MeSH,D008200,Lymphangiectasis
Diagnosis,"lymphangiectasis, intestinal",MeSH,D008201,"Lymphangiectasis, Intestinal"
Diagnosis,lymphangitis,MeSH,D008205,Lymphangitis
Diagnosis,lymphatic abnormalities,MeSH,D044148,Lymphatic Abnormalities
Diagnosis,lymphatic diseases,MeSH,D008206,Lymphatic Diseases
Diagnosis,lymphedema,MeSH,D008209,Lymphedema
Diagnosis,lymphocytosis,MeSH,D008218,Lymphocytosis
Diagnosis,"lymphohistiocytosis, hemophagocytic",MeSH,D051359,"Lymphohistiocytosis, Hemophagocytic"
Diagnosis,lymphopenia,MeSH,D008231,Lymphopenia
Diagnosis,lymphoproliferative disorders,MeSH,D008232,Lymphoproliferative Disorders
Diagnosis,methemoglobinemia,MeSH,D008708,Methemoglobinemia
Diagnosis,monoclonal gammopathy of undetermined significance,MeSH,D008998,Monoclonal Gammopathy of Undetermined Significance
Diagnosis,mucocutaneous lymph node syndrome,MeSH,D009080,Mucocutaneous Lymph Node Syndrome
Diagnosis,myelodysplastic syndromes,MeSH,D009190,Myelodysplastic Syndromes
Diagnosis,myelodysplastic-myeloproliferative diseases,MeSH,D054437,Myelodysplastic-Myeloproliferative Diseases
Diagnosis,myeloproliferative disorders,MeSH,D009196,Myeloproliferative Disorders
Diagnosis,necrobiotic xanthogranuloma,MeSH,D058252,Necrobiotic Xanthogranuloma
Diagnosis,neutropenia,MeSH,D009503,Neutropenia
Diagnosis,non-filarial lymphedema,MeSH,D062846,Non-Filarial Lymphedema
Diagnosis,pancytopenia,MeSH,D010198,Pancytopenia
Diagnosis,paraproteinemias,MeSH,D010265,Paraproteinemias
Diagnosis,pelger-huet anomaly,MeSH,D010381,Pelger-Huet Anomaly
Diagnosis,phagocyte bactericidal dysfunction,MeSH,D010585,Phagocyte Bactericidal Dysfunction
Diagnosis,platelet storage pool deficiency,MeSH,D010981,Platelet Storage Pool Deficiency
Diagnosis,polycythemia,MeSH,D011086,Polycythemia
Diagnosis,"pregnancy complications, hematologic",MeSH,D011250,"Pregnancy Complications, Hematologic"
Diagnosis,primary myelofibrosis,MeSH,D055728,Primary Myelofibrosis
Diagnosis,protein c deficiency,MeSH,D020151,Protein C Deficiency
Diagnosis,protein s deficiency,MeSH,D018455,Protein S Deficiency
Diagnosis,pseudolymphoma,MeSH,D019310,Pseudolymphoma
Diagnosis,pseudothrombocytopenia,MeSH,D000099267,Pseudothrombocytopenia
Diagnosis,pseudoxanthoma elasticum,MeSH,D011561,Pseudoxanthoma Elasticum
Diagnosis,pulmonary eosinophilia,MeSH,D011657,Pulmonary Eosinophilia
Diagnosis,purpura,MeSH,D011693,Purpura
Diagnosis,purpura fulminans,MeSH,D055665,Purpura Fulminans
Diagnosis,"purpura, hyperglobulinemic",MeSH,D011694,"Purpura, Hyperglobulinemic"
Diagnosis,"purpura, thrombocytopenic",MeSH,D011696,"Purpura, Thrombocytopenic"
Diagnosis,"purpura, thrombocytopenic, idiopathic",MeSH,D016553,"Purpura, Thrombocytopenic, Idiopathic"
Diagnosis,"purpura, thrombotic thrombocytopenic",MeSH,D011697,"Purpura, Thrombotic Thrombocytopenic"
Diagnosis,"red-cell aplasia, pure",MeSH,D012010,"Red-Cell Aplasia, Pure"
Diagnosis,sarcoidosis,MeSH,D012507,Sarcoidosis
Diagnosis,"sarcoidosis, pulmonary",MeSH,D017565,"Sarcoidosis, Pulmonary"
Diagnosis,scurvy,MeSH,D012614,Scurvy
Diagnosis,shwartzman phenomenon,MeSH,D012790,Shwartzman Phenomenon
Diagnosis,sickle cell trait,MeSH,D012805,Sickle Cell Trait
Diagnosis,"spherocytosis, hereditary",MeSH,D013103,"Spherocytosis, Hereditary"
Diagnosis,splenic diseases,MeSH,D013158,Splenic Diseases
Diagnosis,splenic infarction,MeSH,D013159,Splenic Infarction
Diagnosis,splenic rupture,MeSH,D013161,Splenic Rupture
Diagnosis,splenosis,MeSH,D017890,Splenosis
Diagnosis,sulfhemoglobinemia,MeSH,D013436,Sulfhemoglobinemia
Diagnosis,"t-lymphocytopenia, idiopathic cd4-positive",MeSH,D018344,"T-Lymphocytopenia, Idiopathic CD4-Positive"
Diagnosis,"telangiectasia, hereditary hemorrhagic",MeSH,D013683,"Telangiectasia, Hereditary Hemorrhagic"
Diagnosis,thalassemia,MeSH,D013789,Thalassemia
Diagnosis,thrombasthenia,MeSH,D013915,Thrombasthenia
Diagnosis,"thrombocythemia, essential",MeSH,D013920,"Thrombocythemia, Essential"
Diagnosis,thrombocytopenia,MeSH,D013921,Thrombocytopenia
Diagnosis,"thrombocytopenia, neonatal alloimmune",MeSH,D054098,"Thrombocytopenia, Neonatal Alloimmune"
Diagnosis,thrombocytosis,MeSH,D013922,Thrombocytosis
Diagnosis,thromboinflammation,MeSH,D000090882,Thromboinflammation
Diagnosis,thrombophilia,MeSH,D019851,Thrombophilia
Diagnosis,thrombotic microangiopathies,MeSH,D057049,Thrombotic Microangiopathies
Diagnosis,thymus hyperplasia,MeSH,D013952,Thymus Hyperplasia
Diagnosis,transfusion reaction,MeSH,D065227,Transfusion Reaction
Diagnosis,transfusion-related acute lung injury,MeSH,D000073617,Transfusion-Related Acute Lung Injury
Diagnosis,tumor lysis syndrome,MeSH,D015275,Tumor Lysis Syndrome
Diagnosis,uveoparotid fever,MeSH,D014608,Uveoparotid Fever
Diagnosis,vaso-occlusive crises,MeSH,D000098644,Vaso-Occlusive Crises
Diagnosis,vitamin k deficiency,MeSH,D014813,Vitamin K Deficiency
Diagnosis,vitamin k deficiency bleeding,MeSH,D006475,Vitamin K Deficiency Bleeding
Diagnosis,wandering spleen,MeSH,D050805,Wandering Spleen
Diagnosis,wiskott-aldrich syndrome,MeSH,D014923,Wiskott-Aldrich Syndrome
Diagnosis,"xanthogranuloma, juvenile",MeSH,D014972,"Xanthogranuloma, Juvenile"
Diagnosis,alpha-thalassemia,MeSH,D017085,alpha-Thalassemia
Diagnosis,beta-thalassemia,MeSH,D017086,beta-Thalassemia
Diagnosis,delta-thalassemia,MeSH,D055538,delta-Thalassemia
Diagnosis,"von willebrand disease, type 1",MeSH,D056725,"von Willebrand Disease, Type 1"
Diagnosis,"von willebrand disease, type 2",MeSH,D056728,"von Willebrand Disease, Type 2"
Diagnosis,"von willebrand disease, type 3",MeSH,D056729,"von Willebrand Disease, Type 3"
Diagnosis,von willebrand diseases,MeSH,D014842,von Willebrand Diseases
Diagnosis,acantholysis,MeSH,D000051,Acantholysis
Diagnosis,acanthosis nigricans,MeSH,D000052,Acanthosis Nigricans
Diagnosis,acne conglobata,MeSH,D000069316,Acne Conglobata
Diagnosis,acne keloid,MeSH,D000153,Acne Keloid
Diagnosis,acne vulgaris,MeSH,D000152,Acne Vulgaris
Diagnosis,acneiform eruptions,MeSH,D017486,Acneiform Eruptions
Diagnosis,acrodermatitis,MeSH,D000169,Acrodermatitis
Diagnosis,acute generalized exanthematous pustulosis,MeSH,D056150,Acute Generalized Exanthematous Pustulosis
Diagnosis,adiposis dolorosa,MeSH,D000274,Adiposis Dolorosa
Diagnosis,alopecia,MeSH,D000505,Alopecia
Diagnosis,alopecia areata,MeSH,D000506,Alopecia Areata
Diagnosis,anetoderma,MeSH,D057088,Anetoderma
Diagnosis,angioedema,MeSH,D000799,Angioedema
Diagnosis,"angioedemas, hereditary",MeSH,D054179,"Angioedemas, Hereditary"
Diagnosis,anti-neutrophil cytoplasmic antibody-associated vasculitis,MeSH,D056648,Anti-Neutrophil Cytoplasmic Antibody-Associated Vasculitis
Diagnosis,argyria,MeSH,D001129,Argyria
Diagnosis,blister,MeSH,D001768,Blister
Diagnosis,breast diseases,MeSH,D001941,Breast Diseases
Diagnosis,cafe-au-lait spots,MeSH,D019080,Cafe-au-Lait Spots
Diagnosis,calcinosis cutis,MeSH,D000092182,Calcinosis Cutis
Diagnosis,callosities,MeSH,D002145,Callosities
Diagnosis,chiari-frommel syndrome,MeSH,D002640,Chiari-Frommel Syndrome
Diagnosis,chloracne,MeSH,D054506,Chloracne
Diagnosis,cholesteatoma,MeSH,D002781,Cholesteatoma
Diagnosis,"cholesteatoma, middle ear",MeSH,D018424,"Cholesteatoma, Middle Ear"
Diagnosis,chronic inducible urticaria,MeSH,D000094482,Chronic Inducible Urticaria
Diagnosis,chronic urticaria,MeSH,D000080223,Chronic Urticaria
Diagnosis,cold urticaria,MeSH,D000096703,Cold Urticaria
Diagnosis,collagen diseases,MeSH,D003095,Collagen Diseases
Diagnosis,connective tissue diseases,MeSH,D003240,Connective Tissue Diseases
Diagnosis,cryopyrin-associated periodic syndromes,MeSH,D056587,Cryopyrin-Associated Periodic Syndromes
Diagnosis,cutaneous fistula,MeSH,D017577,Cutaneous Fistula
Diagnosis,cutis laxa,MeSH,D003483,Cutis Laxa
Diagnosis,dandruff,MeSH,D063807,Dandruff
Diagnosis,darier disease,MeSH,D007644,Darier Disease
Diagnosis,dermatitis,MeSH,D003872,Dermatitis
Diagnosis,dermatitis herpetiformis,MeSH,D003874,Dermatitis Herpetiformis
Diagnosis,"dermatitis, allergic contact",MeSH,D017449,"Dermatitis, Allergic Contact"
Diagnosis,"dermatitis, atopic",MeSH,D003876,"Dermatitis, Atopic"
Diagnosis,"dermatitis, contact",MeSH,D003877,"Dermatitis, Contact"
Diagnosis,"dermatitis, exfoliative",MeSH,D003873,"Dermatitis, Exfoliative"
Diagnosis,"dermatitis, irritant",MeSH,D017453,"Dermatitis, Irritant"
Diagnosis,"dermatitis, occupational",MeSH,D009783,"Dermatitis, Occupational"
Diagnosis,"dermatitis, perioral",MeSH,D019557,"Dermatitis, Perioral"
Diagnosis,"dermatitis, photoallergic",MeSH,D017454,"Dermatitis, Photoallergic"
Diagnosis,"dermatitis, phototoxic",MeSH,D017484,"Dermatitis, Phototoxic"
Diagnosis,"dermatitis, seborrheic",MeSH,D012628,"Dermatitis, Seborrheic"
Diagnosis,"dermatitis, toxicodendron",MeSH,D011040,"Dermatitis, Toxicodendron"
Diagnosis,diabetic foot,MeSH,D017719,Diabetic Foot
Diagnosis,diaper rash,MeSH,D003963,Diaper Rash
Diagnosis,drug eruptions,MeSH,D003875,Drug Eruptions
Diagnosis,drug hypersensitivity syndrome,MeSH,D063926,Drug Hypersensitivity Syndrome
Diagnosis,ectodermal dysplasia,MeSH,D004476,Ectodermal Dysplasia
Diagnosis,"ectodermal dysplasia 1, anhidrotic",MeSH,D053358,"Ectodermal Dysplasia 1, Anhidrotic"
Diagnosis,"ectodermal dysplasia 3, anhidrotic",MeSH,D053359,"Ectodermal Dysplasia 3, Anhidrotic"
Diagnosis,"ectodermal dysplasia, hypohidrotic, autosomal recessive",MeSH,D053360,"Ectodermal Dysplasia, Hypohidrotic, Autosomal Recessive"
Diagnosis,eczema,MeSH,D004485,Eczema
Diagnosis,"eczema, dyshidrotic",MeSH,D011146,"Eczema, Dyshidrotic"
Diagnosis,epidermolysis bullosa,MeSH,D004820,Epidermolysis Bullosa
Diagnosis,epidermolysis bullosa acquisita,MeSH,D016107,Epidermolysis Bullosa Acquisita
Diagnosis,epidermolysis bullosa dystrophica,MeSH,D016108,Epidermolysis Bullosa Dystrophica
Diagnosis,epidermolysis bullosa simplex,MeSH,D016110,Epidermolysis Bullosa Simplex
Diagnosis,"epidermolysis bullosa, junctional",MeSH,D016109,"Epidermolysis Bullosa, Junctional"
Diagnosis,erythema,MeSH,D004890,Erythema
Diagnosis,erythema ab igne,MeSH,D000089965,Erythema Ab Igne
Diagnosis,erythema multiforme,MeSH,D004892,Erythema Multiforme
Diagnosis,erythema nodosum,MeSH,D004893,Erythema Nodosum
Diagnosis,erythrokeratodermia variabilis,MeSH,D056266,Erythrokeratodermia Variabilis
Diagnosis,exanthema,MeSH,D005076,Exanthema
Diagnosis,facial dermatoses,MeSH,D005148,Facial Dermatoses
Diagnosis,familial multiple lipomatosis,MeSH,D000071070,Familial Multiple Lipomatosis
Diagnosis,fibrocystic breast disease,MeSH,D005348,Fibrocystic Breast Disease
Diagnosis,focal facial dermal dysplasias,MeSH,D000090303,Focal Facial Dermal Dysplasias
Diagnosis,folliculitis,MeSH,D005499,Folliculitis
Diagnosis,foot dermatoses,MeSH,D005533,Foot Dermatoses
Diagnosis,foot ulcer,MeSH,D016523,Foot Ulcer
Diagnosis,fox-fordyce disease,MeSH,D005588,Fox-Fordyce Disease
Diagnosis,galactorrhea,MeSH,D005687,Galactorrhea
Diagnosis,granuloma annulare,MeSH,D016460,Granuloma Annulare
Diagnosis,granulomatosis with polyangiitis,MeSH,D014890,Granulomatosis with Polyangiitis
Diagnosis,granulomatous mastitis,MeSH,D058890,Granulomatous Mastitis
Diagnosis,guttate psoriasis,MeSH,D000098650,Guttate Psoriasis
Diagnosis,gynecomastia,MeSH,D006177,Gynecomastia
Diagnosis,hair diseases,MeSH,D006201,Hair Diseases
Diagnosis,hand dermatoses,MeSH,D006229,Hand Dermatoses
Diagnosis,hand-foot syndrome,MeSH,D060831,Hand-Foot Syndrome
Diagnosis,hereditary angioedema type iii,MeSH,D056828,Hereditary Angioedema Type III
Diagnosis,hereditary angioedema types i and ii,MeSH,D056829,Hereditary Angioedema Types I and II
Diagnosis,hereditary autoinflammatory diseases,MeSH,D056660,Hereditary Autoinflammatory Diseases
Diagnosis,hidradenitis,MeSH,D016575,Hidradenitis
Diagnosis,hirsutism,MeSH,D006628,Hirsutism
Diagnosis,hyaline fibromatosis syndrome,MeSH,D057770,Hyaline Fibromatosis Syndrome
Diagnosis,hydroa vacciniforme,MeSH,D006837,Hydroa Vacciniforme
Diagnosis,hyperhidrosis,MeSH,D006945,Hyperhidrosis
Diagnosis,"hyperkeratosis, epidermolytic",MeSH,D017488,"Hyperkeratosis, Epidermolytic"
Diagnosis,hyperpigmentation,MeSH,D017495,Hyperpigmentation
Diagnosis,hypertrichosis,MeSH,D006983,Hypertrichosis
Diagnosis,hypohidrosis,MeSH,D007007,Hypohidrosis
Diagnosis,hypopigmentation,MeSH,D017496,Hypopigmentation
Diagnosis,hypotrichosis,MeSH,D007039,Hypotrichosis
Diagnosis,"ichthyosiform erythroderma, congenital",MeSH,D016113,"Ichthyosiform Erythroderma, Congenital"
Diagnosis,ichthyosis,MeSH,D007057,Ichthyosis
Diagnosis,ichthyosis bullosa of siemens,MeSH,D053560,Ichthyosis Bullosa of Siemens
Diagnosis,ichthyosis vulgaris,MeSH,D016112,Ichthyosis Vulgaris
Diagnosis,"ichthyosis, lamellar",MeSH,D017490,"Ichthyosis, Lamellar"
Diagnosis,"ichthyosis, x-linked",MeSH,D016114,"Ichthyosis, X-Linked"
Diagnosis,immersion foot,MeSH,D007102,Immersion Foot
Diagnosis,incontinentia pigmenti,MeSH,D007184,Incontinentia Pigmenti
Diagnosis,intertrigo,MeSH,D007402,Intertrigo
Diagnosis,keloid,MeSH,D007627,Keloid
Diagnosis,keratoacanthoma,MeSH,D007636,Keratoacanthoma
Diagnosis,"keratoderma, palmoplantar",MeSH,D007645,"Keratoderma, Palmoplantar"
Diagnosis,"keratoderma, palmoplantar, diffuse",MeSH,D015776,"Keratoderma, Palmoplantar, Diffuse"
Diagnosis,"keratoderma, palmoplantar, epidermolytic",MeSH,D053546,"Keratoderma, Palmoplantar, Epidermolytic"
Diagnosis,keratosis,MeSH,D007642,Keratosis
Diagnosis,"keratosis, seborrheic",MeSH,D017492,"Keratosis, Seborrheic"
Diagnosis,lactation disorders,MeSH,D007775,Lactation Disorders
Diagnosis,leg dermatoses,MeSH,D007868,Leg Dermatoses
Diagnosis,leg ulcer,MeSH,D007871,Leg Ulcer
Diagnosis,lentigo,MeSH,D007911,Lentigo
Diagnosis,"leukokeratosis, hereditary mucosal",MeSH,D053529,"Leukokeratosis, Hereditary Mucosal"
Diagnosis,lichen nitidus,MeSH,D017513,Lichen Nitidus
Diagnosis,lichen planus,MeSH,D008010,Lichen Planus
Diagnosis,lichen sclerosus et atrophicus,MeSH,D018459,Lichen Sclerosus et Atrophicus
Diagnosis,lichenoid eruptions,MeSH,D017512,Lichenoid Eruptions
Diagnosis,linear iga bullous dermatosis,MeSH,D062027,Linear IgA Bullous Dermatosis
Diagnosis,lipedema,MeSH,D065134,Lipedema
Diagnosis,lipodystrophy,MeSH,D008060,Lipodystrophy
Diagnosis,"lipodystrophy, congenital generalized",MeSH,D052497,"Lipodystrophy, Congenital Generalized"
Diagnosis,"lipodystrophy, familial partial",MeSH,D052496,"Lipodystrophy, Familial Partial"
Diagnosis,lipomatosis,MeSH,D008068,Lipomatosis
Diagnosis,"lipomatosis, multiple symmetrical",MeSH,D008069,"Lipomatosis, Multiple Symmetrical"
Diagnosis,livedo reticularis,MeSH,D054068,Livedo Reticularis
Diagnosis,livedoid vasculopathy,MeSH,D000090122,Livedoid Vasculopathy
Diagnosis,loose anagen hair syndrome,MeSH,D058247,Loose Anagen Hair Syndrome
Diagnosis,"lupus erythematosus, cutaneous",MeSH,D008178,"Lupus Erythematosus, Cutaneous"
Diagnosis,"lupus erythematosus, discoid",MeSH,D008179,"Lupus Erythematosus, Discoid"
Diagnosis,"lupus erythematosus, systemic",MeSH,D008180,"Lupus Erythematosus, Systemic"
Diagnosis,lupus nephritis,MeSH,D008181,Lupus Nephritis
Diagnosis,malignant atrophic papulosis,MeSH,D054853,Malignant Atrophic Papulosis
Diagnosis,mastitis,MeSH,D008413,Mastitis
Diagnosis,melanosis,MeSH,D008548,Melanosis
Diagnosis,miliaria,MeSH,D008883,Miliaria
Diagnosis,mixed connective tissue disease,MeSH,D008947,Mixed Connective Tissue Disease
Diagnosis,monilethrix,MeSH,D056734,Monilethrix
Diagnosis,morgellons disease,MeSH,D055535,Morgellons Disease
Diagnosis,mucinoses,MeSH,D017520,Mucinoses
Diagnosis,"mucinosis, follicular",MeSH,D000507,"Mucinosis, Follicular"
Diagnosis,mucopolysaccharidoses,MeSH,D009083,Mucopolysaccharidoses
Diagnosis,mucopolysaccharidosis i,MeSH,D008059,Mucopolysaccharidosis I
Diagnosis,mucopolysaccharidosis iii,MeSH,D009084,Mucopolysaccharidosis III
Diagnosis,mucopolysaccharidosis iv,MeSH,D009085,Mucopolysaccharidosis IV
Diagnosis,mucopolysaccharidosis vi,MeSH,D009087,Mucopolysaccharidosis VI
Diagnosis,mucopolysaccharidosis vii,MeSH,D016538,Mucopolysaccharidosis VII
Diagnosis,myxedema,MeSH,D009230,Myxedema
Diagnosis,nail diseases,MeSH,D009260,Nail Diseases
Diagnosis,"nails, ingrown",MeSH,D009263,"Nails, Ingrown"
Diagnosis,necrobiosis lipoidica,MeSH,D009335,Necrobiosis Lipoidica
Diagnosis,necrobiotic disorders,MeSH,D017441,Necrobiotic Disorders
Diagnosis,necrolytic migratory erythema,MeSH,D058568,Necrolytic Migratory Erythema
Diagnosis,"nephritis, hereditary",MeSH,D009394,"Nephritis, Hereditary"
Diagnosis,nephrogenic fibrosing dermopathy,MeSH,D054989,Nephrogenic Fibrosing Dermopathy
Diagnosis,netherton syndrome,MeSH,D056770,Netherton Syndrome
Diagnosis,neurodermatitis,MeSH,D009450,Neurodermatitis
Diagnosis,nicolau syndrome,MeSH,D065148,Nicolau Syndrome
Diagnosis,onycholysis,MeSH,D054039,Onycholysis
Diagnosis,pachyonychia congenita,MeSH,D053549,Pachyonychia Congenita
Diagnosis,panniculitis,MeSH,D015434,Panniculitis
Diagnosis,"panniculitis, lupus erythematosus",MeSH,D015435,"Panniculitis, Lupus Erythematosus"
Diagnosis,"panniculitis, nodular nonsuppurative",MeSH,D010201,"Panniculitis, Nodular Nonsuppurative"
Diagnosis,papillon-lefevre disease,MeSH,D010214,Papillon-Lefevre Disease
Diagnosis,parakeratosis,MeSH,D010241,Parakeratosis
Diagnosis,parapsoriasis,MeSH,D010267,Parapsoriasis
Diagnosis,pemphigoid gestationis,MeSH,D006559,Pemphigoid Gestationis
Diagnosis,"pemphigoid, bullous",MeSH,D010391,"Pemphigoid, Bullous"
Diagnosis,pemphigus,MeSH,D010392,Pemphigus
Diagnosis,"pemphigus, benign familial",MeSH,D016506,"Pemphigus, Benign Familial"
Diagnosis,penile induration,MeSH,D010411,Penile Induration
Diagnosis,photosensitivity disorders,MeSH,D010787,Photosensitivity Disorders
Diagnosis,piebaldism,MeSH,D016116,Piebaldism
Diagnosis,pigmentation disorders,MeSH,D010859,Pigmentation Disorders
Diagnosis,pityriasis,MeSH,D010915,Pityriasis
Diagnosis,pityriasis lichenoides,MeSH,D017514,Pityriasis Lichenoides
Diagnosis,pityriasis rosea,MeSH,D017515,Pityriasis Rosea
Diagnosis,pityriasis rubra pilaris,MeSH,D010916,Pityriasis Rubra Pilaris
Diagnosis,polyarteritis nodosa,MeSH,D010488,Polyarteritis Nodosa
Diagnosis,porokeratosis,MeSH,D017499,Porokeratosis
Diagnosis,"porphyria, erythropoietic",MeSH,D017092,"Porphyria, Erythropoietic"
Diagnosis,port-wine stain,MeSH,D019339,Port-Wine Stain
Diagnosis,pressure ulcer,MeSH,D003668,Pressure Ulcer
Diagnosis,prurigo,MeSH,D011536,Prurigo
Diagnosis,pruritus,MeSH,D011537,Pruritus
Diagnosis,pruritus vulvae,MeSH,D011539,Pruritus Vulvae
Diagnosis,psoriasis,MeSH,D011565,Psoriasis
Diagnosis,pyoderma,MeSH,D011711,Pyoderma
Diagnosis,pyoderma gangrenosum,MeSH,D017511,Pyoderma Gangrenosum
Diagnosis,radiodermatitis,MeSH,D011855,Radiodermatitis
Diagnosis,raynaud disease,MeSH,D011928,Raynaud Disease
Diagnosis,rhinophyma,MeSH,D012224,Rhinophyma
Diagnosis,rosacea,MeSH,D012393,Rosacea
Diagnosis,rothmund-thomson syndrome,MeSH,D011038,Rothmund-Thomson Syndrome
Diagnosis,scalp dermatoses,MeSH,D012536,Scalp Dermatoses
Diagnosis,scleredema adultorum,MeSH,D012592,Scleredema Adultorum
Diagnosis,sclerema neonatorum,MeSH,D012593,Sclerema Neonatorum
Diagnosis,"scleroderma, diffuse",MeSH,D045743,"Scleroderma, Diffuse"
Diagnosis,"scleroderma, limited",MeSH,D045745,"Scleroderma, Limited"
Diagnosis,"scleroderma, localized",MeSH,D012594,"Scleroderma, Localized"
Diagnosis,"scleroderma, systemic",MeSH,D012595,"Scleroderma, Systemic"
Diagnosis,scleromyxedema,MeSH,D053718,Scleromyxedema
Diagnosis,sebaceous gland diseases,MeSH,D012625,Sebaceous Gland Diseases
Diagnosis,serum sickness,MeSH,D012713,Serum Sickness
Diagnosis,sjogren-larsson syndrome,MeSH,D016111,Sjogren-Larsson Syndrome
Diagnosis,skin abnormalities,MeSH,D012868,Skin Abnormalities
Diagnosis,skin diseases,MeSH,D012871,Skin Diseases
Diagnosis,"skin diseases, eczematous",MeSH,D017443,"Skin Diseases, Eczematous"
Diagnosis,"skin diseases, genetic",MeSH,D012873,"Skin Diseases, Genetic"
Diagnosis,"skin diseases, metabolic",MeSH,D012875,"Skin Diseases, Metabolic"
Diagnosis,"skin diseases, papulosquamous",MeSH,D017444,"Skin Diseases, Papulosquamous"
Diagnosis,"skin diseases, vascular",MeSH,D017445,"Skin Diseases, Vascular"
Diagnosis,"skin diseases, vesiculobullous",MeSH,D012872,"Skin Diseases, Vesiculobullous"
Diagnosis,skin ulcer,MeSH,D012883,Skin Ulcer
Diagnosis,skin and connective tissue diseases,MeSH,D017437,Skin and Connective Tissue Diseases
Diagnosis,steatocystoma multiplex,MeSH,D062685,Steatocystoma Multiplex
Diagnosis,sunburn,MeSH,D013471,Sunburn
Diagnosis,sweat gland diseases,MeSH,D013543,Sweat Gland Diseases
Diagnosis,sweet syndrome,MeSH,D016463,Sweet Syndrome
Diagnosis,takayasu arteritis,MeSH,D013625,Takayasu Arteritis
Diagnosis,trichothiodystrophy syndromes,MeSH,D054463,Trichothiodystrophy Syndromes
Diagnosis,undifferentiated connective tissue diseases,MeSH,D000074079,Undifferentiated Connective Tissue Diseases
Diagnosis,urticaria,MeSH,D014581,Urticaria
Diagnosis,"urticaria, solar",MeSH,D000092130,"Urticaria, Solar"
Diagnosis,varicose ulcer,MeSH,D014647,Varicose Ulcer
Diagnosis,"vasculitis, leukocytoclastic, cutaneous",MeSH,D018366,"Vasculitis, Leukocytoclastic, Cutaneous"
Diagnosis,vitiligo,MeSH,D014820,Vitiligo
Diagnosis,yellow nail syndrome,MeSH,D056684,Yellow Nail Syndrome
Diagnosis,abetalipoproteinemia,MeSH,D000012,Abetalipoproteinemia
Diagnosis,acatalasia,MeSH,D020642,Acatalasia
Diagnosis,acid-base imbalance,MeSH,D000137,Acid-Base Imbalance
Diagnosis,acidosis,MeSH,D000138,Acidosis
Diagnosis,"acidosis, lactic",MeSH,D000140,"Acidosis, Lactic"
Diagnosis,"acidosis, renal tubular",MeSH,D000141,"Acidosis, Renal Tubular"
Diagnosis,"acidosis, respiratory",MeSH,D000142,"Acidosis, Respiratory"
Diagnosis,"adrenal hyperplasia, congenital",MeSH,D000312,"Adrenal Hyperplasia, Congenital"
Diagnosis,alkalosis,MeSH,D000471,Alkalosis
Diagnosis,"alkalosis, respiratory",MeSH,D000472,"Alkalosis, Respiratory"
Diagnosis,alkaptonuria,MeSH,D000474,Alkaptonuria
Diagnosis,"amino acid metabolism, inborn errors",MeSH,D000592,"Amino Acid Metabolism, Inborn Errors"
Diagnosis,"amino acid transport disorders, inborn",MeSH,D020157,"Amino Acid Transport Disorders, Inborn"
Diagnosis,amyloidosis,MeSH,D000686,Amyloidosis
Diagnosis,"amyloidosis, familial",MeSH,D028226,"Amyloidosis, Familial"
Diagnosis,ascorbic acid deficiency,MeSH,D001206,Ascorbic Acid Deficiency
Diagnosis,aspartylglucosaminuria,MeSH,D054880,Aspartylglucosaminuria
Diagnosis,avitaminosis,MeSH,D001361,Avitaminosis
Diagnosis,barth syndrome,MeSH,D056889,Barth Syndrome
Diagnosis,beriberi,MeSH,D001602,Beriberi
Diagnosis,biotinidase deficiency,MeSH,D028921,Biotinidase Deficiency
Diagnosis,bloom syndrome,MeSH,D001816,Bloom Syndrome
Diagnosis,calcinosis,MeSH,D002114,Calcinosis
Diagnosis,calciphylaxis,MeSH,D002115,Calciphylaxis
Diagnosis,calcium metabolism disorders,MeSH,D002128,Calcium Metabolism Disorders
Diagnosis,"carbohydrate metabolism, inborn errors",MeSH,D002239,"Carbohydrate Metabolism, Inborn Errors"
Diagnosis,child nutrition disorders,MeSH,D015362,Child Nutrition Disorders
Diagnosis,cholesterol ester storage disease,MeSH,D015217,Cholesterol Ester Storage Disease
Diagnosis,choline deficiency,MeSH,D002796,Choline Deficiency
Diagnosis,congenital disorders of glycosylation,MeSH,D018981,Congenital Disorders of Glycosylation
Diagnosis,crigler-najjar syndrome,MeSH,D003414,Crigler-Najjar Syndrome
Diagnosis,cystinosis,MeSH,D003554,Cystinosis
Diagnosis,cytochrome-c oxidase deficiency,MeSH,D030401,Cytochrome-c Oxidase Deficiency
Diagnosis,dna repair-deficiency disorders,MeSH,D049914,DNA Repair-Deficiency Disorders
Diagnosis,deficiency diseases,MeSH,D003677,Deficiency Diseases
Diagnosis,dehydration,MeSH,D003681,Dehydration
Diagnosis,"diabetes mellitus, experimental",MeSH,D003921,"Diabetes Mellitus, Experimental"
Diagnosis,"diabetes mellitus, lipoatrophic",MeSH,D003923,"Diabetes Mellitus, Lipoatrophic"
Diagnosis,"diabetes mellitus, type 1",MeSH,D003922,"Diabetes Mellitus, Type 1"
Diagnosis,"diabetes mellitus, type 2",MeSH,D003924,"Diabetes Mellitus, Type 2"
Diagnosis,"diabetes, gestational",MeSH,D016640,"Diabetes, Gestational"
Diagnosis,diabetic ketoacidosis,MeSH,D016883,Diabetic Ketoacidosis
Diagnosis,dihydropyrimidine dehydrogenase deficiency,MeSH,D054067,Dihydropyrimidine Dehydrogenase Deficiency
Diagnosis,dyslipidemias,MeSH,D050171,Dyslipidemias
Diagnosis,fetal nutrition disorders,MeSH,D048070,Fetal Nutrition Disorders
Diagnosis,folic acid deficiency,MeSH,D005494,Folic Acid Deficiency
Diagnosis,fructose intolerance,MeSH,D005633,Fructose Intolerance
Diagnosis,"fructose metabolism, inborn errors",MeSH,D015318,"Fructose Metabolism, Inborn Errors"
Diagnosis,"fructose-1,6-diphosphatase deficiency",MeSH,D015319,"Fructose-1,6-Diphosphatase Deficiency"
Diagnosis,gilbert disease,MeSH,D005878,Gilbert Disease
Diagnosis,glucose intolerance,MeSH,D018149,Glucose Intolerance
Diagnosis,glucose metabolism disorders,MeSH,D044882,Glucose Metabolism Disorders
Diagnosis,glycogen storage disease,MeSH,D006008,Glycogen Storage Disease
Diagnosis,glycogen storage disease type i,MeSH,D005953,Glycogen Storage Disease Type I
Diagnosis,glycogen storage disease type iii,MeSH,D006010,Glycogen Storage Disease Type III
Diagnosis,glycogen storage disease type iv,MeSH,D006011,Glycogen Storage Disease Type IV
Diagnosis,glycogen storage disease type v,MeSH,D006012,Glycogen Storage Disease Type V
Diagnosis,glycogen storage disease type vi,MeSH,D006013,Glycogen Storage Disease Type VI
Diagnosis,glycogen storage disease type viii,MeSH,D006015,Glycogen Storage Disease Type VIII
Diagnosis,glycosuria,MeSH,D006029,Glycosuria
Diagnosis,"glycosuria, renal",MeSH,D006030,"Glycosuria, Renal"
Diagnosis,hemochromatosis,MeSH,D006432,Hemochromatosis
Diagnosis,hemosiderosis,MeSH,D006486,Hemosiderosis
Diagnosis,"hemosiderosis, pulmonary",MeSH,D000097545,"Hemosiderosis, Pulmonary"
Diagnosis,holocarboxylase synthetase deficiency,MeSH,D028922,Holocarboxylase Synthetase Deficiency
Diagnosis,homozygous familial hypercholesterolemia,MeSH,D000090542,Homozygous Familial Hypercholesterolemia
Diagnosis,"hyperbilirubinemia, hereditary",MeSH,D006933,"Hyperbilirubinemia, Hereditary"
Diagnosis,hypercalcemia,MeSH,D006934,Hypercalcemia
Diagnosis,hypercholesterolemia,MeSH,D006937,Hypercholesterolemia
Diagnosis,hyperferritinemia,MeSH,D000085583,Hyperferritinemia
Diagnosis,hyperglycemia,MeSH,D006943,Hyperglycemia
Diagnosis,hyperhomocysteinemia,MeSH,D020138,Hyperhomocysteinemia
Diagnosis,hyperinsulinism,MeSH,D006946,Hyperinsulinism
Diagnosis,hyperkalemia,MeSH,D006947,Hyperkalemia
Diagnosis,hyperlactatemia,MeSH,D065906,Hyperlactatemia
Diagnosis,"hyperlipidemia, familial combined",MeSH,D006950,"Hyperlipidemia, Familial Combined"
Diagnosis,hyperlipidemias,MeSH,D006949,Hyperlipidemias
Diagnosis,hyperlipoproteinemia type i,MeSH,D008072,Hyperlipoproteinemia Type I
Diagnosis,hyperlipoproteinemia type ii,MeSH,D006938,Hyperlipoproteinemia Type II
Diagnosis,hyperlipoproteinemia type iii,MeSH,D006952,Hyperlipoproteinemia Type III
Diagnosis,hyperlipoproteinemia type iv,MeSH,D006953,Hyperlipoproteinemia Type IV
Diagnosis,hyperlipoproteinemia type v,MeSH,D006954,Hyperlipoproteinemia Type V
Diagnosis,hyperlipoproteinemias,MeSH,D006951,Hyperlipoproteinemias
Diagnosis,hypernatremia,MeSH,D006955,Hypernatremia
Diagnosis,"hyperoxaluria, primary",MeSH,D006960,"Hyperoxaluria, Primary"
Diagnosis,hyperphosphatemia,MeSH,D054559,Hyperphosphatemia
Diagnosis,hypertriglyceridemia,MeSH,D015228,Hypertriglyceridemia
Diagnosis,hypertriglyceridemic waist,MeSH,D064250,Hypertriglyceridemic Waist
Diagnosis,hypervitaminosis a,MeSH,D006986,Hypervitaminosis A
Diagnosis,hypoalphalipoproteinemias,MeSH,D052456,Hypoalphalipoproteinemias
Diagnosis,"hypobetalipoproteinemia, familial, apolipoprotein b",MeSH,D052476,"Hypobetalipoproteinemia, Familial, Apolipoprotein B"
Diagnosis,hypobetalipoproteinemias,MeSH,D006995,Hypobetalipoproteinemias
Diagnosis,hypocalcemia,MeSH,D006996,Hypocalcemia
Diagnosis,hypoglycemia,MeSH,D007003,Hypoglycemia
Diagnosis,hypokalemia,MeSH,D007008,Hypokalemia
Diagnosis,hypolipoproteinemias,MeSH,D007009,Hypolipoproteinemias
Diagnosis,hyponatremia,MeSH,D007010,Hyponatremia
Diagnosis,hypophosphatasia,MeSH,D007014,Hypophosphatasia
Diagnosis,hypophosphatemia,MeSH,D017674,Hypophosphatemia
Diagnosis,"hypophosphatemia, familial",MeSH,D007015,"Hypophosphatemia, Familial"
Diagnosis,infant nutrition disorders,MeSH,D007228,Infant Nutrition Disorders
Diagnosis,insulin resistance,MeSH,D007333,Insulin Resistance
Diagnosis,iron deficiencies,MeSH,D000090463,Iron Deficiencies
Diagnosis,iron metabolism disorders,MeSH,D019189,Iron Metabolism Disorders
Diagnosis,iron overload,MeSH,D019190,Iron Overload
Diagnosis,"jaundice, chronic idiopathic",MeSH,D007566,"Jaundice, Chronic Idiopathic"
Diagnosis,ketosis,MeSH,D007662,Ketosis
Diagnosis,kwashiorkor,MeSH,D007732,Kwashiorkor
Diagnosis,latent autoimmune diabetes in adults,MeSH,D000071698,Latent Autoimmune Diabetes in Adults
Diagnosis,lecithin cholesterol acyltransferase deficiency,MeSH,D007863,Lecithin Cholesterol Acyltransferase Deficiency
Diagnosis,lipid metabolism disorders,MeSH,D052439,Lipid Metabolism Disorders
Diagnosis,"lipid metabolism, inborn errors",MeSH,D008052,"Lipid Metabolism, Inborn Errors"
Diagnosis,lipidoses,MeSH,D008064,Lipidoses
Diagnosis,lysosomal storage diseases,MeSH,D016464,Lysosomal Storage Diseases
Diagnosis,magnesium deficiency,MeSH,D008275,Magnesium Deficiency
Diagnosis,malnutrition,MeSH,D044342,Malnutrition
Diagnosis,mannosidase deficiency diseases,MeSH,D044904,Mannosidase Deficiency Diseases
Diagnosis,metabolic diseases,MeSH,D008659,Metabolic Diseases
Diagnosis,metabolic syndrome,MeSH,D024821,Metabolic Syndrome
Diagnosis,"metabolism, inborn errors",MeSH,D008661,"Metabolism, Inborn Errors"
Diagnosis,"metal metabolism, inborn errors",MeSH,D008664,"Metal Metabolism, Inborn Errors"
Diagnosis,"mineralocorticoid excess syndrome, apparent",MeSH,D043204,"Mineralocorticoid Excess Syndrome, Apparent"
Diagnosis,mitochondrial diseases,MeSH,D028361,Mitochondrial Diseases
Diagnosis,monckeberg medial calcific sclerosis,MeSH,D050380,Monckeberg Medial Calcific Sclerosis
Diagnosis,multiple acyl coenzyme a dehydrogenase deficiency,MeSH,D054069,Multiple Acyl Coenzyme A Dehydrogenase Deficiency
Diagnosis,multiple carboxylase deficiency,MeSH,D009100,Multiple Carboxylase Deficiency
Diagnosis,nephrocalcinosis,MeSH,D009397,Nephrocalcinosis
Diagnosis,nijmegen breakage syndrome,MeSH,D049932,Nijmegen Breakage Syndrome
Diagnosis,nutrition disorders,MeSH,D009748,Nutrition Disorders
Diagnosis,nutritional and metabolic diseases,MeSH,D009750,Nutritional and Metabolic Diseases
Diagnosis,obesity,MeSH,D009765,Obesity
Diagnosis,"obesity, abdominal",MeSH,D056128,"Obesity, Abdominal"
Diagnosis,"obesity, metabolically benign",MeSH,D000067329,"Obesity, Metabolically Benign"
Diagnosis,"obesity, morbid",MeSH,D009767,"Obesity, Morbid"
Diagnosis,overnutrition,MeSH,D044343,Overnutrition
Diagnosis,overweight,MeSH,D050177,Overweight
Diagnosis,pediatric obesity,MeSH,D063766,Pediatric Obesity
Diagnosis,pellagra,MeSH,D010383,Pellagra
Diagnosis,peroxisomal disorders,MeSH,D018901,Peroxisomal Disorders
Diagnosis,phosphorus metabolism disorders,MeSH,D010760,Phosphorus Metabolism Disorders
Diagnosis,porphyrias,MeSH,D011164,Porphyrias
Diagnosis,potassium deficiency,MeSH,D011191,Potassium Deficiency
Diagnosis,prediabetic state,MeSH,D011236,Prediabetic State
Diagnosis,pregnancy in obesity,MeSH,D000079262,Pregnancy in Obesity
Diagnosis,progeria,MeSH,D011371,Progeria
Diagnosis,propionic acidemia,MeSH,D056693,Propionic Acidemia
Diagnosis,protein deficiency,MeSH,D011488,Protein Deficiency
Diagnosis,protein-energy malnutrition,MeSH,D011502,Protein-Energy Malnutrition
Diagnosis,proteostasis deficiencies,MeSH,D057165,Proteostasis Deficiencies
Diagnosis,"purine-pyrimidine metabolism, inborn errors",MeSH,D011686,"Purine-Pyrimidine Metabolism, Inborn Errors"
Diagnosis,"pyruvate metabolism, inborn errors",MeSH,D015323,"Pyruvate Metabolism, Inborn Errors"
Diagnosis,refeeding syndrome,MeSH,D055677,Refeeding Syndrome
Diagnosis,"renal tubular transport, inborn errors",MeSH,D015499,"Renal Tubular Transport, Inborn Errors"
Diagnosis,riboflavin deficiency,MeSH,D012257,Riboflavin Deficiency
Diagnosis,severe acute malnutrition,MeSH,D000067011,Severe Acute Malnutrition
Diagnosis,severe combined immunodeficiency,MeSH,D016511,Severe Combined Immunodeficiency
Diagnosis,smith-lemli-opitz syndrome,MeSH,D019082,Smith-Lemli-Opitz Syndrome
Diagnosis,starvation,MeSH,D013217,Starvation
Diagnosis,steatitis,MeSH,D013231,Steatitis
Diagnosis,"steroid metabolism, inborn errors",MeSH,D043202,"Steroid Metabolism, Inborn Errors"
Diagnosis,swayback,MeSH,D013540,Swayback
Diagnosis,thiamine deficiency,MeSH,D013832,Thiamine Deficiency
Diagnosis,vascular calcification,MeSH,D061205,Vascular Calcification
Diagnosis,vitamin a deficiency,MeSH,D014802,Vitamin A Deficiency
Diagnosis,vitamin b 12 deficiency,MeSH,D014806,Vitamin B 12 Deficiency
Diagnosis,vitamin b 6 deficiency,MeSH,D026681,Vitamin B 6 Deficiency
Diagnosis,vitamin b deficiency,MeSH,D014804,Vitamin B Deficiency
Diagnosis,vitamin d deficiency,MeSH,D014808,Vitamin D Deficiency
Diagnosis,vitamin e deficiency,MeSH,D014811,Vitamin E Deficiency
Diagnosis,wasting syndrome,MeSH,D019282,Wasting Syndrome
Diagnosis,water intoxication,MeSH,D014869,Water Intoxication
Diagnosis,water-electrolyte imbalance,MeSH,D014883,Water-Electrolyte Imbalance
Diagnosis,werner syndrome,MeSH,D014898,Werner Syndrome
Diagnosis,wolman disease,MeSH,D015223,Wolman Disease
Diagnosis,xanthomatosis,MeSH,D014973,Xanthomatosis
Diagnosis,"xanthomatosis, cerebrotendinous",MeSH,D019294,"Xanthomatosis, Cerebrotendinous"
Diagnosis,alpha-mannosidosis,MeSH,D008363,alpha-Mannosidosis
Diagnosis,beta-mannosidosis,MeSH,D044905,beta-Mannosidosis
Diagnosis,"46, xx disorders of sex development",MeSH,D058489,"46, XX Disorders of Sex Development"
Diagnosis,"46, xx testicular disorders of sex development",MeSH,D058531,"46, XX Testicular Disorders of Sex Development"
Diagnosis,addison disease,MeSH,D000224,Addison Disease
Diagnosis,adrenal cortex diseases,MeSH,D000303,Adrenal Cortex Diseases
Diagnosis,adrenal gland diseases,MeSH,D000307,Adrenal Gland Diseases
Diagnosis,adrenal insufficiency,MeSH,D000309,Adrenal Insufficiency
Diagnosis,adrenocortical hyperfunction,MeSH,D000308,Adrenocortical Hyperfunction
Diagnosis,adrenogenital syndrome,MeSH,D047808,Adrenogenital Syndrome
Diagnosis,androgen-insensitivity syndrome,MeSH,D013734,Androgen-Insensitivity Syndrome
Diagnosis,anovulation,MeSH,D000858,Anovulation
Diagnosis,bartter syndrome,MeSH,D001477,Bartter Syndrome
Diagnosis,cryptorchidism,MeSH,D003456,Cryptorchidism
Diagnosis,cushing syndrome,MeSH,D003480,Cushing Syndrome
Diagnosis,diabesity,MeSH,D000099074,Diabesity
Diagnosis,diabetes complications,MeSH,D048909,Diabetes Complications
Diagnosis,diabetes insipidus,MeSH,D003919,Diabetes Insipidus
Diagnosis,"diabetes insipidus, neurogenic",MeSH,D020790,"Diabetes Insipidus, Neurogenic"
Diagnosis,diabetic angiopathies,MeSH,D003925,Diabetic Angiopathies
Diagnosis,diabetic cardiomyopathies,MeSH,D058065,Diabetic Cardiomyopathies
Diagnosis,diabetic coma,MeSH,D003926,Diabetic Coma
Diagnosis,diabetic nephropathies,MeSH,D003928,Diabetic Nephropathies
Diagnosis,"disorder of sex development, 46,xy",MeSH,D058490,"Disorder of Sex Development, 46,XY"
Diagnosis,disorders of sex development,MeSH,D012734,Disorders of Sex Development
Diagnosis,endocrine system diseases,MeSH,D004700,Endocrine System Diseases
Diagnosis,eunuchism,MeSH,D005058,Eunuchism
Diagnosis,euthyroid sick syndromes,MeSH,D005067,Euthyroid Sick Syndromes
Diagnosis,fetal macrosomia,MeSH,D005320,Fetal Macrosomia
Diagnosis,frasier syndrome,MeSH,D052159,Frasier Syndrome
Diagnosis,freemartinism,MeSH,D005611,Freemartinism
Diagnosis,goiter,MeSH,D006042,Goiter
Diagnosis,"goiter, endemic",MeSH,D006043,"Goiter, Endemic"
Diagnosis,"goiter, nodular",MeSH,D006044,"Goiter, Nodular"
Diagnosis,"goiter, substernal",MeSH,D006045,"Goiter, Substernal"
Diagnosis,gonadal disorders,MeSH,D006058,Gonadal Disorders
Diagnosis,gonadal dysgenesis,MeSH,D006059,Gonadal Dysgenesis
Diagnosis,"gonadal dysgenesis, 46,xx",MeSH,D023961,"Gonadal Dysgenesis, 46,XX"
Diagnosis,"gonadal dysgenesis, 46,xy",MeSH,D006061,"Gonadal Dysgenesis, 46,XY"
Diagnosis,"gonadal dysgenesis, mixed",MeSH,D006060,"Gonadal Dysgenesis, Mixed"
Diagnosis,hashimoto disease,MeSH,D050031,Hashimoto Disease
Diagnosis,hyperaldosteronism,MeSH,D006929,Hyperaldosteronism
Diagnosis,hyperandrogenism,MeSH,D017588,Hyperandrogenism
Diagnosis,hyperglycemic hyperosmolar nonketotic coma,MeSH,D006944,Hyperglycemic Hyperosmolar Nonketotic Coma
Diagnosis,hyperparathyroidism,MeSH,D006961,Hyperparathyroidism
Diagnosis,"hyperparathyroidism, primary",MeSH,D049950,"Hyperparathyroidism, Primary"
Diagnosis,"hyperparathyroidism, secondary",MeSH,D006962,"Hyperparathyroidism, Secondary"
Diagnosis,hyperthyroidism,MeSH,D006980,Hyperthyroidism
Diagnosis,hyperthyroxinemia,MeSH,D006981,Hyperthyroxinemia
Diagnosis,"hyperthyroxinemia, familial dysalbuminemic",MeSH,D050010,"Hyperthyroxinemia, Familial Dysalbuminemic"
Diagnosis,"hypoadrenocorticism, familial",MeSH,D000075262,"Hypoadrenocorticism, Familial"
Diagnosis,hypoaldosteronism,MeSH,D006994,Hypoaldosteronism
Diagnosis,hypogonadism,MeSH,D007006,Hypogonadism
Diagnosis,hypoparathyroidism,MeSH,D007011,Hypoparathyroidism
Diagnosis,hypothyroidism,MeSH,D007037,Hypothyroidism
Diagnosis,kallmann syndrome,MeSH,D017436,Kallmann Syndrome
Diagnosis,klinefelter syndrome,MeSH,D007713,Klinefelter Syndrome
Diagnosis,lingual goiter,MeSH,D047268,Lingual Goiter
Diagnosis,lingual thyroid,MeSH,D046151,Lingual Thyroid
Diagnosis,oophoritis,MeSH,D009869,Oophoritis
Diagnosis,orchitis,MeSH,D009920,Orchitis
Diagnosis,ovarian diseases,MeSH,D010049,Ovarian Diseases
Diagnosis,ovarian hyperstimulation syndrome,MeSH,D016471,Ovarian Hyperstimulation Syndrome
Diagnosis,ovarian torsion,MeSH,D000082843,Ovarian Torsion
Diagnosis,ovotesticular disorders of sex development,MeSH,D050090,Ovotesticular Disorders of Sex Development
Diagnosis,parathyroid diseases,MeSH,D010279,Parathyroid Diseases
Diagnosis,"polyendocrinopathies, autoimmune",MeSH,D016884,"Polyendocrinopathies, Autoimmune"
Diagnosis,postpartum thyroiditis,MeSH,D050032,Postpartum Thyroiditis
Diagnosis,primary ovarian insufficiency,MeSH,D016649,Primary Ovarian Insufficiency
Diagnosis,"puberty, delayed",MeSH,D011628,"Puberty, Delayed"
Diagnosis,"puberty, precocious",MeSH,D011629,"Puberty, Precocious"
Diagnosis,sex chromosome disorders of sex development,MeSH,D058533,Sex Chromosome Disorders of Sex Development
Diagnosis,sexual infantilism,MeSH,D050035,Sexual Infantilism
Diagnosis,testicular diseases,MeSH,D013733,Testicular Diseases
Diagnosis,testicular hydrocele,MeSH,D006848,Testicular Hydrocele
Diagnosis,thyroid crisis,MeSH,D013958,Thyroid Crisis
Diagnosis,thyroid diseases,MeSH,D013959,Thyroid Diseases
Diagnosis,thyroid dysgenesis,MeSH,D050033,Thyroid Dysgenesis
Diagnosis,thyroid hormone resistance syndrome,MeSH,D018382,Thyroid Hormone Resistance Syndrome
Diagnosis,thyroiditis,MeSH,D013966,Thyroiditis
Diagnosis,"thyroiditis, autoimmune",MeSH,D013967,"Thyroiditis, Autoimmune"
Diagnosis,"thyroiditis, subacute",MeSH,D013968,"Thyroiditis, Subacute"
Diagnosis,thyrotoxicosis,MeSH,D013971,Thyrotoxicosis
Diagnosis,turner syndrome,MeSH,D014424,Turner Syndrome
Diagnosis,"alveolitis, extrinsic allergic",MeSH,D000542,"Alveolitis, Extrinsic Allergic"
Diagnosis,anaphylaxis,MeSH,D000707,Anaphylaxis
Diagnosis,anti-glomerular basement membrane disease,MeSH,D019867,Anti-Glomerular Basement Membrane Disease
Diagnosis,antiphospholipid syndrome,MeSH,D016736,Antiphospholipid Syndrome
Diagnosis,arthus reaction,MeSH,D001183,Arthus Reaction
Diagnosis,asthma,MeSH,D001249,Asthma
Diagnosis,"asthma, aspirin-induced",MeSH,D055963,"Asthma, Aspirin-Induced"
Diagnosis,"asthma, exercise-induced",MeSH,D001250,"Asthma, Exercise-Induced"
Diagnosis,"asthma, occupational",MeSH,D059366,"Asthma, Occupational"
Diagnosis,asthma-chronic obstructive pulmonary disease overlap syndrome,MeSH,D000080445,Asthma-Chronic Obstructive Pulmonary Disease Overlap Syndrome
Diagnosis,autoimmune diseases,MeSH,D001327,Autoimmune Diseases
Diagnosis,autoimmune inner ear disease,MeSH,D000099105,Autoimmune Inner Ear Disease
Diagnosis,autoimmune-inflammatory syndrome induced by adjuvants,MeSH,D000099146,Autoimmune-Inflammatory Syndrome Induced by Adjuvants
Diagnosis,bird fancier's lung,MeSH,D001716,Bird Fancier's Lung
Diagnosis,bronchiolitis obliterans syndrome,MeSH,D000092122,Bronchiolitis Obliterans Syndrome
Diagnosis,common variable immunodeficiency,MeSH,D017074,Common Variable Immunodeficiency
Diagnosis,cough-variant asthma,MeSH,D000096823,Cough-Variant Asthma
Diagnosis,drug fever,MeSH,D000092582,Drug Fever
Diagnosis,dust mite allergy,MeSH,D000092542,Dust Mite Allergy
Diagnosis,egg hypersensitivity,MeSH,D021181,Egg Hypersensitivity
Diagnosis,environmental illness,MeSH,D018876,Environmental Illness
Diagnosis,exercise-induced allergies,MeSH,D000092202,Exercise-Induced Allergies
Diagnosis,farmer's lung,MeSH,D005203,Farmer's Lung
Diagnosis,food hypersensitivity,MeSH,D005512,Food Hypersensitivity
Diagnosis,"glomerulonephritis, iga",MeSH,D005922,"Glomerulonephritis, IGA"
Diagnosis,"glomerulonephritis, membranoproliferative",MeSH,D015432,"Glomerulonephritis, Membranoproliferative"
Diagnosis,"glomerulonephritis, membranous",MeSH,D015433,"Glomerulonephritis, Membranous"
Diagnosis,graft vs host disease,MeSH,D006086,Graft vs Host Disease
Diagnosis,hereditary complement deficiency diseases,MeSH,D000081208,Hereditary Complement Deficiency Diseases
Diagnosis,hypersensitivity,MeSH,D006967,Hypersensitivity
Diagnosis,"hypersensitivity, delayed",MeSH,D006968,"Hypersensitivity, Delayed"
Diagnosis,"hypersensitivity, immediate",MeSH,D006969,"Hypersensitivity, Immediate"
Diagnosis,immune complex diseases,MeSH,D007105,Immune Complex Diseases
Diagnosis,immune reconstitution inflammatory syndrome,MeSH,D054019,Immune Reconstitution Inflammatory Syndrome
Diagnosis,immune system diseases,MeSH,D007154,Immune System Diseases
Diagnosis,immunoglobulin g4-related disease,MeSH,D000077733,Immunoglobulin G4-Related Disease
Diagnosis,immunologic deficiency syndromes,MeSH,D007153,Immunologic Deficiency Syndromes
Diagnosis,immunoproliferative disorders,MeSH,D007160,Immunoproliferative Disorders
Diagnosis,kounis syndrome,MeSH,D000074962,Kounis Syndrome
Diagnosis,latex hypersensitivity,MeSH,D020315,Latex Hypersensitivity
Diagnosis,leukocyte-adhesion deficiency syndrome,MeSH,D018370,Leukocyte-Adhesion Deficiency Syndrome
Diagnosis,macrophage activation syndrome,MeSH,D055501,Macrophage Activation Syndrome
Diagnosis,mast cell activation disorders,MeSH,D000090362,Mast Cell Activation Disorders
Diagnosis,mast cell activation syndrome,MeSH,D000090267,Mast Cell Activation Syndrome
Diagnosis,milk hypersensitivity,MeSH,D016269,Milk Hypersensitivity
Diagnosis,multiple chemical sensitivity,MeSH,D018777,Multiple Chemical Sensitivity
Diagnosis,nut hypersensitivity,MeSH,D021184,Nut Hypersensitivity
Diagnosis,nut and peanut hypersensitivity,MeSH,D000074924,Nut and Peanut Hypersensitivity
Diagnosis,oral allergy syndrome,MeSH,D000099072,Oral Allergy Syndrome
Diagnosis,peanut hypersensitivity,MeSH,D021183,Peanut Hypersensitivity
Diagnosis,primary immunodeficiency diseases,MeSH,D000081207,Primary Immunodeficiency Diseases
Diagnosis,respiratory hypersensitivity,MeSH,D012130,Respiratory Hypersensitivity
Diagnosis,"rhinitis, allergic",MeSH,D065631,"Rhinitis, Allergic"
Diagnosis,"rhinitis, allergic, perennial",MeSH,D012221,"Rhinitis, Allergic, Perennial"
Diagnosis,"rhinitis, allergic, seasonal",MeSH,D006255,"Rhinitis, Allergic, Seasonal"
Diagnosis,schnitzler syndrome,MeSH,D019873,Schnitzler Syndrome
Diagnosis,shellfish hypersensitivity,MeSH,D000067208,Shellfish Hypersensitivity
Diagnosis,sick building syndrome,MeSH,D018877,Sick Building Syndrome
Diagnosis,status asthmaticus,MeSH,D013224,Status Asthmaticus
Diagnosis,venom hypersensitivity,MeSH,D000092422,Venom Hypersensitivity
Diagnosis,wheat hypersensitivity,MeSH,D021182,Wheat Hypersensitivity
Diagnosis,x-linked combined immunodeficiency diseases,MeSH,D053632,X-Linked Combined Immunodeficiency Diseases
Treatment,abdominoplasty,MeSH,D061645,Abdominoplasty
Treatment,abuse-deterrent formulations,MeSH,D000075162,Abuse-Deterrent Formulations
Treatment,acoustic stimulation,MeSH,D000161,Acoustic Stimulation
Treatment,activities of daily living,MeSH,D000203,Activities of Daily Living
Treatment,acupressure,MeSH,D019050,Acupressure
Treatment,acupuncture analgesia,MeSH,D015667,Acupuncture Analgesia
Treatment,acupuncture points,MeSH,D015669,Acupuncture Points
Treatment,acupuncture therapy,MeSH,D015670,Acupuncture Therapy
Treatment,"acupuncture, ear",MeSH,D020831,"Acupuncture, Ear"
Treatment,"administration, buccal",MeSH,D000278,"Administration, Buccal"
Treatment,"administration, cutaneous",MeSH,D000279,"Administration, Cutaneous"
Treatment,"administration, inhalation",MeSH,D000280,"Administration, Inhalation"
Treatment,"administration, intranasal",MeSH,D000281,"Administration, Intranasal"
Treatment,"administration, intravaginal",MeSH,D000282,"Administration, Intravaginal"
Treatment,"administration, intravenous",MeSH,D061605,"Administration, Intravenous"
Treatment,"administration, intravesical",MeSH,D000283,"Administration, Intravesical"
Treatment,"administration, metronomic",MeSH,D059250,"Administration, Metronomic"
Treatment,"administration, mucosal",MeSH,D058956,"Administration, Mucosal"
Treatment,"administration, ophthalmic",MeSH,D060433,"Administration, Ophthalmic"
Treatment,"administration, oral",MeSH,D000284,"Administration, Oral"
Treatment,"administration, rectal",MeSH,D000285,"Administration, Rectal"
Treatment,"administration, sublingual",MeSH,D000286,"Administration, Sublingual"
Treatment,"administration, topical",MeSH,D000287,"Administration, Topical"
Treatment,adoptive transfer,MeSH,D019264,Adoptive Transfer
Treatment,advanced cardiac life support,MeSH,D022561,Advanced Cardiac Life Support
Treatment,advanced trauma life support care,MeSH,D061906,Advanced Trauma Life Support Care
Treatment,aftercare,MeSH,D000359,Aftercare
Treatment,airway extubation,MeSH,D060666,Airway Extubation
Treatment,airway management,MeSH,D058109,Airway Management
Treatment,ambulatory care,MeSH,D000553,Ambulatory Care
Treatment,ammotherapy,MeSH,D000646,Ammotherapy
Treatment,angioplasty,MeSH,D017130,Angioplasty
Treatment,"angioplasty, balloon",MeSH,D000800,"Angioplasty, Balloon"
Treatment,"angioplasty, balloon, coronary",MeSH,D015906,"Angioplasty, Balloon, Coronary"
Treatment,"angioplasty, balloon, laser-assisted",MeSH,D017222,"Angioplasty, Balloon, Laser-Assisted"
Treatment,"angioplasty, laser",MeSH,D016342,"Angioplasty, Laser"
Treatment,animal assisted therapy,MeSH,D056447,Animal Assisted Therapy
Treatment,anthroposophy,MeSH,D000887,Anthroposophy
Treatment,antibiotic prophylaxis,MeSH,D019072,Antibiotic Prophylaxis
Treatment,anticoagulation bridge,MeSH,D000095062,Anticoagulation Bridge
Treatment,anticoagulation reversal,MeSH,D000088542,Anticoagulation Reversal
Treatment,antineoplastic combined chemotherapy protocols,MeSH,D000971,Antineoplastic Combined Chemotherapy Protocols
Treatment,antineoplastic protocols,MeSH,D024221,Antineoplastic Protocols
Treatment,"antiretroviral therapy, highly active",MeSH,D023241,"Antiretroviral Therapy, Highly Active"
Treatment,apitherapy,MeSH,D056705,Apitherapy
Treatment,aquatic therapy,MeSH,D000088543,Aquatic Therapy
Treatment,argon plasma coagulation,MeSH,D057908,Argon Plasma Coagulation
Treatment,aromatherapy,MeSH,D019341,Aromatherapy
Treatment,art therapy,MeSH,D001155,Art Therapy
Treatment,arthrocentesis,MeSH,D000069237,Arthrocentesis
Treatment,atherectomy,MeSH,D017073,Atherectomy
Treatment,"atherectomy, coronary",MeSH,D017225,"Atherectomy, Coronary"
Treatment,auriculotherapy,MeSH,D055097,Auriculotherapy
Treatment,autogenic training,MeSH,D001326,Autogenic Training
Treatment,autosuggestion,MeSH,D001346,Autosuggestion
Treatment,balloon embolectomy,MeSH,D063125,Balloon Embolectomy
Treatment,balloon occlusion,MeSH,D021721,Balloon Occlusion
Treatment,balloon valvuloplasty,MeSH,D063126,Balloon Valvuloplasty
Treatment,balneology,MeSH,D001452,Balneology
Treatment,bariatric surgery,MeSH,D050110,Bariatric Surgery
Treatment,bariatrics,MeSH,D049088,Bariatrics
Treatment,barium enema,MeSH,D000071941,Barium Enema
Treatment,baths,MeSH,D001494,Baths
Treatment,bed rest,MeSH,D001510,Bed Rest
Treatment,behavior control,MeSH,D032763,Behavior Control
Treatment,bibliotherapy,MeSH,D001638,Bibliotherapy
Treatment,"biofeedback, psychology",MeSH,D001676,"Biofeedback, Psychology"
Treatment,biolistics,MeSH,D019470,Biolistics
Treatment,biological therapy,MeSH,D001691,Biological Therapy
Treatment,bioresonance therapy,MeSH,D066236,Bioresonance Therapy
Treatment,blood banking,MeSH,D000094902,Blood Banking
Treatment,blood component removal,MeSH,D001781,Blood Component Removal
Treatment,blood component transfusion,MeSH,D016913,Blood Component Transfusion
Treatment,blood flow restriction therapy,MeSH,D000090003,Blood Flow Restriction Therapy
Treatment,blood glucose self-monitoring,MeSH,D015190,Blood Glucose Self-Monitoring
Treatment,blood grouping and crossmatching,MeSH,D001788,Blood Grouping and Crossmatching
Treatment,"blood patch, epidural",MeSH,D017217,"Blood Patch, Epidural"
Treatment,blood preservation,MeSH,D001793,Blood Preservation
Treatment,blood safety,MeSH,D058731,Blood Safety
Treatment,blood transfusion,MeSH,D001803,Blood Transfusion
Treatment,"blood transfusion, autologous",MeSH,D001804,"Blood Transfusion, Autologous"
Treatment,"blood transfusion, intrauterine",MeSH,D001805,"Blood Transfusion, Intrauterine"
Treatment,bloodless medical and surgical procedures,MeSH,D057668,Bloodless Medical and Surgical Procedures
Treatment,bloodletting,MeSH,D001815,Bloodletting
Treatment,body contouring,MeSH,D000073880,Body Contouring
Treatment,"body modification, non-therapeutic",MeSH,D046289,"Body Modification, Non-Therapeutic"
Treatment,body piercing,MeSH,D046288,Body Piercing
Treatment,bone marrow purging,MeSH,D016465,Bone Marrow Purging
Treatment,bone marrow transplantation,MeSH,D016026,Bone Marrow Transplantation
Treatment,bone transplantation,MeSH,D016025,Bone Transplantation
Treatment,bone-patellar tendon-bone grafting,MeSH,D050376,Bone-Patellar Tendon-Bone Grafting
Treatment,boron neutron capture therapy,MeSH,D016754,Boron Neutron Capture Therapy
Treatment,bottle feeding,MeSH,D001903,Bottle Feeding
Treatment,brachytherapy,MeSH,D001918,Brachytherapy
Treatment,brain tissue transplantation,MeSH,D016380,Brain Tissue Transplantation
Treatment,breast implantation,MeSH,D019928,Breast Implantation
Treatment,breathing exercises,MeSH,D001945,Breathing Exercises
Treatment,bridge therapy,MeSH,D000093142,Bridge Therapy
Treatment,bronchial thermoplasty,MeSH,D000074060,Bronchial Thermoplasty
Treatment,covid-19 drug treatment,MeSH,D000093485,COVID-19 Drug Treatment
Treatment,covid-19 serotherapy,MeSH,D000093522,COVID-19 Serotherapy
Treatment,caloric restriction,MeSH,D031204,Caloric Restriction
Treatment,cardiac catheterization,MeSH,D006328,Cardiac Catheterization
Treatment,"cardiac pacing, artificial",MeSH,D002304,"Cardiac Pacing, Artificial"
Treatment,cardiac rehabilitation,MeSH,D000072038,Cardiac Rehabilitation
Treatment,cardiac resynchronization therapy,MeSH,D058406,Cardiac Resynchronization Therapy
Treatment,cardiopulmonary resuscitation,MeSH,D016887,Cardiopulmonary Resuscitation
Treatment,catheter ablation,MeSH,D017115,Catheter Ablation
Treatment,catheterization,MeSH,D002404,Catheterization
Treatment,"catheterization, central venous",MeSH,D002405,"Catheterization, Central Venous"
Treatment,"catheterization, peripheral",MeSH,D002406,"Catheterization, Peripheral"
Treatment,"catheterization, swan-ganz",MeSH,D002407,"Catheterization, Swan-Ganz"
Treatment,cautery,MeSH,D002425,Cautery
Treatment,cell transplantation,MeSH,D017690,Cell Transplantation
Treatment,cell- and tissue-based therapy,MeSH,D064987,Cell- and Tissue-Based Therapy
Treatment,cementoplasty,MeSH,D060826,Cementoplasty
Treatment,chelation therapy,MeSH,D015913,Chelation Therapy
Treatment,chemexfoliation,MeSH,D002615,Chemexfoliation
Treatment,"chemoembolization, therapeutic",MeSH,D016461,"Chemoembolization, Therapeutic"
Treatment,chemoprevention,MeSH,D018890,Chemoprevention
Treatment,chemoradiotherapy,MeSH,D059248,Chemoradiotherapy
Treatment,"chemoradiotherapy, adjuvant",MeSH,D059186,"Chemoradiotherapy, Adjuvant"
Treatment,"chemotherapy, adjuvant",MeSH,D017024,"Chemotherapy, Adjuvant"
Treatment,"chemotherapy, cancer, regional perfusion",MeSH,D010478,"Chemotherapy, Cancer, Regional Perfusion"
Treatment,chest wall oscillation,MeSH,D035641,Chest Wall Oscillation
Treatment,chronotherapy,MeSH,D019454,Chronotherapy
Treatment,"circumcision, female",MeSH,D019093,"Circumcision, Female"
Treatment,"circumcision, male",MeSH,D002944,"Circumcision, Male"
Treatment,climatotherapy,MeSH,D013790,Climatotherapy
Treatment,clinical protocols,MeSH,D002985,Clinical Protocols
Treatment,closed fracture reduction,MeSH,D000070628,Closed Fracture Reduction
Treatment,cognitive enhancement,MeSH,D000099312,Cognitive Enhancement
Treatment,cognitive training,MeSH,D000091942,Cognitive Training
Treatment,coitus interruptus,MeSH,D003076,Coitus Interruptus
Treatment,color therapy,MeSH,D016500,Color Therapy
Treatment,combined modality therapy,MeSH,D003131,Combined Modality Therapy
Treatment,"communication methods, total",MeSH,D003145,"Communication Methods, Total"
Treatment,compassionate use trials,MeSH,D057176,Compassionate Use Trials
Treatment,complementary therapies,MeSH,D000529,Complementary Therapies
Treatment,conservative treatment,MeSH,D000072700,Conservative Treatment
Treatment,consolidation chemotherapy,MeSH,D060830,Consolidation Chemotherapy
Treatment,constraint induced movement therapy,MeSH,D000098483,Constraint Induced Movement Therapy
Treatment,continuity of patient care,MeSH,D003266,Continuity of Patient Care
Treatment,continuous positive airway pressure,MeSH,D045422,Continuous Positive Airway Pressure
Treatment,continuous renal replacement therapy,MeSH,D000079664,Continuous Renal Replacement Therapy
Treatment,contraception,MeSH,D003267,Contraception
Treatment,"contraception, barrier",MeSH,D042121,"Contraception, Barrier"
Treatment,"contraception, immunologic",MeSH,D003269,"Contraception, Immunologic"
Treatment,"contraception, postcoital",MeSH,D044363,"Contraception, Postcoital"
Treatment,contraceptive effectiveness,MeSH,D000073516,Contraceptive Effectiveness
Treatment,contraindications,MeSH,D000075202,Contraindications
Treatment,"contraindications, drug",MeSH,D000075203,"Contraindications, Drug"
Treatment,"contraindications, procedure",MeSH,D000075204,"Contraindications, Procedure"
Treatment,cool-down exercise,MeSH,D064590,Cool-Down Exercise
Treatment,cord blood stem cell transplantation,MeSH,D036101,Cord Blood Stem Cell Transplantation
Treatment,cordocentesis,MeSH,D017218,Cordocentesis
Treatment,corneal cross-linking,MeSH,D000094504,Corneal Cross-Linking
Treatment,"corneal surgery, laser",MeSH,D048988,"Corneal Surgery, Laser"
Treatment,corneal transplantation,MeSH,D016039,Corneal Transplantation
Treatment,correction of hearing impairment,MeSH,D012048,Correction of Hearing Impairment
Treatment,cosmetic techniques,MeSH,D003357,Cosmetic Techniques
Treatment,cranial irradiation,MeSH,D016371,Cranial Irradiation
Treatment,craniospinal irradiation,MeSH,D061888,Craniospinal Irradiation
Treatment,critical care,MeSH,D003422,Critical Care
Treatment,cryopreservation,MeSH,D015925,Cryopreservation
Treatment,cryotherapy,MeSH,D017679,Cryotherapy
Treatment,cupping therapy,MeSH,D000079742,Cupping Therapy
Treatment,custodial care,MeSH,D003482,Custodial Care
Treatment,cytapheresis,MeSH,D016238,Cytapheresis
Treatment,dance therapy,MeSH,D003614,Dance Therapy
Treatment,"day care, medical",MeSH,D003631,"Day Care, Medical"
Treatment,decompression,MeSH,D003664,Decompression
Treatment,deep brain stimulation,MeSH,D046690,Deep Brain Stimulation
Treatment,deinstitutionalization,MeSH,D003688,Deinstitutionalization
Treatment,delayed diagnosis,MeSH,D057210,Delayed Diagnosis
Treatment,delayed-action preparations,MeSH,D003692,Delayed-Action Preparations
Treatment,dendrimers,MeSH,D050091,Dendrimers
Treatment,deprescriptions,MeSH,D000069340,Deprescriptions
Treatment,dermabrasion,MeSH,D003869,Dermabrasion
Treatment,descemet stripping endothelial keratoplasty,MeSH,D057111,Descemet Stripping Endothelial Keratoplasty
Treatment,"desensitization, immunologic",MeSH,D003888,"Desensitization, Immunologic"
Treatment,diathermy,MeSH,D003972,Diathermy
Treatment,diet therapy,MeSH,D004035,Diet Therapy
Treatment,"diet, carbohydrate loading",MeSH,D000070601,"Diet, Carbohydrate Loading"
Treatment,"diet, carbohydrate-restricted",MeSH,D050528,"Diet, Carbohydrate-Restricted"
Treatment,"diet, diabetic",MeSH,D003927,"Diet, Diabetic"
Treatment,"diet, fat-restricted",MeSH,D018752,"Diet, Fat-Restricted"
Treatment,"diet, gluten-free",MeSH,D055050,"Diet, Gluten-Free"
Treatment,"diet, high-protein",MeSH,D000073600,"Diet, High-Protein"
Treatment,"diet, high-protein low-carbohydrate",MeSH,D000076107,"Diet, High-Protein Low-Carbohydrate"
Treatment,"diet, ketogenic",MeSH,D055423,"Diet, Ketogenic"
Treatment,"diet, macrobiotic",MeSH,D015623,"Diet, Macrobiotic"
Treatment,"diet, mediterranean",MeSH,D038441,"Diet, Mediterranean"
Treatment,"diet, paleolithic",MeSH,D066046,"Diet, Paleolithic"
Treatment,"diet, plant-based",MeSH,D000095500,"Diet, Plant-Based"
Treatment,"diet, protein-restricted",MeSH,D018753,"Diet, Protein-Restricted"
Treatment,"diet, reducing",MeSH,D004038,"Diet, Reducing"
Treatment,"diet, sodium-restricted",MeSH,D004039,"Diet, Sodium-Restricted"
Treatment,"diet, vegan",MeSH,D000067269,"Diet, Vegan"
Treatment,"diet, vegetarian",MeSH,D014676,"Diet, Vegetarian"
Treatment,dietary approaches to stop hypertension,MeSH,D000073601,Dietary Approaches To Stop Hypertension
Treatment,diffuse noxious inhibitory control,MeSH,D059328,Diffuse Noxious Inhibitory Control
Treatment,diskectomy,MeSH,D017586,Diskectomy
Treatment,"diskectomy, percutaneous",MeSH,D017587,"Diskectomy, Percutaneous"
Treatment,donor conception,MeSH,D000072234,Donor Conception
Treatment,"dose fractionation, radiation",MeSH,D019583,"Dose Fractionation, Radiation"
Treatment,drainage,MeSH,D004322,Drainage
Treatment,"drainage, postural",MeSH,D015916,"Drainage, Postural"
Treatment,drug administration routes,MeSH,D004333,Drug Administration Routes
Treatment,drug administration schedule,MeSH,D004334,Drug Administration Schedule
Treatment,drug carriers,MeSH,D004337,Drug Carriers
Treatment,drug chronotherapy,MeSH,D055870,Drug Chronotherapy
Treatment,drug delivery systems,MeSH,D016503,Drug Delivery Systems
Treatment,drug dosage calculations,MeSH,D054796,Drug Dosage Calculations
Treatment,drug prescriptions,MeSH,D011307,Drug Prescriptions
Treatment,drug substitution,MeSH,D057915,Drug Substitution
Treatment,drug tapering,MeSH,D000084862,Drug Tapering
Treatment,drug therapy,MeSH,D004358,Drug Therapy
Treatment,"drug therapy, combination",MeSH,D004359,"Drug Therapy, Combination"
Treatment,"drug therapy, computer-assisted",MeSH,D004360,"Drug Therapy, Computer-Assisted"
Treatment,dry needling,MeSH,D000079245,Dry Needling
Treatment,dual anti-platelet therapy,MeSH,D000080903,Dual Anti-Platelet Therapy
Treatment,duration of therapy,MeSH,D000081206,Duration of Therapy
Treatment,early ambulation,MeSH,D004434,Early Ambulation
Treatment,early goal-directed therapy,MeSH,D000074388,Early Goal-Directed Therapy
Treatment,"eclecticism, historical",MeSH,D027681,"Eclecticism, Historical"
Treatment,elastin-like polypeptides,MeSH,D000097825,Elastin-Like Polypeptides
Treatment,electric countershock,MeSH,D004554,Electric Countershock
Treatment,electric stimulation therapy,MeSH,D004599,Electric Stimulation Therapy
Treatment,electroacupuncture,MeSH,D015671,Electroacupuncture
Treatment,electrochemotherapy,MeSH,D053672,Electrochemotherapy
Treatment,electrocoagulation,MeSH,D004564,Electrocoagulation
Treatment,electroporation therapies,MeSH,D000092722,Electroporation Therapies
Treatment,"embolization, therapeutic",MeSH,D004621,"Embolization, Therapeutic"
Treatment,embryo transfer,MeSH,D004624,Embryo Transfer
Treatment,emergency treatment,MeSH,D004638,Emergency Treatment
Treatment,endotamponade,MeSH,D058450,Endotamponade
Treatment,endurance training,MeSH,D000076663,Endurance Training
Treatment,enema,MeSH,D004733,Enema
Treatment,enteral nutrition,MeSH,D004750,Enteral Nutrition
Treatment,enterosorption,MeSH,D016061,Enterosorption
Treatment,enzyme replacement therapy,MeSH,D056947,Enzyme Replacement Therapy
Treatment,enzyme therapy,MeSH,D057487,Enzyme Therapy
Treatment,epikeratophakia,MeSH,D017391,Epikeratophakia
Treatment,episode of care,MeSH,D017050,Episode of Care
Treatment,equine-assisted therapy,MeSH,D056147,Equine-Assisted Therapy
Treatment,erythrocyte transfusion,MeSH,D017707,Erythrocyte Transfusion
Treatment,estrogen replacement therapy,MeSH,D015914,Estrogen Replacement Therapy
Treatment,euthanasia,MeSH,D005065,Euthanasia
Treatment,"euthanasia, active",MeSH,D028601,"Euthanasia, Active"
Treatment,"euthanasia, active, voluntary",MeSH,D033101,"Euthanasia, Active, Voluntary"
Treatment,"euthanasia, animal",MeSH,D037901,"Euthanasia, Animal"
Treatment,"euthanasia, passive",MeSH,D005066,"Euthanasia, Passive"
Treatment,ex utero intrapartum treatment procedures,MeSH,D000088103,Ex utero Intrapartum Treatment Procedures
Treatment,"exchange transfusion, whole blood",MeSH,D005078,"Exchange Transfusion, Whole Blood"
Treatment,exercise movement techniques,MeSH,D026241,Exercise Movement Techniques
Treatment,exercise therapy,MeSH,D005081,Exercise Therapy
Treatment,extracorporeal membrane oxygenation,MeSH,D015199,Extracorporeal Membrane Oxygenation
Treatment,extracorporeal shockwave therapy,MeSH,D000074059,Extracorporeal Shockwave Therapy
Treatment,faith healing,MeSH,D029221,Faith Healing
Treatment,fallopian tube patency tests,MeSH,D005186,Fallopian Tube Patency Tests
Treatment,fecal microbiota transplantation,MeSH,D000069467,Fecal Microbiota Transplantation
Treatment,feeding methods,MeSH,D005248,Feeding Methods
Treatment,fertility preservation,MeSH,D059247,Fertility Preservation
Treatment,fertilization in vitro,MeSH,D005307,Fertilization in Vitro
Treatment,fetal therapies,MeSH,D046128,Fetal Therapies
Treatment,fetal tissue transplantation,MeSH,D016332,Fetal Tissue Transplantation
Treatment,fetoscopy,MeSH,D005332,Fetoscopy
Treatment,first aid,MeSH,D005392,First Aid
Treatment,fluid therapy,MeSH,D005440,Fluid Therapy
Treatment,forest therapy,MeSH,D000099080,Forest Therapy
Treatment,foster home care,MeSH,D005581,Foster Home Care
Treatment,fracture fixation,MeSH,D005592,Fracture Fixation
Treatment,"fracture fixation, internal",MeSH,D005593,"Fracture Fixation, Internal"
Treatment,"fracture fixation, intramedullary",MeSH,D005594,"Fracture Fixation, Intramedullary"
Treatment,freeze drying,MeSH,D005612,Freeze Drying
Treatment,freeze substitution,MeSH,D017110,Freeze Substitution
Treatment,gamete intrafallopian transfer,MeSH,D015181,Gamete Intrafallopian Transfer
Treatment,gastric bypass,MeSH,D015390,Gastric Bypass
Treatment,gastric hypothermia,MeSH,D050786,Gastric Hypothermia
Treatment,gastroplasty,MeSH,D015391,Gastroplasty
Treatment,gender-affirming procedures,MeSH,D057829,Gender-Affirming Procedures
Treatment,gender-affirming surgery,MeSH,D057830,Gender-Affirming Surgery
Treatment,genetic therapy,MeSH,D015316,Genetic Therapy
Treatment,genomic medicine,MeSH,D000088744,Genomic Medicine
Treatment,glycemic control,MeSH,D000085002,Glycemic Control
Treatment,"graft enhancement, immunologic",MeSH,D006082,"Graft Enhancement, Immunologic"
Treatment,hair removal,MeSH,D006204,Hair Removal
Treatment,hand hygiene,MeSH,D063373,Hand Hygiene
Treatment,heart massage,MeSH,D006336,Heart Massage
Treatment,heavy ion radiotherapy,MeSH,D063193,Heavy Ion Radiotherapy
Treatment,heimlich maneuver,MeSH,D059746,Heimlich Maneuver
Treatment,heliotherapy,MeSH,D006370,Heliotherapy
Treatment,hematopoietic stem cell mobilization,MeSH,D019650,Hematopoietic Stem Cell Mobilization
Treatment,hematopoietic stem cell transplantation,MeSH,D018380,Hematopoietic Stem Cell Transplantation
Treatment,hematoporphyrin photoradiation,MeSH,D006414,Hematoporphyrin Photoradiation
Treatment,hemibody irradiation,MeSH,D017619,Hemibody Irradiation
Treatment,hemodiafiltration,MeSH,D017583,Hemodiafiltration
Treatment,"hemodialysis, home",MeSH,D006437,"Hemodialysis, Home"
Treatment,hemodilution,MeSH,D006438,Hemodilution
Treatment,hemofiltration,MeSH,D006440,Hemofiltration
Treatment,hemoperfusion,MeSH,D006464,Hemoperfusion
Treatment,"hemostasis, endoscopic",MeSH,D016558,"Hemostasis, Endoscopic"
Treatment,"hemostasis, surgical",MeSH,D006488,"Hemostasis, Surgical"
Treatment,hemostatic techniques,MeSH,D006489,Hemostatic Techniques
Treatment,high-frequency jet ventilation,MeSH,D006611,High-Frequency Jet Ventilation
Treatment,high-frequency ventilation,MeSH,D006612,High-Frequency Ventilation
Treatment,high-intensity focused ultrasound ablation,MeSH,D057086,High-Intensity Focused Ultrasound Ablation
Treatment,hirudin therapy,MeSH,D024764,Hirudin Therapy
Treatment,holistic health,MeSH,D006694,Holistic Health
Treatment,home infusion therapy,MeSH,D018718,Home Infusion Therapy
Treatment,home nursing,MeSH,D006701,Home Nursing
Treatment,homeopathy,MeSH,D006705,Homeopathy
Treatment,hormonal contraception,MeSH,D000080282,Hormonal Contraception
Treatment,hormone replacement therapy,MeSH,D020249,Hormone Replacement Therapy
Treatment,horticultural therapy,MeSH,D058611,Horticultural Therapy
Treatment,hospice care,MeSH,D017051,Hospice Care
Treatment,hospital to home transition,MeSH,D000088745,Hospital to Home Transition
Treatment,hospitalization,MeSH,D006760,Hospitalization
Treatment,host-directed therapy,MeSH,D000099204,Host-Directed Therapy
Treatment,hybrid renal replacement therapy,MeSH,D000079782,Hybrid Renal Replacement Therapy
Treatment,hydrotherapy,MeSH,D006875,Hydrotherapy
Treatment,hygiene,MeSH,D006920,Hygiene
Treatment,hyperbaric oxygenation,MeSH,D006931,Hyperbaric Oxygenation
Treatment,"hyperthermia, induced",MeSH,D006979,"Hyperthermia, Induced"
Treatment,hyperthermic intraperitoneal chemotherapy,MeSH,D000084262,Hyperthermic Intraperitoneal Chemotherapy
Treatment,hypnosis,MeSH,D006990,Hypnosis
Treatment,hypodermoclysis,MeSH,D055103,Hypodermoclysis
Treatment,"hypothermia, induced",MeSH,D007036,"Hypothermia, Induced"
Treatment,ilizarov technique,MeSH,D018889,Ilizarov Technique
Treatment,"imagery, psychotherapy",MeSH,D019018,"Imagery, Psychotherapy"
Treatment,immunization,MeSH,D007114,Immunization
Treatment,immunization schedule,MeSH,D007115,Immunization Schedule
Treatment,"immunization, passive",MeSH,D007116,"Immunization, Passive"
Treatment,"immunization, secondary",MeSH,D007117,"Immunization, Secondary"
Treatment,immunomagnetic separation,MeSH,D018189,Immunomagnetic Separation
Treatment,immunomodulation,MeSH,D056747,Immunomodulation
Treatment,immunosuppression therapy,MeSH,D007165,Immunosuppression Therapy
Treatment,immunotherapy,MeSH,D007167,Immunotherapy
Treatment,"immunotherapy, active",MeSH,D016233,"Immunotherapy, Active"
Treatment,"immunotherapy, adoptive",MeSH,D016219,"Immunotherapy, Adoptive"
Treatment,in vitro oocyte maturation techniques,MeSH,D059471,In Vitro Oocyte Maturation Techniques
Treatment,inappropriate prescribing,MeSH,D057970,Inappropriate Prescribing
Treatment,induction chemotherapy,MeSH,D060828,Induction Chemotherapy
Treatment,"infusions, intra-arterial",MeSH,D007261,"Infusions, Intra-Arterial"
Treatment,"infusions, intralesional",MeSH,D036502,"Infusions, Intralesional"
Treatment,"infusions, intraosseous",MeSH,D017148,"Infusions, Intraosseous"
Treatment,"infusions, intravenous",MeSH,D007262,"Infusions, Intravenous"
Treatment,"infusions, intraventricular",MeSH,D057967,"Infusions, Intraventricular"
Treatment,"infusions, parenteral",MeSH,D007263,"Infusions, Parenteral"
Treatment,"infusions, spinal",MeSH,D060186,"Infusions, Spinal"
Treatment,"infusions, subcutaneous",MeSH,D055104,"Infusions, Subcutaneous"
Treatment,"injection, intratympanic",MeSH,D000069555,"Injection, Intratympanic"
Treatment,injections,MeSH,D007267,Injections
Treatment,"injections, epidural",MeSH,D007268,"Injections, Epidural"
Treatment,"injections, intra-arterial",MeSH,D007269,"Injections, Intra-Arterial"
Treatment,"injections, intra-articular",MeSH,D007270,"Injections, Intra-Articular"
Treatment,"injections, intradermal",MeSH,D007271,"Injections, Intradermal"
Treatment,"injections, intralesional",MeSH,D015552,"Injections, Intralesional"
Treatment,"injections, intralymphatic",MeSH,D007272,"Injections, Intralymphatic"
Treatment,"injections, intramuscular",MeSH,D007273,"Injections, Intramuscular"
Treatment,"injections, intraocular",MeSH,D056965,"Injections, Intraocular"
Treatment,"injections, intraperitoneal",MeSH,D007274,"Injections, Intraperitoneal"
Treatment,"injections, intravenous",MeSH,D007275,"Injections, Intravenous"
Treatment,"injections, intraventricular",MeSH,D007276,"Injections, Intraventricular"
Treatment,"injections, jet",MeSH,D007277,"Injections, Jet"
Treatment,"injections, spinal",MeSH,D007278,"Injections, Spinal"
Treatment,"injections, subcutaneous",MeSH,D007279,"Injections, Subcutaneous"
Treatment,"insemination, artificial",MeSH,D007315,"Insemination, Artificial"
Treatment,"insemination, artificial, heterologous",MeSH,D007316,"Insemination, Artificial, Heterologous"
Treatment,"insemination, artificial, homologous",MeSH,D007317,"Insemination, Artificial, Homologous"
Treatment,"instillation, drug",MeSH,D007322,"Instillation, Drug"
Treatment,institutionalization,MeSH,D007326,Institutionalization
Treatment,insufflation,MeSH,D007327,Insufflation
Treatment,insulin infusion systems,MeSH,D007332,Insulin Infusion Systems
Treatment,integrative oncology,MeSH,D000073196,Integrative Oncology
Treatment,intense pulsed light therapy,MeSH,D062325,Intense Pulsed Light Therapy
Treatment,"intensive care, neonatal",MeSH,D015931,"Intensive Care, Neonatal"
Treatment,interactive ventilatory support,MeSH,D059725,Interactive Ventilatory Support
Treatment,intermittent positive-pressure breathing,MeSH,D007384,Intermittent Positive-Pressure Breathing
Treatment,intermittent positive-pressure ventilation,MeSH,D007385,Intermittent Positive-Pressure Ventilation
Treatment,intermittent renal replacement therapy,MeSH,D000079763,Intermittent Renal Replacement Therapy
Treatment,intermittent urethral catheterization,MeSH,D057928,Intermittent Urethral Catheterization
Treatment,intervertebral disc chemolysis,MeSH,D007404,Intervertebral Disc Chemolysis
Treatment,intracameral injection,MeSH,D000097807,Intracameral Injection
Treatment,intraoperative care,MeSH,D007430,Intraoperative Care
Treatment,intravitreal injections,MeSH,D058449,Intravitreal Injections
Treatment,intubation,MeSH,D007440,Intubation
Treatment,"intubation, gastrointestinal",MeSH,D007441,"Intubation, Gastrointestinal"
Treatment,"intubation, intratracheal",MeSH,D007442,"Intubation, Intratracheal"
Treatment,involuntary commitment,MeSH,D000079243,Involuntary Commitment
Treatment,iontophoresis,MeSH,D007478,Iontophoresis
Treatment,irreversible electroporation therapy,MeSH,D000092723,Irreversible Electroporation Therapy
Treatment,ischemic postconditioning,MeSH,D057775,Ischemic Postconditioning
Treatment,ischemic preconditioning,MeSH,D019194,Ischemic Preconditioning
Treatment,"ischemic preconditioning, myocardial",MeSH,D019157,"Ischemic Preconditioning, Myocardial"
Treatment,islets of langerhans transplantation,MeSH,D016381,Islets of Langerhans Transplantation
Treatment,jejunoileal bypass,MeSH,D007581,Jejunoileal Bypass
Treatment,kangaroo-mother care method,MeSH,D060127,Kangaroo-Mother Care Method
Treatment,"keratectomy, subepithelial, laser-assisted",MeSH,D049008,"Keratectomy, Subepithelial, Laser-Assisted"
Treatment,"keratomileusis, laser in situ",MeSH,D020731,"Keratomileusis, Laser In Situ"
Treatment,"keratoplasty, penetrating",MeSH,D015948,"Keratoplasty, Penetrating"
Treatment,kidney transplantation,MeSH,D016030,Kidney Transplantation
Treatment,"kinesiology, applied",MeSH,D018953,"Kinesiology, Applied"
Treatment,kyphoplasty,MeSH,D058498,Kyphoplasty
Treatment,laminectomy,MeSH,D007796,Laminectomy
Treatment,laminoplasty,MeSH,D065406,Laminoplasty
Treatment,language therapy,MeSH,D007808,Language Therapy
Treatment,laryngeal masks,MeSH,D017214,Laryngeal Masks
Treatment,laser coagulation,MeSH,D017075,Laser Coagulation
Treatment,laser therapy,MeSH,D053685,Laser Therapy
Treatment,laughter therapy,MeSH,D027641,Laughter Therapy
Treatment,leeching,MeSH,D024763,Leeching
Treatment,left atrial appendage closure,MeSH,D000097546,Left Atrial Appendage Closure
Treatment,length of stay,MeSH,D007902,Length of Stay
Treatment,leukapheresis,MeSH,D007937,Leukapheresis
Treatment,leukocyte reduction procedures,MeSH,D047589,Leukocyte Reduction Procedures
Treatment,leukocyte transfusion,MeSH,D017708,Leukocyte Transfusion
Treatment,life support care,MeSH,D008020,Life Support Care
Treatment,light coagulation,MeSH,D008028,Light Coagulation
Treatment,lip augmentation,MeSH,D000099125,Lip Augmentation
Treatment,lipectomy,MeSH,D015187,Lipectomy
Treatment,lipoabdominoplasty,MeSH,D000077845,Lipoabdominoplasty
Treatment,lipreading,MeSH,D008085,Lipreading
Treatment,liquid ventilation,MeSH,D021061,Liquid Ventilation
Treatment,lithotripsy,MeSH,D008096,Lithotripsy
Treatment,"lithotripsy, laser",MeSH,D017602,"Lithotripsy, Laser"
Treatment,liver transplantation,MeSH,D016031,Liver Transplantation
Treatment,long-acting reversible contraception,MeSH,D000075523,Long-Acting Reversible Contraception
Treatment,long-term care,MeSH,D008134,Long-Term Care
Treatment,low-level light therapy,MeSH,D028022,Low-Level Light Therapy
Treatment,lower body negative pressure,MeSH,D008150,Lower Body Negative Pressure
Treatment,lymphatic irradiation,MeSH,D015182,Lymphatic Irradiation
Treatment,lymphocyte depletion,MeSH,D008212,Lymphocyte Depletion
Treatment,lymphocyte transfusion,MeSH,D017710,Lymphocyte Transfusion
Treatment,maggot debridement therapy,MeSH,D000096383,Maggot Debridement Therapy
Treatment,magic,MeSH,D008273,Magic
Treatment,magnetic field therapy,MeSH,D055909,Magnetic Field Therapy
Treatment,maintenance chemotherapy,MeSH,D060046,Maintenance Chemotherapy
Treatment,mammaplasty,MeSH,D016462,Mammaplasty
Treatment,"manipulation, chiropractic",MeSH,D026882,"Manipulation, Chiropractic"
Treatment,"manipulation, orthopedic",MeSH,D008349,"Manipulation, Orthopedic"
Treatment,"manipulation, osteopathic",MeSH,D026301,"Manipulation, Osteopathic"
Treatment,"manipulation, spinal",MeSH,D020393,"Manipulation, Spinal"
Treatment,manual communication,MeSH,D008369,Manual Communication
Treatment,manual lymphatic drainage,MeSH,D000073297,Manual Lymphatic Drainage
Treatment,mass drug administration,MeSH,D000074381,Mass Drug Administration
Treatment,mass vaccination,MeSH,D032541,Mass Vaccination
Treatment,massage,MeSH,D008405,Massage
Treatment,mechanical thrombolysis,MeSH,D061185,Mechanical Thrombolysis
Treatment,medication errors,MeSH,D008508,Medication Errors
Treatment,medication reconciliation,MeSH,D059065,Medication Reconciliation
Treatment,"medicine, african traditional",MeSH,D016488,"Medicine, African Traditional"
Treatment,"medicine, arabic",MeSH,D008514,"Medicine, Arabic"
Treatment,"medicine, ayurvedic",MeSH,D008515,"Medicine, Ayurvedic"
Treatment,"medicine, chinese traditional",MeSH,D008516,"Medicine, Chinese Traditional"
Treatment,"medicine, east asian traditional",MeSH,D008518,"Medicine, East Asian Traditional"
Treatment,"medicine, iranian traditional",MeSH,D000091182,"Medicine, Iranian Traditional"
Treatment,"medicine, kampo",MeSH,D020835,"Medicine, Kampo"
Treatment,"medicine, korean traditional",MeSH,D055670,"Medicine, Korean Traditional"
Treatment,"medicine, mongolian traditional",MeSH,D056785,"Medicine, Mongolian Traditional"
Treatment,"medicine, thai traditional",MeSH,D000096262,"Medicine, Thai Traditional"
Treatment,"medicine, tibetan traditional",MeSH,D038861,"Medicine, Tibetan Traditional"
Treatment,"medicine, traditional",MeSH,D008519,"Medicine, Traditional"
Treatment,"medicine, unani",MeSH,D019367,"Medicine, Unani"
Treatment,meditation,MeSH,D019122,Meditation
Treatment,mental healing,MeSH,D008602,Mental Healing
Treatment,meridians,MeSH,D016740,Meridians
Treatment,mesenchymal stem cell transplantation,MeSH,D045164,Mesenchymal Stem Cell Transplantation
Treatment,mesotherapy,MeSH,D057748,Mesotherapy
Treatment,microinjections,MeSH,D008845,Microinjections
Treatment,microneedle drug delivery,MeSH,D000099098,Microneedle Drug Delivery
Treatment,mind-body therapies,MeSH,D026441,Mind-Body Therapies
Treatment,mirror movement therapy,MeSH,D000088762,Mirror Movement Therapy
Treatment,mitochondrial replacement therapy,MeSH,D000069321,Mitochondrial Replacement Therapy
Treatment,molecular targeted therapy,MeSH,D058990,Molecular Targeted Therapy
Treatment,"motion therapy, continuous passive",MeSH,D015915,"Motion Therapy, Continuous Passive"
Treatment,moxibustion,MeSH,D009071,Moxibustion
Treatment,mud therapy,MeSH,D009094,Mud Therapy
Treatment,muscle stretching exercises,MeSH,D052580,Muscle Stretching Exercises
Treatment,musculoskeletal manipulations,MeSH,D026201,Musculoskeletal Manipulations
Treatment,music therapy,MeSH,D009147,Music Therapy
Treatment,myofascial release therapy,MeSH,D000089803,Myofascial Release Therapy
Treatment,myofunctional therapy,MeSH,D020247,Myofunctional Therapy
Treatment,nanocapsules,MeSH,D053769,Nanocapsules
Treatment,nanoconjugates,MeSH,D058726,Nanoconjugates
Treatment,nanoparticle drug delivery system,MeSH,D000090783,Nanoparticle Drug Delivery System
Treatment,nanovaccines,MeSH,D000097007,Nanovaccines
Treatment,nasoalveolar molding,MeSH,D000084982,Nasoalveolar Molding
Treatment,natural family planning methods,MeSH,D012252,Natural Family Planning Methods
Treatment,naturopathy,MeSH,D009324,Naturopathy
Treatment,"near miss, healthcare",MeSH,D000067491,"Near Miss, Healthcare"
Treatment,negative-pressure wound therapy,MeSH,D054843,Negative-Pressure Wound Therapy
Treatment,neoadjuvant therapy,MeSH,D020360,Neoadjuvant Therapy
Treatment,neurofeedback,MeSH,D058765,Neurofeedback
Treatment,neurological rehabilitation,MeSH,D000066530,Neurological Rehabilitation
Treatment,neutron capture therapy,MeSH,D017247,Neutron Capture Therapy
Treatment,nicotine chewing gum,MeSH,D000074164,Nicotine Chewing Gum
Treatment,nicotine replacement therapy,MeSH,D000095488,Nicotine Replacement Therapy
Treatment,night care,MeSH,D009551,Night Care
Treatment,non-medical prescribing,MeSH,D000096402,Non-Medical Prescribing
Treatment,noninvasive ventilation,MeSH,D063087,Noninvasive Ventilation
Treatment,nursing care,MeSH,D009732,Nursing Care
Treatment,nutrition therapy,MeSH,D044623,Nutrition Therapy
Treatment,nutritional support,MeSH,D018529,Nutritional Support
Treatment,obesity management,MeSH,D000073319,Obesity Management
Treatment,occupational therapy,MeSH,D009788,Occupational Therapy
Treatment,off-label use,MeSH,D056687,Off-Label Use
Treatment,olfactory training,MeSH,D000094562,Olfactory Training
Treatment,oncolytic virotherapy,MeSH,D050130,Oncolytic Virotherapy
Treatment,one-lung ventilation,MeSH,D061810,One-Lung Ventilation
Treatment,oocyte donation,MeSH,D018587,Oocyte Donation
Treatment,oocyte retrieval,MeSH,D054315,Oocyte Retrieval
Treatment,open fracture reduction,MeSH,D000070799,Open Fracture Reduction
Treatment,opiate substitution treatment,MeSH,D058850,Opiate Substitution Treatment
Treatment,oral hygiene,MeSH,D009910,Oral Hygiene
Treatment,organ preservation,MeSH,D009926,Organ Preservation
Treatment,organ sparing treatments,MeSH,D059351,Organ Sparing Treatments
Treatment,organotherapy,MeSH,D009945,Organotherapy
Treatment,orthokeratologic procedures,MeSH,D054158,Orthokeratologic Procedures
Treatment,orthomolecular therapy,MeSH,D009974,Orthomolecular Therapy
Treatment,orthopedic procedures,MeSH,D019637,Orthopedic Procedures
Treatment,orthoptics,MeSH,D009988,Orthoptics
Treatment,ovulation detection,MeSH,D010061,Ovulation Detection
Treatment,ovulation induction,MeSH,D010062,Ovulation Induction
Treatment,ovulation inhibition,MeSH,D034445,Ovulation Inhibition
Treatment,ovulation prediction,MeSH,D044384,Ovulation Prediction
Treatment,oxygen inhalation therapy,MeSH,D010102,Oxygen Inhalation Therapy
Treatment,puva therapy,MeSH,D011701,PUVA Therapy
Treatment,pain management,MeSH,D059408,Pain Management
Treatment,palliative care,MeSH,D010166,Palliative Care
Treatment,paracentesis,MeSH,D019152,Paracentesis
Treatment,parenteral nutrition,MeSH,D010288,Parenteral Nutrition
Treatment,"parenteral nutrition, home",MeSH,D016331,"Parenteral Nutrition, Home"
Treatment,"parenteral nutrition, home total",MeSH,D016562,"Parenteral Nutrition, Home Total"
Treatment,"parenteral nutrition, total",MeSH,D010289,"Parenteral Nutrition, Total"
Treatment,patient admission,MeSH,D010343,Patient Admission
Treatment,patient care,MeSH,D005791,Patient Care
Treatment,patient care bundles,MeSH,D064872,Patient Care Bundles
Treatment,patient discharge,MeSH,D010351,Patient Discharge
Treatment,patient handoff,MeSH,D062209,Patient Handoff
Treatment,patient isolation,MeSH,D010356,Patient Isolation
Treatment,patient positioning,MeSH,D056888,Patient Positioning
Treatment,patient readmission,MeSH,D010359,Patient Readmission
Treatment,patient transfer,MeSH,D010360,Patient Transfer
Treatment,percutaneous collagen induction,MeSH,D000097244,Percutaneous Collagen Induction
Treatment,pericardiocentesis,MeSH,D020519,Pericardiocentesis
Treatment,perinatal care,MeSH,D018743,Perinatal Care
Treatment,perioperative care,MeSH,D019990,Perioperative Care
Treatment,perioperative nursing,MeSH,D013527,Perioperative Nursing
Treatment,peripheral blood stem cell transplantation,MeSH,D036102,Peripheral Blood Stem Cell Transplantation
Treatment,peritoneal dialysis,MeSH,D010530,Peritoneal Dialysis
Treatment,"peritoneal dialysis, continuous ambulatory",MeSH,D010531,"Peritoneal Dialysis, Continuous Ambulatory"
Treatment,phage therapy,MeSH,D000071059,Phage Therapy
Treatment,pharmaceutical vehicles,MeSH,D014677,Pharmaceutical Vehicles
Treatment,phlebotomy,MeSH,D018962,Phlebotomy
Treatment,phonophoresis,MeSH,D015612,Phonophoresis
Treatment,photochemotherapy,MeSH,D010778,Photochemotherapy
Treatment,photopheresis,MeSH,D017893,Photopheresis
Treatment,photorefractive keratectomy,MeSH,D018903,Photorefractive Keratectomy
Treatment,phototherapy,MeSH,D010789,Phototherapy
Treatment,photothermal therapy,MeSH,D000082703,Photothermal Therapy
Treatment,physical therapy modalities,MeSH,D026741,Physical Therapy Modalities
Treatment,phytotherapy,MeSH,D008517,Phytotherapy
Treatment,pituitary irradiation,MeSH,D010910,Pituitary Irradiation
Treatment,placebos,MeSH,D010919,Placebos
Treatment,plasma exchange,MeSH,D010951,Plasma Exchange
Treatment,plasma skin regeneration,MeSH,D058629,Plasma Skin Regeneration
Treatment,plasmapheresis,MeSH,D010956,Plasmapheresis
Treatment,plastination,MeSH,D000077780,Plastination
Treatment,platelet transfusion,MeSH,D017713,Platelet Transfusion
Treatment,plateletpheresis,MeSH,D010983,Plateletpheresis
Treatment,play therapy,MeSH,D010989,Play Therapy
Treatment,pleurodesis,MeSH,D018700,Pleurodesis
Treatment,plyometric exercise,MeSH,D059385,Plyometric Exercise
Treatment,polypharmacy,MeSH,D019338,Polypharmacy
Treatment,positive-pressure respiration,MeSH,D011175,Positive-Pressure Respiration
Treatment,post-exercise recovery techniques,MeSH,D000096063,Post-Exercise Recovery Techniques
Treatment,posterior cruciate ligament reconstruction,MeSH,D000072229,Posterior Cruciate Ligament Reconstruction
Treatment,posthumous conception,MeSH,D037022,Posthumous Conception
Treatment,postnatal care,MeSH,D011181,Postnatal Care
Treatment,postoperative care,MeSH,D011182,Postoperative Care
Treatment,preanesthetic medication,MeSH,D011229,Preanesthetic Medication
Treatment,precision medicine,MeSH,D057285,Precision Medicine
Treatment,preconception care,MeSH,D016742,Preconception Care
Treatment,premedication,MeSH,D011292,Premedication
Treatment,prenatal care,MeSH,D011295,Prenatal Care
Treatment,preoperative care,MeSH,D011300,Preoperative Care
Treatment,preoperative exercise,MeSH,D000082622,Preoperative Exercise
Treatment,"preservation, biological",MeSH,D011309,"Preservation, Biological"
Treatment,pressurized intraperitoneal aerosol chemotherapy,MeSH,D000099220,Pressurized Intraperitoneal Aerosol Chemotherapy
Treatment,primary care nursing,MeSH,D059017,Primary Care Nursing
Treatment,prolotherapy,MeSH,D000075527,Prolotherapy
Treatment,prosthesis fitting,MeSH,D017755,Prosthesis Fitting
Treatment,prosthesis retention,MeSH,D060489,Prosthesis Retention
Treatment,proton therapy,MeSH,D061766,Proton Therapy
Treatment,psychiatric rehabilitation,MeSH,D000067250,Psychiatric Rehabilitation
Treatment,psychodrama,MeSH,D011577,Psychodrama
Treatment,puberty suppression,MeSH,D000097765,Puberty Suppression
Treatment,"pulse therapy, drug",MeSH,D020551,"Pulse Therapy, Drug"
Treatment,pulsed radiofrequency treatment,MeSH,D061208,Pulsed Radiofrequency Treatment
Treatment,punctures,MeSH,D011677,Punctures
Treatment,qigong,MeSH,D064906,Qigong
Treatment,rnai therapeutics,MeSH,D000067492,RNAi Therapeutics
Treatment,radiation dose hypofractionation,MeSH,D000069473,Radiation Dose Hypofractionation
Treatment,radiesthesia,MeSH,D011844,Radiesthesia
Treatment,"radioembolization, therapeutic",MeSH,D000099142,"Radioembolization, Therapeutic"
Treatment,radiofrequency ablation,MeSH,D000078703,Radiofrequency Ablation
Treatment,radiofrequency therapy,MeSH,D000078702,Radiofrequency Therapy
Treatment,radioimmunotherapy,MeSH,D016499,Radioimmunotherapy
Treatment,radioisotope teletherapy,MeSH,D011867,Radioisotope Teletherapy
Treatment,radiosurgery,MeSH,D016634,Radiosurgery
Treatment,radiotherapy,MeSH,D011878,Radiotherapy
Treatment,radiotherapy dosage,MeSH,D011879,Radiotherapy Dosage
Treatment,"radiotherapy planning, computer-assisted",MeSH,D011880,"Radiotherapy Planning, Computer-Assisted"
Treatment,radiotherapy setup errors,MeSH,D061106,Radiotherapy Setup Errors
Treatment,"radiotherapy, adjuvant",MeSH,D018714,"Radiotherapy, Adjuvant"
Treatment,"radiotherapy, computer-assisted",MeSH,D011881,"Radiotherapy, Computer-Assisted"
Treatment,"radiotherapy, conformal",MeSH,D020266,"Radiotherapy, Conformal"
Treatment,"radiotherapy, high-energy",MeSH,D011882,"Radiotherapy, High-Energy"
Treatment,"radiotherapy, image-guided",MeSH,D061089,"Radiotherapy, Image-Guided"
Treatment,"radiotherapy, intensity-modulated",MeSH,D050397,"Radiotherapy, Intensity-Modulated"
Treatment,rapid sequence induction and intubation,MeSH,D000079603,Rapid Sequence Induction and Intubation
Treatment,re-irradiation,MeSH,D000069475,Re-Irradiation
Treatment,recreation therapy,MeSH,D057173,Recreation Therapy
Treatment,reflexotherapy,MeSH,D012028,Reflexotherapy
Treatment,refrigeration,MeSH,D012034,Refrigeration
Treatment,rehabilitation,MeSH,D012046,Rehabilitation
Treatment,rehabilitation of speech and language disorders,MeSH,D012049,Rehabilitation of Speech and Language Disorders
Treatment,"rehabilitation, vocational",MeSH,D012050,"Rehabilitation, Vocational"
Treatment,reiki,MeSH,D000099302,Reiki
Treatment,rejuvenation,MeSH,D012060,Rejuvenation
Treatment,relaxation therapy,MeSH,D012064,Relaxation Therapy
Treatment,remission induction,MeSH,D012074,Remission Induction
Treatment,renal dialysis,MeSH,D006435,Renal Dialysis
Treatment,renal replacement therapy,MeSH,D017582,Renal Replacement Therapy
Treatment,reproductive techniques,MeSH,D012099,Reproductive Techniques
Treatment,"reproductive techniques, assisted",MeSH,D027724,"Reproductive Techniques, Assisted"
Treatment,resistance training,MeSH,D055070,Resistance Training
Treatment,"respiration, artificial",MeSH,D012121,"Respiration, Artificial"
Treatment,respiratory therapy,MeSH,D012138,Respiratory Therapy
Treatment,respite care,MeSH,D012144,Respite Care
Treatment,"restraint, physical",MeSH,D012149,"Restraint, Physical"
Treatment,resuscitation,MeSH,D012151,Resuscitation
Treatment,resuscitation orders,MeSH,D016414,Resuscitation Orders
Treatment,retention in care,MeSH,D000076522,Retention in Care
Treatment,retreatment,MeSH,D019233,Retreatment
Treatment,rewarming,MeSH,D017694,Rewarming
Treatment,rhinoplasty,MeSH,D012225,Rhinoplasty
Treatment,rhytidoplasty,MeSH,D015361,Rhytidoplasty
Treatment,role playing,MeSH,D012381,Role Playing
Treatment,salvage therapy,MeSH,D016879,Salvage Therapy
Treatment,sclerotherapy,MeSH,D015911,Sclerotherapy
Treatment,secondary prevention,MeSH,D055502,Secondary Prevention
Treatment,self administration,MeSH,D012646,Self Administration
Treatment,self care,MeSH,D012648,Self Care
Treatment,self medication,MeSH,D012651,Self Medication
Treatment,self-testing,MeSH,D000085263,Self-Testing
Treatment,semen preservation,MeSH,D012662,Semen Preservation
Treatment,sensory art therapies,MeSH,D026421,Sensory Art Therapies
Treatment,shamanism,MeSH,D019423,Shamanism
Treatment,shared medical appointments,MeSH,D000079142,Shared Medical Appointments
Treatment,short-wave therapy,MeSH,D012780,Short-Wave Therapy
Treatment,sign language,MeSH,D012813,Sign Language
Treatment,single embryo transfer,MeSH,D056826,Single Embryo Transfer
Treatment,skin care,MeSH,D017592,Skin Care
Treatment,skin cream,MeSH,D063465,Skin Cream
Treatment,skin transplantation,MeSH,D016038,Skin Transplantation
Treatment,sorption detoxification,MeSH,D016060,Sorption Detoxification
Treatment,speech therapy,MeSH,D013070,Speech Therapy
Treatment,"speech, alaryngeal",MeSH,D013071,"Speech, Alaryngeal"
Treatment,"speech, esophageal",MeSH,D013072,"Speech, Esophageal"
Treatment,speleotherapy,MeSH,D055161,Speleotherapy
Treatment,"sperm injections, intracytoplasmic",MeSH,D020554,"Sperm Injections, Intracytoplasmic"
Treatment,sperm retrieval,MeSH,D053625,Sperm Retrieval
Treatment,spinal cord stimulation,MeSH,D062187,Spinal Cord Stimulation
Treatment,spinal puncture,MeSH,D013129,Spinal Puncture
Treatment,spiritual therapies,MeSH,D026443,Spiritual Therapies
Treatment,spray drying,MeSH,D000085642,Spray Drying
Treatment,standing orders,MeSH,D000071065,Standing Orders
Treatment,steam bath,MeSH,D029002,Steam Bath
Treatment,stem cell transplantation,MeSH,D033581,Stem Cell Transplantation
Treatment,"sterilization, reproductive",MeSH,D013245,"Sterilization, Reproductive"
Treatment,stroke rehabilitation,MeSH,D000071939,Stroke Rehabilitation
Treatment,subacute care,MeSH,D019467,Subacute Care
Treatment,sublingual immunotherapy,MeSH,D063729,Sublingual Immunotherapy
Treatment,suggestion,MeSH,D013404,Suggestion
Treatment,"suicide, assisted",MeSH,D017236,"Suicide, Assisted"
Treatment,superovulation,MeSH,D013480,Superovulation
Treatment,surrogacy,MeSH,D000099114,Surrogacy
Treatment,tai ji,MeSH,D026302,Tai Ji
Treatment,targeted gene repair,MeSH,D052416,Targeted Gene Repair
Treatment,tattooing,MeSH,D013653,Tattooing
Treatment,telerehabilitation,MeSH,D000069350,Telerehabilitation
Treatment,terminal care,MeSH,D013727,Terminal Care
Treatment,tertiary prevention,MeSH,D055512,Tertiary Prevention
Treatment,theranostic nanomedicine,MeSH,D000068936,Theranostic Nanomedicine
Treatment,therapeutic irrigation,MeSH,D007507,Therapeutic Irrigation
Treatment,therapeutic occlusion,MeSH,D060205,Therapeutic Occlusion
Treatment,therapeutic touch,MeSH,D019124,Therapeutic Touch
Treatment,therapeutics,MeSH,D013812,Therapeutics
Treatment,"therapies, investigational",MeSH,D035703,"Therapies, Investigational"
Treatment,therapy with helminths,MeSH,D061147,Therapy with Helminths
Treatment,"therapy, computer-assisted",MeSH,D013813,"Therapy, Computer-Assisted"
Treatment,"therapy, soft tissue",MeSH,D064746,"Therapy, Soft Tissue"
Treatment,thoracentesis,MeSH,D000069258,Thoracentesis
Treatment,thrombolytic therapy,MeSH,D015912,Thrombolytic Therapy
Treatment,time-to-treatment,MeSH,D061665,Time-to-Treatment
Treatment,tissue preservation,MeSH,D014021,Tissue Preservation
Treatment,"tissue therapy, historical",MeSH,D014023,"Tissue Therapy, Historical"
Treatment,tissue transplantation,MeSH,D016378,Tissue Transplantation
Treatment,tobacco use cessation devices,MeSH,D061485,Tobacco Use Cessation Devices
Treatment,tocolysis,MeSH,D015145,Tocolysis
Treatment,tracheostomy,MeSH,D014139,Tracheostomy
Treatment,tracheostomy decannulation,MeSH,D000098522,Tracheostomy Decannulation
Treatment,transcranial direct current stimulation,MeSH,D065908,Transcranial Direct Current Stimulation
Treatment,transcranial magnetic stimulation,MeSH,D050781,Transcranial Magnetic Stimulation
Treatment,transcutaneous electric nerve stimulation,MeSH,D004561,Transcutaneous Electric Nerve Stimulation
Treatment,transition to adult care,MeSH,D060305,Transition to Adult Care
Treatment,transitional care,MeSH,D000069341,Transitional Care
Treatment,transplantation conditioning,MeSH,D019172,Transplantation Conditioning
Treatment,transportation of patients,MeSH,D014187,Transportation of Patients
Treatment,treatment delay,MeSH,D000096182,Treatment Delay
Treatment,treatment switching,MeSH,D000085582,Treatment Switching
Treatment,tympanocentesis,MeSH,D000069356,Tympanocentesis
Treatment,ulnar collateral ligament reconstruction,MeSH,D000070638,Ulnar Collateral Ligament Reconstruction
Treatment,ultrasonic therapy,MeSH,D014464,Ultrasonic Therapy
Treatment,"ultrasound, high-intensity focused, transrectal",MeSH,D036761,"Ultrasound, High-Intensity Focused, Transrectal"
Treatment,ultraviolet therapy,MeSH,D014467,Ultraviolet Therapy
Treatment,urinary catheterization,MeSH,D014546,Urinary Catheterization
Treatment,uterine artery embolization,MeSH,D055357,Uterine Artery Embolization
Treatment,uterine balloon tamponade,MeSH,D058738,Uterine Balloon Tamponade
Treatment,vaccination,MeSH,D014611,Vaccination
Treatment,vagus nerve stimulation,MeSH,D055536,Vagus Nerve Stimulation
Treatment,ventilator weaning,MeSH,D015300,Ventilator Weaning
Treatment,vertebroplasty,MeSH,D054854,Vertebroplasty
Treatment,viscosupplementation,MeSH,D055676,Viscosupplementation
Treatment,voice training,MeSH,D014834,Voice Training
Treatment,whole-body irradiation,MeSH,D014916,Whole-Body Irradiation
Treatment,witchcraft,MeSH,D018599,Witchcraft
Treatment,withholding treatment,MeSH,D028761,Withholding Treatment
Treatment,x-ray therapy,MeSH,D014964,X-Ray Therapy
Treatment,yoga,MeSH,D015013,Yoga
Treatment,zygote intrafallopian transfer,MeSH,D017388,Zygote Intrafallopian Transfer
Treatment,abdominal wound closure techniques,MeSH,D058107,Abdominal Wound Closure Techniques
Treatment,ablation techniques,MeSH,D055011,Ablation Techniques
Treatment,"abortion, eugenic",MeSH,D000025,"Abortion, Eugenic"
Treatment,"abortion, induced",MeSH,D000028,"Abortion, Induced"
Treatment,"abortion, legal",MeSH,D000029,"Abortion, Legal"
Treatment,"abortion, therapeutic",MeSH,D000032,"Abortion, Therapeutic"
Treatment,acetabuloplasty,MeSH,D065526,Acetabuloplasty
Treatment,adenoidectomy,MeSH,D000233,Adenoidectomy
Treatment,adrenalectomy,MeSH,D000315,Adrenalectomy
Treatment,alveolar bone grafting,MeSH,D064728,Alveolar Bone Grafting
Treatment,alveolar ridge augmentation,MeSH,D000540,Alveolar Ridge Augmentation
Treatment,alveolectomy,MeSH,D000541,Alveolectomy
Treatment,alveoloplasty,MeSH,D000543,Alveoloplasty
Treatment,ambulatory surgical procedures,MeSH,D000556,Ambulatory Surgical Procedures
Treatment,amniocentesis,MeSH,D000649,Amniocentesis
Treatment,amniotomy,MeSH,D000074885,Amniotomy
Treatment,"amputation, surgical",MeSH,D000671,"Amputation, Surgical"
Treatment,"anastomosis, roux-en-y",MeSH,D000713,"Anastomosis, Roux-en-Y"
Treatment,"anastomosis, surgical",MeSH,D000714,"Anastomosis, Surgical"
Treatment,anesthesia recovery period,MeSH,D000762,Anesthesia Recovery Period
Treatment,angioscopy,MeSH,D017546,Angioscopy
Treatment,anterior cruciate ligament reconstruction,MeSH,D059549,Anterior Cruciate Ligament Reconstruction
Treatment,anterior temporal lobectomy,MeSH,D038481,Anterior Temporal Lobectomy
Treatment,apicoectomy,MeSH,D001047,Apicoectomy
Treatment,appendectomy,MeSH,D001062,Appendectomy
Treatment,aquablation,MeSH,D000098944,Aquablation
Treatment,arterial switch operation,MeSH,D000069278,Arterial Switch Operation
Treatment,"arteriovenous shunt, surgical",MeSH,D001166,"Arteriovenous Shunt, Surgical"
Treatment,arthrodesis,MeSH,D001174,Arthrodesis
Treatment,arthroplasty,MeSH,D001178,Arthroplasty
Treatment,"arthroplasty, replacement",MeSH,D019643,"Arthroplasty, Replacement"
Treatment,"arthroplasty, replacement, ankle",MeSH,D058737,"Arthroplasty, Replacement, Ankle"
Treatment,"arthroplasty, replacement, elbow",MeSH,D057929,"Arthroplasty, Replacement, Elbow"
Treatment,"arthroplasty, replacement, finger",MeSH,D050806,"Arthroplasty, Replacement, Finger"
Treatment,"arthroplasty, replacement, hip",MeSH,D019644,"Arthroplasty, Replacement, Hip"
Treatment,"arthroplasty, replacement, knee",MeSH,D019645,"Arthroplasty, Replacement, Knee"
Treatment,"arthroplasty, replacement, shoulder",MeSH,D000072228,"Arthroplasty, Replacement, Shoulder"
Treatment,"arthroplasty, subchondral",MeSH,D054544,"Arthroplasty, Subchondral"
Treatment,arthroscopy,MeSH,D001182,Arthroscopy
Treatment,assisted circulation,MeSH,D001243,Assisted Circulation
Treatment,auditory brain stem implantation,MeSH,D038263,Auditory Brain Stem Implantation
Treatment,autonomic denervation,MeSH,D017763,Autonomic Denervation
Treatment,autonomic nerve block,MeSH,D001340,Autonomic Nerve Block
Treatment,axillofemoral bypass grafting,MeSH,D066254,Axillofemoral Bypass Grafting
Treatment,axotomy,MeSH,D019771,Axotomy
Treatment,balloon enteroscopy,MeSH,D000071087,Balloon Enteroscopy
Treatment,biliary tract surgical procedures,MeSH,D001662,Biliary Tract Surgical Procedures
Treatment,biliopancreatic diversion,MeSH,D015904,Biliopancreatic Diversion
Treatment,biopsy,MeSH,D001706,Biopsy
Treatment,"biopsy, fine-needle",MeSH,D044963,"Biopsy, Fine-Needle"
Treatment,"biopsy, large-core needle",MeSH,D062005,"Biopsy, Large-Core Needle"
Treatment,"biopsy, needle",MeSH,D001707,"Biopsy, Needle"
Treatment,blade implantation,MeSH,D001751,Blade Implantation
Treatment,blalock-taussig procedure,MeSH,D058366,Blalock-Taussig Procedure
Treatment,blepharoplasty,MeSH,D019882,Blepharoplasty
Treatment,blood specimen collection,MeSH,D001800,Blood Specimen Collection
Treatment,blood vessel prosthesis implantation,MeSH,D019917,Blood Vessel Prosthesis Implantation
Treatment,bone lengthening,MeSH,D001852,Bone Lengthening
Treatment,bronchoscopy,MeSH,D001999,Bronchoscopy
Treatment,capsulorhexis,MeSH,D019923,Capsulorhexis
Treatment,cardiac surgical procedures,MeSH,D006348,Cardiac Surgical Procedures
Treatment,cardiac valve annuloplasty,MeSH,D058385,Cardiac Valve Annuloplasty
Treatment,cardiomyoplasty,MeSH,D018421,Cardiomyoplasty
Treatment,cardiopulmonary bypass,MeSH,D002315,Cardiopulmonary Bypass
Treatment,cardiovascular surgical procedures,MeSH,D013504,Cardiovascular Surgical Procedures
Treatment,castration,MeSH,D002369,Castration
Treatment,cataract extraction,MeSH,D002387,Cataract Extraction
Treatment,cecostomy,MeSH,D002431,Cecostomy
Treatment,"cerclage, cervical",MeSH,D023802,"Cerclage, Cervical"
Treatment,cerebral decortication,MeSH,D002541,Cerebral Decortication
Treatment,cerebral revascularization,MeSH,D002548,Cerebral Revascularization
Treatment,cerebrospinal fluid shunts,MeSH,D002557,Cerebrospinal Fluid Shunts
Treatment,cervicoplasty,MeSH,D044964,Cervicoplasty
Treatment,cesarean section,MeSH,D002585,Cesarean Section
Treatment,"cesarean section, repeat",MeSH,D017604,"Cesarean Section, Repeat"
Treatment,"cholangiopancreatography, endoscopic retrograde",MeSH,D002760,"Cholangiopancreatography, Endoscopic Retrograde"
Treatment,cholecystectomy,MeSH,D002763,Cholecystectomy
Treatment,"cholecystectomy, laparoscopic",MeSH,D017081,"Cholecystectomy, Laparoscopic"
Treatment,cholecystostomy,MeSH,D002767,Cholecystostomy
Treatment,choledochostomy,MeSH,D002768,Choledochostomy
Treatment,chorionic villi sampling,MeSH,D015193,Chorionic Villi Sampling
Treatment,"circulatory arrest, deep hypothermia induced",MeSH,D050792,"Circulatory Arrest, Deep Hypothermia Induced"
Treatment,cochlear implantation,MeSH,D019929,Cochlear Implantation
Treatment,cold ischemia,MeSH,D050377,Cold Ischemia
Treatment,colectomy,MeSH,D003082,Colectomy
Treatment,collapse therapy,MeSH,D003096,Collapse Therapy
Treatment,colonoscopy,MeSH,D003113,Colonoscopy
Treatment,colorectal surgical procedures,MeSH,D000099090,Colorectal Surgical Procedures
Treatment,colostomy,MeSH,D003125,Colostomy
Treatment,colposcopy,MeSH,D003127,Colposcopy
Treatment,colpotomy,MeSH,D020884,Colpotomy
Treatment,conization,MeSH,D019092,Conization
Treatment,conversion to open surgery,MeSH,D061887,Conversion to Open Surgery
Treatment,cordotomy,MeSH,D002818,Cordotomy
Treatment,coronary artery bypass,MeSH,D001026,Coronary Artery Bypass
Treatment,"coronary artery bypass, off-pump",MeSH,D047549,"Coronary Artery Bypass, Off-Pump"
Treatment,counterpulsation,MeSH,D015908,Counterpulsation
Treatment,craniotomy,MeSH,D003399,Craniotomy
Treatment,cryosurgery,MeSH,D003452,Cryosurgery
Treatment,culdoscopy,MeSH,D003464,Culdoscopy
Treatment,curettage,MeSH,D003475,Curettage
Treatment,cystectomy,MeSH,D015653,Cystectomy
Treatment,cystoscopy,MeSH,D003558,Cystoscopy
Treatment,cystostomy,MeSH,D003559,Cystostomy
Treatment,cystotomy,MeSH,D053715,Cystotomy
Treatment,cytoreduction surgical procedures,MeSH,D065426,Cytoreduction Surgical Procedures
Treatment,dacryocystorhinostomy,MeSH,D003608,Dacryocystorhinostomy
Treatment,debridement,MeSH,D003646,Debridement
Treatment,"decompression, surgical",MeSH,D019299,"Decompression, Surgical"
Treatment,decompressive craniectomy,MeSH,D056424,Decompressive Craniectomy
Treatment,"delivery, obstetric",MeSH,D036861,"Delivery, Obstetric"
Treatment,denervation,MeSH,D003714,Denervation
Treatment,dental implantation,MeSH,D003757,Dental Implantation
Treatment,"dental implantation, endosseous",MeSH,D003758,"Dental Implantation, Endosseous"
Treatment,"dental implantation, endosseous, endodontic",MeSH,D003759,"Dental Implantation, Endosseous, Endodontic"
Treatment,"dental implantation, subperiosteal",MeSH,D016299,"Dental Implantation, Subperiosteal"
Treatment,dermatologic surgical procedures,MeSH,D062109,Dermatologic Surgical Procedures
Treatment,device lead extraction,MeSH,D000098523,Device Lead Extraction
Treatment,device removal,MeSH,D020878,Device Removal
Treatment,digestive system surgical procedures,MeSH,D013505,Digestive System Surgical Procedures
Treatment,dilatation and curettage,MeSH,D004107,Dilatation and Curettage
Treatment,disarticulation,MeSH,D004188,Disarticulation
Treatment,dissection,MeSH,D004210,Dissection
Treatment,donor selection,MeSH,D046148,Donor Selection
Treatment,double-balloon enteroscopy,MeSH,D058582,Double-Balloon Enteroscopy
Treatment,duodenoscopy,MeSH,D004384,Duodenoscopy
Treatment,duodenostomy,MeSH,D004385,Duodenostomy
Treatment,elective surgical procedures,MeSH,D017558,Elective Surgical Procedures
Treatment,electrosurgery,MeSH,D004598,Electrosurgery
Treatment,embolectomy,MeSH,D017128,Embolectomy
Treatment,endarterectomy,MeSH,D004691,Endarterectomy
Treatment,"endarterectomy, carotid",MeSH,D016894,"Endarterectomy, Carotid"
Treatment,endocrine surgical procedures,MeSH,D013507,Endocrine Surgical Procedures
Treatment,endolymphatic shunt,MeSH,D004713,Endolymphatic Shunt
Treatment,endometrial ablation techniques,MeSH,D055356,Endometrial Ablation Techniques
Treatment,endoscopic mucosal resection,MeSH,D000069916,Endoscopic Mucosal Resection
Treatment,endoscopic ultrasound-guided fine needle aspiration,MeSH,D061765,Endoscopic Ultrasound-Guided Fine Needle Aspiration
Treatment,endoscopy,MeSH,D004724,Endoscopy
Treatment,"endoscopy, digestive system",MeSH,D016145,"Endoscopy, Digestive System"
Treatment,"endoscopy, gastrointestinal",MeSH,D016099,"Endoscopy, Gastrointestinal"
Treatment,endovascular aneurysm repair,MeSH,D000094682,Endovascular Aneurysm Repair
Treatment,endovascular procedures,MeSH,D057510,Endovascular Procedures
Treatment,enhanced recovery after surgery,MeSH,D000080482,Enhanced Recovery After Surgery
Treatment,enterostomy,MeSH,D004766,Enterostomy
Treatment,episiotomy,MeSH,D004841,Episiotomy
Treatment,esophagectomy,MeSH,D016629,Esophagectomy
Treatment,esophagoplasty,MeSH,D004944,Esophagoplasty
Treatment,esophagoscopy,MeSH,D004945,Esophagoscopy
Treatment,esophagostomy,MeSH,D004946,Esophagostomy
Treatment,extracorporeal circulation,MeSH,D005112,Extracorporeal Circulation
Treatment,"extraction, obstetrical",MeSH,D005113,"Extraction, Obstetrical"
Treatment,eye enucleation,MeSH,D015353,Eye Enucleation
Treatment,eye evisceration,MeSH,D017234,Eye Evisceration
Treatment,facial transplantation,MeSH,D054445,Facial Transplantation
Treatment,fasciotomy,MeSH,D000071938,Fasciotomy
Treatment,"fenestration, labyrinth",MeSH,D005276,"Fenestration, Labyrinth"
Treatment,filtering surgery,MeSH,D018463,Filtering Surgery
Treatment,fontan procedure,MeSH,D018729,Fontan Procedure
Treatment,foraminotomy,MeSH,D059526,Foraminotomy
Treatment,fundoplication,MeSH,D018662,Fundoplication
Treatment,ganglionectomy,MeSH,D015171,Ganglionectomy
Treatment,gastrectomy,MeSH,D005743,Gastrectomy
Treatment,gastroenterostomy,MeSH,D005763,Gastroenterostomy
Treatment,gastropexy,MeSH,D059485,Gastropexy
Treatment,gastroscopy,MeSH,D005773,Gastroscopy
Treatment,gastrostomy,MeSH,D005774,Gastrostomy
Treatment,gingivectomy,MeSH,D005890,Gingivectomy
Treatment,gingivoplasty,MeSH,D005893,Gingivoplasty
Treatment,glossectomy,MeSH,D005927,Glossectomy
Treatment,guided tissue regeneration,MeSH,D048091,Guided Tissue Regeneration
Treatment,"guided tissue regeneration, periodontal",MeSH,D016557,"Guided Tissue Regeneration, Periodontal"
Treatment,gynecologic surgical procedures,MeSH,D013509,Gynecologic Surgical Procedures
Treatment,hand transplantation,MeSH,D063987,Hand Transplantation
Treatment,hand-assisted laparoscopy,MeSH,D058733,Hand-Assisted Laparoscopy
Treatment,hardware removal,MeSH,D000098524,Hardware Removal
Treatment,"heart arrest, induced",MeSH,D006324,"Heart Arrest, Induced"
Treatment,"heart bypass, left",MeSH,D018611,"Heart Bypass, Left"
Treatment,"heart bypass, right",MeSH,D018610,"Heart Bypass, Right"
Treatment,heart transplantation,MeSH,D016027,Heart Transplantation
Treatment,heart valve prosthesis implantation,MeSH,D019918,Heart Valve Prosthesis Implantation
Treatment,heart-assist devices,MeSH,D006353,Heart-Assist Devices
Treatment,heart-lung transplantation,MeSH,D016041,Heart-Lung Transplantation
Treatment,heller myotomy,MeSH,D000074434,Heller Myotomy
Treatment,hemiarthroplasty,MeSH,D062785,Hemiarthroplasty
Treatment,hemipelvectomy,MeSH,D006428,Hemipelvectomy
Treatment,hemispherectomy,MeSH,D038421,Hemispherectomy
Treatment,hemorrhoidectomy,MeSH,D061865,Hemorrhoidectomy
Treatment,hepatectomy,MeSH,D006498,Hepatectomy
Treatment,herniorrhaphy,MeSH,D059685,Herniorrhaphy
Treatment,hypophysectomy,MeSH,D007016,Hypophysectomy
Treatment,"hypophysectomy, chemical",MeSH,D007017,"Hypophysectomy, Chemical"
Treatment,hysterectomy,MeSH,D007044,Hysterectomy
Treatment,"hysterectomy, vaginal",MeSH,D007045,"Hysterectomy, Vaginal"
Treatment,hysteroscopy,MeSH,D015907,Hysteroscopy
Treatment,hysterotomy,MeSH,D020883,Hysterotomy
Treatment,ileostomy,MeSH,D007081,Ileostomy
Treatment,image-guided biopsy,MeSH,D061705,Image-Guided Biopsy
Treatment,immediate dental implant loading,MeSH,D057893,Immediate Dental Implant Loading
Treatment,internal mammary-coronary artery anastomosis,MeSH,D007387,Internal Mammary-Coronary Artery Anastomosis
Treatment,intra-aortic balloon pumping,MeSH,D007423,Intra-Aortic Balloon Pumping
Treatment,intraoperative neurophysiological monitoring,MeSH,D064795,Intraoperative Neurophysiological Monitoring
Treatment,intraoperative period,MeSH,D007432,Intraoperative Period
Treatment,iridectomy,MeSH,D032801,Iridectomy
Treatment,jaw fixation techniques,MeSH,D019248,Jaw Fixation Techniques
Treatment,jejunostomy,MeSH,D007582,Jejunostomy
Treatment,joint capsule release,MeSH,D057913,Joint Capsule Release
Treatment,keratectomy,MeSH,D000074431,Keratectomy
Treatment,"keratotomy, radial",MeSH,D007646,"Keratotomy, Radial"
Treatment,"labor, induced",MeSH,D007751,"Labor, Induced"
Treatment,laparoscopy,MeSH,D010535,Laparoscopy
Treatment,laparotomy,MeSH,D007813,Laparotomy
Treatment,laryngectomy,MeSH,D007825,Laryngectomy
Treatment,laryngoplasty,MeSH,D058753,Laryngoplasty
Treatment,laryngoscopy,MeSH,D007828,Laryngoscopy
Treatment,lateral internal sphincterotomy,MeSH,D000074722,Lateral Internal Sphincterotomy
Treatment,"lens implantation, intraocular",MeSH,D019654,"Lens Implantation, Intraocular"
Treatment,ligation,MeSH,D008026,Ligation
Treatment,limb salvage,MeSH,D023821,Limb Salvage
Treatment,lung transplantation,MeSH,D016040,Lung Transplantation
Treatment,lymph node excision,MeSH,D008197,Lymph Node Excision
Treatment,"magnetic resonance imaging, interventional",MeSH,D053783,"Magnetic Resonance Imaging, Interventional"
Treatment,mandibular advancement,MeSH,D019186,Mandibular Advancement
Treatment,mandibular prosthesis implantation,MeSH,D019930,Mandibular Prosthesis Implantation
Treatment,mastectomy,MeSH,D008408,Mastectomy
Treatment,"mastectomy, extended radical",MeSH,D015410,"Mastectomy, Extended Radical"
Treatment,"mastectomy, modified radical",MeSH,D015411,"Mastectomy, Modified Radical"
Treatment,"mastectomy, radical",MeSH,D015409,"Mastectomy, Radical"
Treatment,"mastectomy, segmental",MeSH,D015412,"Mastectomy, Segmental"
Treatment,"mastectomy, simple",MeSH,D015413,"Mastectomy, Simple"
Treatment,"mastectomy, subcutaneous",MeSH,D015414,"Mastectomy, Subcutaneous"
Treatment,mastoidectomy,MeSH,D000074406,Mastoidectomy
Treatment,maxillofacial prosthesis implantation,MeSH,D019931,Maxillofacial Prosthesis Implantation
Treatment,maze procedure,MeSH,D000079042,Maze Procedure
Treatment,mediastinoscopy,MeSH,D008481,Mediastinoscopy
Treatment,meniscectomy,MeSH,D000074403,Meniscectomy
Treatment,metastasectomy,MeSH,D059146,Metastasectomy
Treatment,microdissection,MeSH,D042282,Microdissection
Treatment,microsurgery,MeSH,D008866,Microsurgery
Treatment,microvascular decompression surgery,MeSH,D061145,Microvascular Decompression Surgery
Treatment,middle ear ventilation,MeSH,D008876,Middle Ear Ventilation
Treatment,minimally invasive surgical procedures,MeSH,D019060,Minimally Invasive Surgical Procedures
Treatment,minor surgical procedures,MeSH,D013511,Minor Surgical Procedures
Treatment,mitral valve annuloplasty,MeSH,D058386,Mitral Valve Annuloplasty
Treatment,mohs surgery,MeSH,D015580,Mohs Surgery
Treatment,"monitoring, intraoperative",MeSH,D016343,"Monitoring, Intraoperative"
Treatment,morcellation,MeSH,D000069577,Morcellation
Treatment,muscle denervation,MeSH,D009121,Muscle Denervation
Treatment,myocardial reperfusion,MeSH,D015425,Myocardial Reperfusion
Treatment,myocardial revascularization,MeSH,D009204,Myocardial Revascularization
Treatment,myotomy,MeSH,D000074433,Myotomy
Treatment,myringoplasty,MeSH,D009225,Myringoplasty
Treatment,nasal surgical procedures,MeSH,D059747,Nasal Surgical Procedures
Treatment,natural orifice endoscopic surgery,MeSH,D057605,Natural Orifice Endoscopic Surgery
Treatment,neck dissection,MeSH,D037981,Neck Dissection
Treatment,nephrectomy,MeSH,D009392,Nephrectomy
Treatment,"nephrolithotomy, percutaneous",MeSH,D000074642,"Nephrolithotomy, Percutaneous"
Treatment,"nephrostomy, percutaneous",MeSH,D009403,"Nephrostomy, Percutaneous"
Treatment,nephrotomy,MeSH,D000074643,Nephrotomy
Treatment,nephroureterectomy,MeSH,D000074682,Nephroureterectomy
Treatment,nerve block,MeSH,D009407,Nerve Block
Treatment,nerve crush,MeSH,D009409,Nerve Crush
Treatment,nerve expansion,MeSH,D055164,Nerve Expansion
Treatment,nerve transfer,MeSH,D016067,Nerve Transfer
Treatment,neuroendoscopy,MeSH,D044583,Neuroendoscopy
Treatment,neuronavigation,MeSH,D038361,Neuronavigation
Treatment,neurosurgical procedures,MeSH,D019635,Neurosurgical Procedures
Treatment,norwood procedures,MeSH,D058327,Norwood Procedures
Treatment,obstetric surgical procedures,MeSH,D013513,Obstetric Surgical Procedures
Treatment,open abdomen techniques,MeSH,D000080872,Open Abdomen Techniques
Treatment,operative blood salvage,MeSH,D057725,Operative Blood Salvage
Treatment,operative time,MeSH,D061646,Operative Time
Treatment,ophthalmologic surgical procedures,MeSH,D013508,Ophthalmologic Surgical Procedures
Treatment,oral frenectomy,MeSH,D000095782,Oral Frenectomy
Treatment,oral surgical procedures,MeSH,D019647,Oral Surgical Procedures
Treatment,"oral surgical procedures, preprosthetic",MeSH,D013516,"Oral Surgical Procedures, Preprosthetic"
Treatment,orbit evisceration,MeSH,D017233,Orbit Evisceration
Treatment,orchiectomy,MeSH,D009919,Orchiectomy
Treatment,orchiopexy,MeSH,D056126,Orchiopexy
Treatment,organ transplantation,MeSH,D016377,Organ Transplantation
Treatment,orthognathic surgical procedures,MeSH,D056948,Orthognathic Surgical Procedures
Treatment,ossicular replacement,MeSH,D019933,Ossicular Replacement
Treatment,"osteogenesis, distraction",MeSH,D019857,"Osteogenesis, Distraction"
Treatment,osteotomy,MeSH,D010027,Osteotomy
Treatment,"osteotomy, le fort",MeSH,D019340,"Osteotomy, Le Fort"
Treatment,"osteotomy, sagittal split ramus",MeSH,D059229,"Osteotomy, Sagittal Split Ramus"
Treatment,ostomy,MeSH,D010030,Ostomy
Treatment,otologic surgical procedures,MeSH,D013506,Otologic Surgical Procedures
Treatment,otorhinolaryngologic surgical procedures,MeSH,D013517,Otorhinolaryngologic Surgical Procedures
Treatment,ovariectomy,MeSH,D010052,Ovariectomy
Treatment,overlapping surgery,MeSH,D000096584,Overlapping Surgery
Treatment,pallidotomy,MeSH,D053860,Pallidotomy
Treatment,pancreas transplantation,MeSH,D016035,Pancreas Transplantation
Treatment,pancreatectomy,MeSH,D010180,Pancreatectomy
Treatment,pancreaticoduodenectomy,MeSH,D016577,Pancreaticoduodenectomy
Treatment,pancreaticojejunostomy,MeSH,D010193,Pancreaticojejunostomy
Treatment,papanicolaou test,MeSH,D065006,Papanicolaou Test
Treatment,parasympathectomy,MeSH,D017764,Parasympathectomy
Treatment,parathyroidectomy,MeSH,D016105,Parathyroidectomy
Treatment,pelvic exenteration,MeSH,D010385,Pelvic Exenteration
Treatment,penile implantation,MeSH,D019935,Penile Implantation
Treatment,penile transplantation,MeSH,D000093667,Penile Transplantation
Treatment,percutaneous coronary intervention,MeSH,D062645,Percutaneous Coronary Intervention
Treatment,pericardial window techniques,MeSH,D010491,Pericardial Window Techniques
Treatment,pericardiectomy,MeSH,D010492,Pericardiectomy
Treatment,perioperative period,MeSH,D059035,Perioperative Period
Treatment,peritoneovenous shunt,MeSH,D010536,Peritoneovenous Shunt
Treatment,petrosal sinus sampling,MeSH,D017591,Petrosal Sinus Sampling
Treatment,phacoemulsification,MeSH,D018918,Phacoemulsification
Treatment,phalloplasty,MeSH,D000093562,Phalloplasty
Treatment,pharyngectomy,MeSH,D010611,Pharyngectomy
Treatment,pharyngostomy,MeSH,D010613,Pharyngostomy
Treatment,piezosurgery,MeSH,D059745,Piezosurgery
Treatment,pinealectomy,MeSH,D000076822,Pinealectomy
Treatment,plastic surgery procedures,MeSH,D019651,Plastic Surgery Procedures
Treatment,pneumonectomy,MeSH,D011013,Pneumonectomy
Treatment,pneumonolysis,MeSH,D011025,Pneumonolysis
Treatment,"pneumothorax, artificial",MeSH,D011031,"Pneumothorax, Artificial"
Treatment,"portacaval shunt, surgical",MeSH,D011167,"Portacaval Shunt, Surgical"
Treatment,"portasystemic shunt, surgical",MeSH,D011170,"Portasystemic Shunt, Surgical"
Treatment,"portasystemic shunt, transjugular intrahepatic",MeSH,D019168,"Portasystemic Shunt, Transjugular Intrahepatic"
Treatment,"portoenterostomy, hepatic",MeSH,D011171,"Portoenterostomy, Hepatic"
Treatment,posterior capsulotomy,MeSH,D064727,Posterior Capsulotomy
Treatment,postoperative period,MeSH,D011184,Postoperative Period
Treatment,"pregnancy reduction, multifetal",MeSH,D018607,"Pregnancy Reduction, Multifetal"
Treatment,preoperative period,MeSH,D057234,Preoperative Period
Treatment,proctectomy,MeSH,D000078542,Proctectomy
Treatment,"proctocolectomy, restorative",MeSH,D016737,"Proctocolectomy, Restorative"
Treatment,proctoscopy,MeSH,D011351,Proctoscopy
Treatment,prophylactic mastectomy,MeSH,D000072036,Prophylactic Mastectomy
Treatment,prophylactic surgical procedures,MeSH,D065286,Prophylactic Surgical Procedures
Treatment,prostatectomy,MeSH,D011468,Prostatectomy
Treatment,prosthesis implantation,MeSH,D019919,Prosthesis Implantation
Treatment,psychosurgery,MeSH,D011612,Psychosurgery
Treatment,pulmonary surgical procedures,MeSH,D013510,Pulmonary Surgical Procedures
Treatment,pyloromyotomy,MeSH,D000074882,Pyloromyotomy
Treatment,"radiography, interventional",MeSH,D015641,"Radiography, Interventional"
Treatment,refractive surgical procedures,MeSH,D054140,Refractive Surgical Procedures
Treatment,reoperation,MeSH,D012086,Reoperation
Treatment,reperfusion,MeSH,D015424,Reperfusion
Treatment,replantation,MeSH,D012092,Replantation
Treatment,rhizotomy,MeSH,D019051,Rhizotomy
Treatment,robotic surgical procedures,MeSH,D065287,Robotic Surgical Procedures
Treatment,salpingectomy,MeSH,D058994,Salpingectomy
Treatment,salpingo-oophorectomy,MeSH,D000074868,Salpingo-oophorectomy
Treatment,salpingostomy,MeSH,D012489,Salpingostomy
Treatment,scleral buckling,MeSH,D012591,Scleral Buckling
Treatment,scleroplasty,MeSH,D016639,Scleroplasty
Treatment,sclerostomy,MeSH,D012599,Sclerostomy
Treatment,second-look surgery,MeSH,D024162,Second-Look Surgery
Treatment,sentinel lymph node biopsy,MeSH,D021701,Sentinel Lymph Node Biopsy
Treatment,septal myectomy,MeSH,D000099303,Septal Myectomy
Treatment,serial extraction,MeSH,D012690,Serial Extraction
Treatment,sigmoidoscopy,MeSH,D012812,Sigmoidoscopy
Treatment,single-balloon enteroscopy,MeSH,D000071085,Single-Balloon Enteroscopy
Treatment,sinus floor augmentation,MeSH,D059546,Sinus Floor Augmentation
Treatment,sphenopalatine ganglion block,MeSH,D059387,Sphenopalatine Ganglion Block
Treatment,sphincterotomy,MeSH,D000074432,Sphincterotomy
Treatment,"sphincterotomy, endoscopic",MeSH,D016717,"Sphincterotomy, Endoscopic"
Treatment,"sphincterotomy, transduodenal",MeSH,D013105,"Sphincterotomy, Transduodenal"
Treatment,spinal fusion,MeSH,D013123,Spinal Fusion
Treatment,splenectomy,MeSH,D013156,Splenectomy
Treatment,"splenorenal shunt, surgical",MeSH,D013164,"Splenorenal Shunt, Surgical"
Treatment,split-brain procedure,MeSH,D050812,Split-Brain Procedure
Treatment,stapes mobilization,MeSH,D013200,Stapes Mobilization
Treatment,stapes surgery,MeSH,D013201,Stapes Surgery
Treatment,stereotaxic techniques,MeSH,D013238,Stereotaxic Techniques
Treatment,sterilization reversal,MeSH,D013243,Sterilization Reversal
Treatment,"sterilization, involuntary",MeSH,D013244,"Sterilization, Involuntary"
Treatment,"sterilization, tubal",MeSH,D013246,"Sterilization, Tubal"
Treatment,sternotomy,MeSH,D056346,Sternotomy
Treatment,suction,MeSH,D013396,Suction
Treatment,"surgery, computer-assisted",MeSH,D025321,"Surgery, Computer-Assisted"
Treatment,"surgical procedures, operative",MeSH,D013514,"Surgical Procedures, Operative"
Treatment,surgical stapling,MeSH,D017792,Surgical Stapling
Treatment,suture techniques,MeSH,D013536,Suture Techniques
Treatment,sutureless surgical procedures,MeSH,D000071062,Sutureless Surgical Procedures
Treatment,sympathectomy,MeSH,D013562,Sympathectomy
Treatment,"sympathectomy, chemical",MeSH,D013563,"Sympathectomy, Chemical"
Treatment,symphysiotomy,MeSH,D013567,Symphysiotomy
Treatment,synovectomy,MeSH,D000074402,Synovectomy
Treatment,tattoo removal,MeSH,D000092945,Tattoo Removal
Treatment,tendon transfer,MeSH,D013709,Tendon Transfer
Treatment,tenodesis,MeSH,D053656,Tenodesis
Treatment,tenotomy,MeSH,D058971,Tenotomy
Treatment,"thoracic surgery, video-assisted",MeSH,D020775,"Thoracic Surgery, Video-Assisted"
Treatment,thoracic surgical procedures,MeSH,D019616,Thoracic Surgical Procedures
Treatment,thoracoplasty,MeSH,D013905,Thoracoplasty
Treatment,thoracoscopy,MeSH,D013906,Thoracoscopy
Treatment,thoracostomy,MeSH,D013907,Thoracostomy
Treatment,thoracotomy,MeSH,D013908,Thoracotomy
Treatment,thrombectomy,MeSH,D017131,Thrombectomy
Treatment,thymectomy,MeSH,D013934,Thymectomy
Treatment,thyroidectomy,MeSH,D013965,Thyroidectomy
Treatment,tissue expansion,MeSH,D015626,Tissue Expansion
Treatment,tissue and organ harvesting,MeSH,D020858,Tissue and Organ Harvesting
Treatment,tonsillectomy,MeSH,D014068,Tonsillectomy
Treatment,tooth extraction,MeSH,D014081,Tooth Extraction
Treatment,tooth replantation,MeSH,D014090,Tooth Replantation
Treatment,total disc replacement,MeSH,D059145,Total Disc Replacement
Treatment,trabeculectomy,MeSH,D014130,Trabeculectomy
Treatment,trachelectomy,MeSH,D000069339,Trachelectomy
Treatment,tracheotomy,MeSH,D014140,Tracheotomy
Treatment,traction,MeSH,D014143,Traction
Treatment,transanal endoscopic microsurgery,MeSH,D000067369,Transanal Endoscopic Microsurgery
Treatment,transanal endoscopic surgery,MeSH,D000067368,Transanal Endoscopic Surgery
Treatment,transcatheter aortic valve replacement,MeSH,D065467,Transcatheter Aortic Valve Replacement
Treatment,transcatheter mitral valve replacement,MeSH,D000099316,Transcatheter Mitral Valve Replacement
Treatment,transmyocardial laser revascularization,MeSH,D057769,Transmyocardial Laser Revascularization
Treatment,transplantation,MeSH,D014180,Transplantation
Treatment,"transplantation, autologous",MeSH,D014182,"Transplantation, Autologous"
Treatment,"transplantation, haploidentical",MeSH,D000075442,"Transplantation, Haploidentical"
Treatment,"transplantation, heterologous",MeSH,D014183,"Transplantation, Heterologous"
Treatment,"transplantation, heterotopic",MeSH,D016042,"Transplantation, Heterotopic"
Treatment,"transplantation, homologous",MeSH,D014184,"Transplantation, Homologous"
Treatment,"transplantation, isogeneic",MeSH,D014185,"Transplantation, Isogeneic"
Treatment,transtympanic micropressure treatment,MeSH,D062086,Transtympanic Micropressure Treatment
Treatment,transurethral resection of bladder,MeSH,D000094463,Transurethral Resection of Bladder
Treatment,transurethral resection of prostate,MeSH,D020728,Transurethral Resection of Prostate
Treatment,trephining,MeSH,D014207,Trephining
Treatment,tympanoplasty,MeSH,D014433,Tympanoplasty
Treatment,ultrafiltration,MeSH,D014462,Ultrafiltration
Treatment,ultrasonic surgical procedures,MeSH,D059708,Ultrasonic Surgical Procedures
Treatment,"ultrasonography, interventional",MeSH,D018084,"Ultrasonography, Interventional"
Treatment,umbilical cord clamping,MeSH,D000087526,Umbilical Cord Clamping
Treatment,ureteroscopy,MeSH,D018666,Ureteroscopy
Treatment,ureterostomy,MeSH,D014519,Ureterostomy
Treatment,urinary diversion,MeSH,D014547,Urinary Diversion
Treatment,urogenital surgical procedures,MeSH,D013519,Urogenital Surgical Procedures
Treatment,urologic surgical procedures,MeSH,D013520,Urologic Surgical Procedures
Treatment,"urologic surgical procedures, male",MeSH,D013521,"Urologic Surgical Procedures, Male"
Treatment,uterine myomectomy,MeSH,D063186,Uterine Myomectomy
Treatment,vacuum curettage,MeSH,D014619,Vacuum Curettage
Treatment,"vacuum extraction, obstetrical",MeSH,D014620,"Vacuum Extraction, Obstetrical"
Treatment,vaginal birth after cesarean,MeSH,D016064,Vaginal Birth after Cesarean
Treatment,vaginal smears,MeSH,D014626,Vaginal Smears
Treatment,vagotomy,MeSH,D014628,Vagotomy
Treatment,"vagotomy, proximal gastric",MeSH,D014629,"Vagotomy, Proximal Gastric"
Treatment,"vagotomy, truncal",MeSH,D015167,"Vagotomy, Truncal"
Treatment,vascular grafting,MeSH,D058017,Vascular Grafting
Treatment,vascular surgical procedures,MeSH,D014656,Vascular Surgical Procedures
Treatment,vascularized composite allotransplantation,MeSH,D063986,Vascularized Composite Allotransplantation
Treatment,vasectomy,MeSH,D014659,Vasectomy
Treatment,vasovasostomy,MeSH,D014669,Vasovasostomy
Treatment,venous cutdown,MeSH,D016748,Venous Cutdown
Treatment,ventriculoperitoneal shunt,MeSH,D017287,Ventriculoperitoneal Shunt
Treatment,ventriculostomy,MeSH,D014696,Ventriculostomy
Treatment,"version, fetal",MeSH,D014710,"Version, Fetal"
Treatment,vestibuloplasty,MeSH,D014727,Vestibuloplasty
Treatment,video-assisted surgery,MeSH,D020535,Video-Assisted Surgery
Treatment,vitrectomy,MeSH,D014821,Vitrectomy
Treatment,vitreoretinal surgery,MeSH,D057586,Vitreoretinal Surgery
Treatment,vulvectomy,MeSH,D000074883,Vulvectomy
Treatment,warm ischemia,MeSH,D052096,Warm Ischemia
Treatment,wound closure techniques,MeSH,D058106,Wound Closure Techniques
AnatomicalSite,abdomen,MeSH,D000005,Abdomen
AnatomicalSite,abdominal cavity,MeSH,D034841,Abdominal Cavity
AnatomicalSite,abdominal core,MeSH,D000090043,Abdominal Core
AnatomicalSite,abdominal wall,MeSH,D034861,Abdominal Wall
AnatomicalSite,allogeneic cells,MeSH,D000078422,Allogeneic Cells
AnatomicalSite,allografts,MeSH,D064591,Allografts
AnatomicalSite,amputation stumps,MeSH,D000672,Amputation Stumps
AnatomicalSite,anatomic landmarks,MeSH,D059925,Anatomic Landmarks
AnatomicalSite,ankle,MeSH,D000842,Ankle
AnatomicalSite,arm,MeSH,D001132,Arm
AnatomicalSite,autografts,MeSH,D064592,Autografts
AnatomicalSite,axilla,MeSH,D001365,Axilla
AnatomicalSite,back,MeSH,D001415,Back
AnatomicalSite,body regions,MeSH,D001829,Body Regions
AnatomicalSite,bone-patellar tendon-bone grafts,MeSH,D064594,Bone-Patellar Tendon-Bone Grafts
AnatomicalSite,breast,MeSH,D001940,Breast
AnatomicalSite,buttocks,MeSH,D002081,Buttocks
AnatomicalSite,cheek,MeSH,D002610,Cheek
AnatomicalSite,chin,MeSH,D002680,Chin
AnatomicalSite,composite tissue allografts,MeSH,D064595,Composite Tissue Allografts
AnatomicalSite,"cranial fossa, anterior",MeSH,D035262,"Cranial Fossa, Anterior"
AnatomicalSite,"cranial fossa, middle",MeSH,D035301,"Cranial Fossa, Middle"
AnatomicalSite,"cranial fossa, posterior",MeSH,D003388,"Cranial Fossa, Posterior"
AnatomicalSite,diaphragm,MeSH,D003964,Diaphragm
AnatomicalSite,douglas' pouch,MeSH,D004312,Douglas' Pouch
AnatomicalSite,ear,MeSH,D004423,Ear
AnatomicalSite,elbow,MeSH,D004550,Elbow
AnatomicalSite,extremities,MeSH,D005121,Extremities
AnatomicalSite,eye,MeSH,D005123,Eye
AnatomicalSite,eyebrows,MeSH,D005138,Eyebrows
AnatomicalSite,eyelashes,MeSH,D005140,Eyelashes
AnatomicalSite,eyelids,MeSH,D005143,Eyelids
AnatomicalSite,face,MeSH,D005145,Face
AnatomicalSite,fingers,MeSH,D005385,Fingers
AnatomicalSite,foot,MeSH,D005528,Foot
AnatomicalSite,forearm,MeSH,D005542,Forearm
AnatomicalSite,"forefoot, human",MeSH,D005545,"Forefoot, Human"
AnatomicalSite,forehead,MeSH,D005546,Forehead
AnatomicalSite,groin,MeSH,D006119,Groin
AnatomicalSite,hallux,MeSH,D006214,Hallux
AnatomicalSite,hand,MeSH,D006225,Hand
AnatomicalSite,head,MeSH,D006257,Head
AnatomicalSite,heel,MeSH,D006365,Heel
AnatomicalSite,heterografts,MeSH,D064593,Heterografts
AnatomicalSite,hip,MeSH,D006615,Hip
AnatomicalSite,infratemporal fossa,MeSH,D000080884,Infratemporal Fossa
AnatomicalSite,inguinal canal,MeSH,D007264,Inguinal Canal
AnatomicalSite,isografts,MeSH,D064596,Isografts
AnatomicalSite,jugular foramina,MeSH,D000080869,Jugular Foramina
AnatomicalSite,knee,MeSH,D007717,Knee
AnatomicalSite,leg,MeSH,D007866,Leg
AnatomicalSite,lesser pelvis,MeSH,D057892,Lesser Pelvis
AnatomicalSite,lip,MeSH,D008046,Lip
AnatomicalSite,lower extremity,MeSH,D035002,Lower Extremity
AnatomicalSite,lumbosacral region,MeSH,D008161,Lumbosacral Region
AnatomicalSite,"mammary glands, human",MeSH,D042361,"Mammary Glands, Human"
AnatomicalSite,mediastinum,MeSH,D008482,Mediastinum
AnatomicalSite,mesentery,MeSH,D008643,Mesentery
AnatomicalSite,mesocolon,MeSH,D008646,Mesocolon
AnatomicalSite,metacarpus,MeSH,D008663,Metacarpus
AnatomicalSite,metatarsus,MeSH,D008684,Metatarsus
AnatomicalSite,mouth,MeSH,D009055,Mouth
AnatomicalSite,nasolabial fold,MeSH,D060052,Nasolabial Fold
AnatomicalSite,neck,MeSH,D009333,Neck
AnatomicalSite,nipples,MeSH,D009558,Nipples
AnatomicalSite,nose,MeSH,D009666,Nose
AnatomicalSite,omentum,MeSH,D009852,Omentum
AnatomicalSite,organs at risk,MeSH,D058958,Organs at Risk
AnatomicalSite,parapharyngeal space,MeSH,D000080886,Parapharyngeal Space
AnatomicalSite,parotid region,MeSH,D035421,Parotid Region
AnatomicalSite,pelvic floor,MeSH,D017773,Pelvic Floor
AnatomicalSite,pelvis,MeSH,D010388,Pelvis
AnatomicalSite,perineum,MeSH,D010502,Perineum
AnatomicalSite,peritoneal cavity,MeSH,D010529,Peritoneal Cavity
AnatomicalSite,peritoneal stomata,MeSH,D054048,Peritoneal Stomata
AnatomicalSite,peritoneum,MeSH,D010537,Peritoneum
AnatomicalSite,pleural cavity,MeSH,D035422,Pleural Cavity
AnatomicalSite,retroperitoneal space,MeSH,D012187,Retroperitoneal Space
AnatomicalSite,sacrococcygeal region,MeSH,D012445,Sacrococcygeal Region
AnatomicalSite,scalp,MeSH,D012535,Scalp
AnatomicalSite,shoulder,MeSH,D012782,Shoulder
AnatomicalSite,skull base,MeSH,D019291,Skull Base
AnatomicalSite,superficial musculoaponeurotic system,MeSH,D000069259,Superficial Musculoaponeurotic System
AnatomicalSite,thigh,MeSH,D013848,Thigh
AnatomicalSite,thoracic cavity,MeSH,D035423,Thoracic Cavity
AnatomicalSite,thoracic wall,MeSH,D035441,Thoracic Wall
AnatomicalSite,thorax,MeSH,D013909,Thorax
AnatomicalSite,thumb,MeSH,D013933,Thumb
AnatomicalSite,toes,MeSH,D014034,Toes
AnatomicalSite,torso,MeSH,D060726,Torso
AnatomicalSite,transplant donor site,MeSH,D060053,Transplant Donor Site
AnatomicalSite,transplants,MeSH,D019737,Transplants
AnatomicalSite,trigger points,MeSH,D061028,Trigger Points
AnatomicalSite,umbilicus,MeSH,D014472,Umbilicus
AnatomicalSite,upper extremity,MeSH,D034941,Upper Extremity
AnatomicalSite,viscera,MeSH,D014781,Viscera
AnatomicalSite,wrist,MeSH,D014953,Wrist
AnatomicalSite,abdominal muscles,MeSH,D000009,Abdominal Muscles
AnatomicalSite,abdominal oblique muscles,MeSH,D000071596,Abdominal Oblique Muscles
AnatomicalSite,acetabulum,MeSH,D000077,Acetabulum
AnatomicalSite,achilles tendon,MeSH,D000125,Achilles Tendon
AnatomicalSite,acromioclavicular joint,MeSH,D000173,Acromioclavicular Joint
AnatomicalSite,acromion,MeSH,D000174,Acromion
AnatomicalSite,alveolar process,MeSH,D000539,Alveolar Process
AnatomicalSite,ankle joint,MeSH,D000843,Ankle Joint
AnatomicalSite,annulus fibrosus,MeSH,D000070616,Annulus Fibrosus
AnatomicalSite,anterior cruciate ligament,MeSH,D016118,Anterior Cruciate Ligament
AnatomicalSite,aponeurosis,MeSH,D000070606,Aponeurosis
AnatomicalSite,arm bones,MeSH,D050280,Arm Bones
AnatomicalSite,arytenoid cartilage,MeSH,D001193,Arytenoid Cartilage
AnatomicalSite,atlanto-axial joint,MeSH,D001268,Atlanto-Axial Joint
AnatomicalSite,atlanto-occipital joint,MeSH,D001269,Atlanto-Occipital Joint
AnatomicalSite,"axis, cervical vertebra",MeSH,D001368,"Axis, Cervical Vertebra"
AnatomicalSite,back muscles,MeSH,D064131,Back Muscles
AnatomicalSite,bone and bones,MeSH,D001842,Bone and Bones
AnatomicalSite,bone-implant interface,MeSH,D000069343,Bone-Implant Interface
AnatomicalSite,bones of lower extremity,MeSH,D050281,Bones of Lower Extremity
AnatomicalSite,bones of upper extremity,MeSH,D001133,Bones of Upper Extremity
AnatomicalSite,broad ligament,MeSH,D001956,Broad Ligament
AnatomicalSite,"bursa, synovial",MeSH,D002061,"Bursa, Synovial"
AnatomicalSite,calcaneus,MeSH,D002111,Calcaneus
AnatomicalSite,capitate bone,MeSH,D051224,Capitate Bone
AnatomicalSite,carpal bones,MeSH,D002348,Carpal Bones
AnatomicalSite,carpal joints,MeSH,D050824,Carpal Joints
AnatomicalSite,carpometacarpal joints,MeSH,D052737,Carpometacarpal Joints
AnatomicalSite,cartilage,MeSH,D002356,Cartilage
AnatomicalSite,"cartilage, articular",MeSH,D002358,"Cartilage, Articular"
AnatomicalSite,cervical atlas,MeSH,D001270,Cervical Atlas
AnatomicalSite,cervical rib,MeSH,D057070,Cervical Rib
AnatomicalSite,cervical vertebrae,MeSH,D002574,Cervical Vertebrae
AnatomicalSite,clavicle,MeSH,D002968,Clavicle
AnatomicalSite,coccyx,MeSH,D003050,Coccyx
AnatomicalSite,"collateral ligament, ulnar",MeSH,D000070637,"Collateral Ligament, Ulnar"
AnatomicalSite,collateral ligaments,MeSH,D017885,Collateral Ligaments
AnatomicalSite,coracoid process,MeSH,D000070597,Coracoid Process
AnatomicalSite,costal cartilage,MeSH,D066186,Costal Cartilage
AnatomicalSite,cranial fontanelles,MeSH,D055762,Cranial Fontanelles
AnatomicalSite,cranial sutures,MeSH,D003393,Cranial Sutures
AnatomicalSite,cricoid cartilage,MeSH,D003413,Cricoid Cartilage
AnatomicalSite,deltoid muscle,MeSH,D057645,Deltoid Muscle
AnatomicalSite,dental arch,MeSH,D003724,Dental Arch
AnatomicalSite,diaphyses,MeSH,D018483,Diaphyses
AnatomicalSite,ear cartilage,MeSH,D004425,Ear Cartilage
AnatomicalSite,elastic cartilage,MeSH,D051472,Elastic Cartilage
AnatomicalSite,elbow joint,MeSH,D004551,Elbow Joint
AnatomicalSite,epidural space,MeSH,D004824,Epidural Space
AnatomicalSite,epiglottis,MeSH,D004825,Epiglottis
AnatomicalSite,epiphyses,MeSH,D004838,Epiphyses
AnatomicalSite,"esophageal sphincter, lower",MeSH,D049630,"Esophageal Sphincter, Lower"
AnatomicalSite,"esophageal sphincter, upper",MeSH,D049631,"Esophageal Sphincter, Upper"
AnatomicalSite,ethmoid bone,MeSH,D005004,Ethmoid Bone
AnatomicalSite,facial bones,MeSH,D005147,Facial Bones
AnatomicalSite,facial muscles,MeSH,D005152,Facial Muscles
AnatomicalSite,fascia,MeSH,D005205,Fascia
AnatomicalSite,fascia lata,MeSH,D005206,Fascia Lata
AnatomicalSite,femur,MeSH,D005269,Femur
AnatomicalSite,femur head,MeSH,D005270,Femur Head
AnatomicalSite,femur neck,MeSH,D005272,Femur Neck
AnatomicalSite,fibrocartilage,MeSH,D051445,Fibrocartilage
AnatomicalSite,fibula,MeSH,D005360,Fibula
AnatomicalSite,finger joint,MeSH,D005384,Finger Joint
AnatomicalSite,finger phalanges,MeSH,D050278,Finger Phalanges
AnatomicalSite,foot bones,MeSH,D005529,Foot Bones
AnatomicalSite,foot joints,MeSH,D033023,Foot Joints
AnatomicalSite,foramen magnum,MeSH,D005539,Foramen Magnum
AnatomicalSite,frontal bone,MeSH,D005624,Frontal Bone
AnatomicalSite,glenoid cavity,MeSH,D061165,Glenoid Cavity
AnatomicalSite,gracilis muscle,MeSH,D000071976,Gracilis Muscle
AnatomicalSite,growth plate,MeSH,D006132,Growth Plate
AnatomicalSite,hamate bone,MeSH,D051225,Hamate Bone
AnatomicalSite,hamstring muscles,MeSH,D000070633,Hamstring Muscles
AnatomicalSite,hamstring tendons,MeSH,D000070632,Hamstring Tendons
AnatomicalSite,hand bones,MeSH,D050276,Hand Bones
AnatomicalSite,hand joints,MeSH,D050823,Hand Joints
AnatomicalSite,hip joint,MeSH,D006621,Hip Joint
AnatomicalSite,humeral head,MeSH,D058430,Humeral Head
AnatomicalSite,humerus,MeSH,D006811,Humerus
AnatomicalSite,hyaline cartilage,MeSH,D051457,Hyaline Cartilage
AnatomicalSite,hyoid bone,MeSH,D006928,Hyoid Bone
AnatomicalSite,ilium,MeSH,D007085,Ilium
AnatomicalSite,intercostal muscles,MeSH,D007366,Intercostal Muscles
AnatomicalSite,intermediate back muscles,MeSH,D064169,Intermediate Back Muscles
AnatomicalSite,intervertebral disc,MeSH,D007403,Intervertebral Disc
AnatomicalSite,ischium,MeSH,D007512,Ischium
AnatomicalSite,jaw,MeSH,D007568,Jaw
AnatomicalSite,joint capsule,MeSH,D017746,Joint Capsule
AnatomicalSite,joints,MeSH,D007596,Joints
AnatomicalSite,knee joint,MeSH,D007719,Knee Joint
AnatomicalSite,laryngeal cartilages,MeSH,D007817,Laryngeal Cartilages
AnatomicalSite,laryngeal muscles,MeSH,D007821,Laryngeal Muscles
AnatomicalSite,"lateral ligament, ankle",MeSH,D017844,"Lateral Ligament, Ankle"
AnatomicalSite,leg bones,MeSH,D007867,Leg Bones
AnatomicalSite,ligaments,MeSH,D008022,Ligaments
AnatomicalSite,"ligaments, articular",MeSH,D008023,"Ligaments, Articular"
AnatomicalSite,ligamentum flavum,MeSH,D017843,Ligamentum Flavum
AnatomicalSite,longitudinal ligaments,MeSH,D017846,Longitudinal Ligaments
AnatomicalSite,lumbar vertebrae,MeSH,D008159,Lumbar Vertebrae
AnatomicalSite,lunate bone,MeSH,D012667,Lunate Bone
AnatomicalSite,mandible,MeSH,D008334,Mandible
AnatomicalSite,mandibular canal,MeSH,D000088263,Mandibular Canal
AnatomicalSite,mandibular condyle,MeSH,D008335,Mandibular Condyle
AnatomicalSite,manubrium,MeSH,D008371,Manubrium
AnatomicalSite,masseter muscle,MeSH,D008406,Masseter Muscle
AnatomicalSite,masticatory muscles,MeSH,D008410,Masticatory Muscles
AnatomicalSite,mastoid,MeSH,D008416,Mastoid
AnatomicalSite,maxilla,MeSH,D008437,Maxilla
AnatomicalSite,"medial collateral ligament, knee",MeSH,D017888,"Medial Collateral Ligament, Knee"
AnatomicalSite,"menisci, tibial",MeSH,D008592,"Menisci, Tibial"
AnatomicalSite,meniscus,MeSH,D000072600,Meniscus
AnatomicalSite,mental foramen,MeSH,D000080383,Mental Foramen
AnatomicalSite,metacarpal bones,MeSH,D050279,Metacarpal Bones
AnatomicalSite,metacarpophalangeal joint,MeSH,D008662,Metacarpophalangeal Joint
AnatomicalSite,metatarsal bones,MeSH,D008682,Metatarsal Bones
AnatomicalSite,metatarsophalangeal joint,MeSH,D008683,Metatarsophalangeal Joint
AnatomicalSite,"muscle, skeletal",MeSH,D018482,"Muscle, Skeletal"
AnatomicalSite,"muscle, smooth",MeSH,D009130,"Muscle, Smooth"
AnatomicalSite,"muscle, smooth, vascular",MeSH,D009131,"Muscle, Smooth, Vascular"
AnatomicalSite,muscles,MeSH,D009132,Muscles
AnatomicalSite,musculoskeletal system,MeSH,D009141,Musculoskeletal System
AnatomicalSite,myocardium,MeSH,D009206,Myocardium
AnatomicalSite,myometrium,MeSH,D009215,Myometrium
AnatomicalSite,myotendinous junction,MeSH,D000094364,Myotendinous Junction
AnatomicalSite,nasal bone,MeSH,D009295,Nasal Bone
AnatomicalSite,nasal cartilages,MeSH,D055171,Nasal Cartilages
AnatomicalSite,neck muscles,MeSH,D009334,Neck Muscles
AnatomicalSite,nucleus pulposus,MeSH,D000070614,Nucleus Pulposus
AnatomicalSite,occipital bone,MeSH,D009777,Occipital Bone
AnatomicalSite,oculomotor muscles,MeSH,D009801,Oculomotor Muscles
AnatomicalSite,odontoid process,MeSH,D009809,Odontoid Process
AnatomicalSite,olecranon process,MeSH,D056740,Olecranon Process
AnatomicalSite,orbit,MeSH,D009915,Orbit
AnatomicalSite,palatal muscles,MeSH,D010156,Palatal Muscles
AnatomicalSite,"palate, hard",MeSH,D021362,"Palate, Hard"
AnatomicalSite,palmar plate,MeSH,D053401,Palmar Plate
AnatomicalSite,papillary muscles,MeSH,D010210,Papillary Muscles
AnatomicalSite,paraspinal muscles,MeSH,D064170,Paraspinal Muscles
AnatomicalSite,parietal bone,MeSH,D010294,Parietal Bone
AnatomicalSite,patella,MeSH,D010329,Patella
AnatomicalSite,patellar ligament,MeSH,D017847,Patellar Ligament
AnatomicalSite,patellofemoral joint,MeSH,D057071,Patellofemoral Joint
AnatomicalSite,pectoralis muscles,MeSH,D010369,Pectoralis Muscles
AnatomicalSite,pelvic bones,MeSH,D010384,Pelvic Bones
AnatomicalSite,petrous bone,MeSH,D010579,Petrous Bone
AnatomicalSite,pharyngeal muscles,MeSH,D010609,Pharyngeal Muscles
AnatomicalSite,pisiform bone,MeSH,D051220,Pisiform Bone
AnatomicalSite,plantar plate,MeSH,D000069262,Plantar Plate
AnatomicalSite,posterior cruciate ligament,MeSH,D016119,Posterior Cruciate Ligament
AnatomicalSite,psoas muscles,MeSH,D016658,Psoas Muscles
AnatomicalSite,pterygoid muscles,MeSH,D011626,Pterygoid Muscles
AnatomicalSite,pterygopalatine fossa,MeSH,D056739,Pterygopalatine Fossa
AnatomicalSite,pubic bone,MeSH,D011630,Pubic Bone
AnatomicalSite,pubic symphysis,MeSH,D011631,Pubic Symphysis
AnatomicalSite,quadriceps muscle,MeSH,D052097,Quadriceps Muscle
AnatomicalSite,radius,MeSH,D011884,Radius
AnatomicalSite,rectus abdominis,MeSH,D017568,Rectus Abdominis
AnatomicalSite,respiratory muscles,MeSH,D012132,Respiratory Muscles
AnatomicalSite,rib cage,MeSH,D000070602,Rib Cage
AnatomicalSite,ribs,MeSH,D012272,Ribs
AnatomicalSite,rotator cuff,MeSH,D017006,Rotator Cuff
AnatomicalSite,round ligament of femur,MeSH,D000069593,Round Ligament of Femur
AnatomicalSite,round ligament of liver,MeSH,D000069592,Round Ligament of Liver
AnatomicalSite,round ligament of uterus,MeSH,D012404,Round Ligament of Uterus
AnatomicalSite,round ligaments,MeSH,D000069590,Round Ligaments
AnatomicalSite,sacroiliac joint,MeSH,D012446,Sacroiliac Joint
AnatomicalSite,sacrum,MeSH,D012447,Sacrum
AnatomicalSite,scaphoid bone,MeSH,D021361,Scaphoid Bone
AnatomicalSite,scapula,MeSH,D012540,Scapula
AnatomicalSite,sella turcica,MeSH,D012658,Sella Turcica
AnatomicalSite,sesamoid bones,MeSH,D012716,Sesamoid Bones
AnatomicalSite,shoulder joint,MeSH,D012785,Shoulder Joint
AnatomicalSite,skeleton,MeSH,D012863,Skeleton
AnatomicalSite,skull,MeSH,D012886,Skull
AnatomicalSite,sphenoid bone,MeSH,D013100,Sphenoid Bone
AnatomicalSite,spinal canal,MeSH,D013115,Spinal Canal
AnatomicalSite,spine,MeSH,D013131,Spine
AnatomicalSite,stapedius,MeSH,D013198,Stapedius
AnatomicalSite,sternoclavicular joint,MeSH,D013247,Sternoclavicular Joint
AnatomicalSite,sternocostal joints,MeSH,D013248,Sternocostal Joints
AnatomicalSite,sternum,MeSH,D013249,Sternum
AnatomicalSite,subtalar joint,MeSH,D013380,Subtalar Joint
AnatomicalSite,superficial back muscles,MeSH,D064171,Superficial Back Muscles
AnatomicalSite,synovial fluid,MeSH,D013582,Synovial Fluid
AnatomicalSite,synovial membrane,MeSH,D013583,Synovial Membrane
AnatomicalSite,talus,MeSH,D013628,Talus
AnatomicalSite,tarsal bones,MeSH,D013639,Tarsal Bones
AnatomicalSite,tarsal joints,MeSH,D013640,Tarsal Joints
AnatomicalSite,temporal bone,MeSH,D013701,Temporal Bone
AnatomicalSite,temporal muscle,MeSH,D013703,Temporal Muscle
AnatomicalSite,temporomandibular joint,MeSH,D013704,Temporomandibular Joint
AnatomicalSite,temporomandibular joint disc,MeSH,D019224,Temporomandibular Joint Disc
AnatomicalSite,tendons,MeSH,D013710,Tendons
AnatomicalSite,tenon capsule,MeSH,D058475,Tenon Capsule
AnatomicalSite,tensor tympani,MeSH,D013719,Tensor Tympani
AnatomicalSite,thoracic vertebrae,MeSH,D013904,Thoracic Vertebrae
AnatomicalSite,thyroid cartilage,MeSH,D013957,Thyroid Cartilage
AnatomicalSite,tibia,MeSH,D013977,Tibia
AnatomicalSite,tibiofemoral joint,MeSH,D000097547,Tibiofemoral Joint
AnatomicalSite,toe joint,MeSH,D014033,Toe Joint
AnatomicalSite,toe phalanges,MeSH,D050277,Toe Phalanges
AnatomicalSite,tooth socket,MeSH,D020390,Tooth Socket
AnatomicalSite,trapezium bone,MeSH,D051222,Trapezium Bone
AnatomicalSite,trapezoid bone,MeSH,D051223,Trapezoid Bone
AnatomicalSite,triangular fibrocartilage,MeSH,D051478,Triangular Fibrocartilage
AnatomicalSite,triquetrum bone,MeSH,D051221,Triquetrum Bone
AnatomicalSite,turbinates,MeSH,D014420,Turbinates
AnatomicalSite,ulna,MeSH,D014457,Ulna
AnatomicalSite,velopharyngeal sphincter,MeSH,D055158,Velopharyngeal Sphincter
AnatomicalSite,vertebral body,MeSH,D000083442,Vertebral Body
AnatomicalSite,vomer,MeSH,D055172,Vomer
AnatomicalSite,wrist joint,MeSH,D014955,Wrist Joint
AnatomicalSite,xiphoid bone,MeSH,D014989,Xiphoid Bone
AnatomicalSite,zygapophyseal joint,MeSH,D021801,Zygapophyseal Joint
AnatomicalSite,zygoma,MeSH,D015050,Zygoma
AnatomicalSite,ampulla of vater,MeSH,D014670,Ampulla of Vater
AnatomicalSite,anal canal,MeSH,D001003,Anal Canal
AnatomicalSite,appendix,MeSH,D001065,Appendix
AnatomicalSite,bile canaliculi,MeSH,D001648,Bile Canaliculi
AnatomicalSite,bile ducts,MeSH,D001652,Bile Ducts
AnatomicalSite,"bile ducts, extrahepatic",MeSH,D017734,"Bile Ducts, Extrahepatic"
AnatomicalSite,"bile ducts, intrahepatic",MeSH,D001653,"Bile Ducts, Intrahepatic"
AnatomicalSite,biliary tract,MeSH,D001659,Biliary Tract
AnatomicalSite,brunner glands,MeSH,D002011,Brunner Glands
AnatomicalSite,cardia,MeSH,D002299,Cardia
AnatomicalSite,cecum,MeSH,D002432,Cecum
AnatomicalSite,"chief cells, gastric",MeSH,D019872,"Chief Cells, Gastric"
AnatomicalSite,colon,MeSH,D003106,Colon
AnatomicalSite,"colon, ascending",MeSH,D044682,"Colon, Ascending"
AnatomicalSite,"colon, descending",MeSH,D044683,"Colon, Descending"
AnatomicalSite,"colon, sigmoid",MeSH,D012809,"Colon, Sigmoid"
AnatomicalSite,"colon, transverse",MeSH,D044684,"Colon, Transverse"
AnatomicalSite,common bile duct,MeSH,D003135,Common Bile Duct
AnatomicalSite,cystic duct,MeSH,D003549,Cystic Duct
AnatomicalSite,dentition,MeSH,D003817,Dentition
AnatomicalSite,digestive system,MeSH,D004064,Digestive System
AnatomicalSite,duodenum,MeSH,D004386,Duodenum
AnatomicalSite,enterochromaffin cells,MeSH,D004759,Enterochromaffin Cells
AnatomicalSite,enterocytes,MeSH,D020895,Enterocytes
AnatomicalSite,esophageal mucosa,MeSH,D000071041,Esophageal Mucosa
AnatomicalSite,esophagogastric junction,MeSH,D004943,Esophagogastric Junction
AnatomicalSite,esophagus,MeSH,D004947,Esophagus
AnatomicalSite,gallbladder,MeSH,D005704,Gallbladder
AnatomicalSite,gastric fundus,MeSH,D005748,Gastric Fundus
AnatomicalSite,gastric mucosa,MeSH,D005753,Gastric Mucosa
AnatomicalSite,gastric stump,MeSH,D018530,Gastric Stump
AnatomicalSite,gastrin-secreting cells,MeSH,D019863,Gastrin-Secreting Cells
AnatomicalSite,gastrointestinal tract,MeSH,D041981,Gastrointestinal Tract
AnatomicalSite,glucagon-secreting cells,MeSH,D050416,Glucagon-Secreting Cells
AnatomicalSite,goblet cells,MeSH,D020397,Goblet Cells
AnatomicalSite,"hepatic duct, common",MeSH,D006500,"Hepatic Duct, Common"
AnatomicalSite,ileocecal valve,MeSH,D007080,Ileocecal Valve
AnatomicalSite,ileum,MeSH,D007082,Ileum
AnatomicalSite,insulin-secreting cells,MeSH,D050417,Insulin-Secreting Cells
AnatomicalSite,intestinal mucosa,MeSH,D007413,Intestinal Mucosa
AnatomicalSite,"intestine, large",MeSH,D007420,"Intestine, Large"
AnatomicalSite,"intestine, small",MeSH,D007421,"Intestine, Small"
AnatomicalSite,intestines,MeSH,D007422,Intestines
AnatomicalSite,islets of langerhans,MeSH,D007515,Islets of Langerhans
AnatomicalSite,jejunum,MeSH,D007583,Jejunum
AnatomicalSite,lingual frenum,MeSH,D008035,Lingual Frenum
AnatomicalSite,liver,MeSH,D008099,Liver
AnatomicalSite,lower gastrointestinal tract,MeSH,D041741,Lower Gastrointestinal Tract
AnatomicalSite,meckel diverticulum,MeSH,D008467,Meckel Diverticulum
AnatomicalSite,pancreas,MeSH,D010179,Pancreas
AnatomicalSite,"pancreas, exocrine",MeSH,D046790,"Pancreas, Exocrine"
AnatomicalSite,pancreatic ducts,MeSH,D010183,Pancreatic Ducts
AnatomicalSite,pancreatic polypeptide-secreting cells,MeSH,D050418,Pancreatic Polypeptide-Secreting Cells
AnatomicalSite,paneth cells,MeSH,D019879,Paneth Cells
AnatomicalSite,"parietal cells, gastric",MeSH,D010295,"Parietal Cells, Gastric"
AnatomicalSite,parotid gland,MeSH,D010306,Parotid Gland
AnatomicalSite,pharynx,MeSH,D010614,Pharynx
AnatomicalSite,pyloric antrum,MeSH,D011706,Pyloric Antrum
AnatomicalSite,pylorus,MeSH,D011708,Pylorus
AnatomicalSite,rectum,MeSH,D012007,Rectum
AnatomicalSite,salivary ducts,MeSH,D018987,Salivary Ducts
AnatomicalSite,salivary glands,MeSH,D012469,Salivary Glands
AnatomicalSite,"salivary glands, minor",MeSH,D012470,"Salivary Glands, Minor"
AnatomicalSite,somatostatin-secreting cells,MeSH,D019864,Somatostatin-Secreting Cells
AnatomicalSite,sphincter of oddi,MeSH,D009803,Sphincter of Oddi
AnatomicalSite,stomach,MeSH,D013270,Stomach
AnatomicalSite,sublingual gland,MeSH,D013361,Sublingual Gland
AnatomicalSite,submandibular gland,MeSH,D013363,Submandibular Gland
AnatomicalSite,taste buds,MeSH,D013650,Taste Buds
AnatomicalSite,tongue,MeSH,D014059,Tongue
AnatomicalSite,upper gastrointestinal tract,MeSH,D041742,Upper Gastrointestinal Tract
AnatomicalSite,von ebner glands,MeSH,D054838,von Ebner Glands
AnatomicalSite,adenoids,MeSH,D000234,Adenoids
AnatomicalSite,alveolar epithelial cells,MeSH,D056809,Alveolar Epithelial Cells
AnatomicalSite,blood-air barrier,MeSH,D015824,Blood-Air Barrier
AnatomicalSite,bronchi,MeSH,D001980,Bronchi
AnatomicalSite,bronchioles,MeSH,D055745,Bronchioles
AnatomicalSite,ethmoid sinus,MeSH,D005005,Ethmoid Sinus
AnatomicalSite,frontal sinus,MeSH,D005626,Frontal Sinus
AnatomicalSite,glottis,MeSH,D005931,Glottis
AnatomicalSite,hypopharynx,MeSH,D007013,Hypopharynx
AnatomicalSite,laryngeal mucosa,MeSH,D007820,Laryngeal Mucosa
AnatomicalSite,larynx,MeSH,D007830,Larynx
AnatomicalSite,lung,MeSH,D008168,Lung
AnatomicalSite,maxillary sinus,MeSH,D008443,Maxillary Sinus
AnatomicalSite,nasal cavity,MeSH,D009296,Nasal Cavity
AnatomicalSite,nasal mucosa,MeSH,D009297,Nasal Mucosa
AnatomicalSite,nasal septum,MeSH,D009300,Nasal Septum
AnatomicalSite,nasopharynx,MeSH,D009305,Nasopharynx
AnatomicalSite,olfactory mucosa,MeSH,D009831,Olfactory Mucosa
AnatomicalSite,olfactory receptor neurons,MeSH,D018034,Olfactory Receptor Neurons
AnatomicalSite,oropharynx,MeSH,D009960,Oropharynx
AnatomicalSite,palatine tonsil,MeSH,D014066,Palatine Tonsil
AnatomicalSite,paranasal sinuses,MeSH,D010256,Paranasal Sinuses
AnatomicalSite,pleura,MeSH,D010994,Pleura
AnatomicalSite,pulmonary alveoli,MeSH,D011650,Pulmonary Alveoli
AnatomicalSite,pyriform sinus,MeSH,D056144,Pyriform Sinus
AnatomicalSite,respiratory mucosa,MeSH,D020545,Respiratory Mucosa
AnatomicalSite,respiratory system,MeSH,D012137,Respiratory System
AnatomicalSite,sphenoid sinus,MeSH,D013101,Sphenoid Sinus
AnatomicalSite,trachea,MeSH,D014132,Trachea
AnatomicalSite,vocal cords,MeSH,D014827,Vocal Cords
AnatomicalSite,acrosome,MeSH,D000177,Acrosome
AnatomicalSite,adnexa uteri,MeSH,D000290,Adnexa Uteri
AnatomicalSite,bartholin's glands,MeSH,D001472,Bartholin's Glands
AnatomicalSite,blood-testis barrier,MeSH,D001814,Blood-Testis Barrier
AnatomicalSite,bowman capsule,MeSH,D050476,Bowman Capsule
AnatomicalSite,bulbourethral glands,MeSH,D002030,Bulbourethral Glands
AnatomicalSite,cervix uteri,MeSH,D002584,Cervix Uteri
AnatomicalSite,clitoris,MeSH,D002987,Clitoris
AnatomicalSite,corpus luteum,MeSH,D003338,Corpus Luteum
AnatomicalSite,cumulus cells,MeSH,D054885,Cumulus Cells
AnatomicalSite,decidua,MeSH,D003656,Decidua
AnatomicalSite,deciduoma,MeSH,D033301,Deciduoma
AnatomicalSite,ejaculatory ducts,MeSH,D004543,Ejaculatory Ducts
AnatomicalSite,endometrium,MeSH,D004717,Endometrium
AnatomicalSite,epididymis,MeSH,D004822,Epididymis
AnatomicalSite,fallopian tubes,MeSH,D005187,Fallopian Tubes
AnatomicalSite,follicular fluid,MeSH,D015571,Follicular Fluid
AnatomicalSite,foreskin,MeSH,D052816,Foreskin
AnatomicalSite,genitalia,MeSH,D005835,Genitalia
AnatomicalSite,"genitalia, female",MeSH,D005836,"Genitalia, Female"
AnatomicalSite,"genitalia, male",MeSH,D005837,"Genitalia, Male"
AnatomicalSite,germ cells,MeSH,D005854,Germ Cells
AnatomicalSite,glomerular basement membrane,MeSH,D050533,Glomerular Basement Membrane
AnatomicalSite,glomerular filtration barrier,MeSH,D060730,Glomerular Filtration Barrier
AnatomicalSite,glomerular mesangium,MeSH,D005920,Glomerular Mesangium
AnatomicalSite,gonads,MeSH,D006066,Gonads
AnatomicalSite,granulosa cells,MeSH,D006107,Granulosa Cells
AnatomicalSite,hymen,MeSH,D006924,Hymen
AnatomicalSite,juxtaglomerular apparatus,MeSH,D007606,Juxtaglomerular Apparatus
AnatomicalSite,kidney,MeSH,D007668,Kidney
AnatomicalSite,kidney calices,MeSH,D007670,Kidney Calices
AnatomicalSite,kidney cortex,MeSH,D007672,Kidney Cortex
AnatomicalSite,kidney glomerulus,MeSH,D007678,Kidney Glomerulus
AnatomicalSite,kidney medulla,MeSH,D007679,Kidney Medulla
AnatomicalSite,kidney pelvis,MeSH,D007682,Kidney Pelvis
AnatomicalSite,kidney tubules,MeSH,D007684,Kidney Tubules
AnatomicalSite,"kidney tubules, collecting",MeSH,D007685,"Kidney Tubules, Collecting"
AnatomicalSite,"kidney tubules, distal",MeSH,D007686,"Kidney Tubules, Distal"
AnatomicalSite,"kidney tubules, proximal",MeSH,D007687,"Kidney Tubules, Proximal"
AnatomicalSite,leydig cells,MeSH,D007985,Leydig Cells
AnatomicalSite,loop of henle,MeSH,D008138,Loop of Henle
AnatomicalSite,luteal cells,MeSH,D008184,Luteal Cells
AnatomicalSite,mesangial cells,MeSH,D050527,Mesangial Cells
AnatomicalSite,nephrons,MeSH,D009399,Nephrons
AnatomicalSite,oocytes,MeSH,D009865,Oocytes
AnatomicalSite,oogonia,MeSH,D009867,Oogonia
AnatomicalSite,ovarian follicle,MeSH,D006080,Ovarian Follicle
AnatomicalSite,ovary,MeSH,D010053,Ovary
AnatomicalSite,ovum,MeSH,D010063,Ovum
AnatomicalSite,penis,MeSH,D010413,Penis
AnatomicalSite,podocytes,MeSH,D050199,Podocytes
AnatomicalSite,polar bodies,MeSH,D059705,Polar Bodies
AnatomicalSite,prostate,MeSH,D011467,Prostate
AnatomicalSite,rete testis,MeSH,D012152,Rete Testis
AnatomicalSite,scrotum,MeSH,D012611,Scrotum
AnatomicalSite,seminal vesicles,MeSH,D012669,Seminal Vesicles
AnatomicalSite,seminiferous epithelium,MeSH,D012670,Seminiferous Epithelium
AnatomicalSite,seminiferous tubules,MeSH,D012671,Seminiferous Tubules
AnatomicalSite,sertoli cells,MeSH,D012708,Sertoli Cells
AnatomicalSite,sperm head,MeSH,D013077,Sperm Head
AnatomicalSite,sperm midpiece,MeSH,D032961,Sperm Midpiece
AnatomicalSite,sperm tail,MeSH,D013082,Sperm Tail
AnatomicalSite,spermatic cord,MeSH,D013085,Spermatic Cord
AnatomicalSite,spermatids,MeSH,D013087,Spermatids
AnatomicalSite,spermatocytes,MeSH,D013090,Spermatocytes
AnatomicalSite,spermatogonia,MeSH,D013093,Spermatogonia
AnatomicalSite,spermatozoa,MeSH,D013094,Spermatozoa
AnatomicalSite,testis,MeSH,D013737,Testis
AnatomicalSite,theca cells,MeSH,D013799,Theca Cells
AnatomicalSite,ureter,MeSH,D014513,Ureter
AnatomicalSite,urethra,MeSH,D014521,Urethra
AnatomicalSite,urinary bladder,MeSH,D001743,Urinary Bladder
AnatomicalSite,urinary tract,MeSH,D014551,Urinary Tract
AnatomicalSite,urogenital system,MeSH,D014566,Urogenital System
AnatomicalSite,uterus,MeSH,D014599,Uterus
AnatomicalSite,vagina,MeSH,D014621,Vagina
AnatomicalSite,vas deferens,MeSH,D014649,Vas Deferens
AnatomicalSite,vulva,MeSH,D014844,Vulva
AnatomicalSite,zona pellucida,MeSH,D015044,Zona Pellucida
AnatomicalSite,zygote,MeSH,D015053,Zygote
AnatomicalSite,adrenal cortex,MeSH,D000302,Adrenal Cortex
AnatomicalSite,adrenal glands,MeSH,D000311,Adrenal Glands
AnatomicalSite,adrenal medulla,MeSH,D000313,Adrenal Medulla
AnatomicalSite,area postrema,MeSH,D031608,Area Postrema
AnatomicalSite,chromaffin cells,MeSH,D019439,Chromaffin Cells
AnatomicalSite,chromaffin granules,MeSH,D002837,Chromaffin Granules
AnatomicalSite,chromaffin system,MeSH,D002838,Chromaffin System
AnatomicalSite,circumventricular organs,MeSH,D066280,Circumventricular Organs
AnatomicalSite,corticotrophs,MeSH,D052680,Corticotrophs
AnatomicalSite,endocrine glands,MeSH,D004702,Endocrine Glands
AnatomicalSite,endocrine system,MeSH,D004703,Endocrine System
AnatomicalSite,enterochromaffin-like cells,MeSH,D019861,Enterochromaffin-like Cells
AnatomicalSite,enteroendocrine cells,MeSH,D019858,Enteroendocrine Cells
AnatomicalSite,glomus tympanicum,MeSH,D043485,Glomus Tympanicum
AnatomicalSite,gonadotrophs,MeSH,D052681,Gonadotrophs
AnatomicalSite,hypothalamic-pituitary-gonadal axis,MeSH,D000094365,Hypothalamic-Pituitary-Gonadal Axis
AnatomicalSite,hypothalamo-hypophyseal system,MeSH,D007030,Hypothalamo-Hypophyseal System
AnatomicalSite,lactotrophs,MeSH,D052682,Lactotrophs
AnatomicalSite,median eminence,MeSH,D008473,Median Eminence
AnatomicalSite,melanotrophs,MeSH,D052717,Melanotrophs
AnatomicalSite,neurosecretory systems,MeSH,D009490,Neurosecretory Systems
AnatomicalSite,para-aortic bodies,MeSH,D010220,Para-Aortic Bodies
AnatomicalSite,"paraganglia, chromaffin",MeSH,D010233,"Paraganglia, Chromaffin"
AnatomicalSite,parathyroid glands,MeSH,D010280,Parathyroid Glands
AnatomicalSite,pineal gland,MeSH,D010870,Pineal Gland
AnatomicalSite,pituitary gland,MeSH,D010902,Pituitary Gland
AnatomicalSite,"pituitary gland, anterior",MeSH,D010903,"Pituitary Gland, Anterior"
AnatomicalSite,"pituitary gland, intermediate",MeSH,D052716,"Pituitary Gland, Intermediate"
AnatomicalSite,"pituitary gland, posterior",MeSH,D010904,"Pituitary Gland, Posterior"
AnatomicalSite,pituitary-adrenal system,MeSH,D010913,Pituitary-Adrenal System
AnatomicalSite,somatotrophs,MeSH,D052683,Somatotrophs
AnatomicalSite,subcommissural organ,MeSH,D013351,Subcommissural Organ
AnatomicalSite,subfornical organ,MeSH,D013356,Subfornical Organ
AnatomicalSite,sympathoadrenal system,MeSH,D000084602,Sympathoadrenal System
AnatomicalSite,thyroid gland,MeSH,D013961,Thyroid Gland
AnatomicalSite,thyrotrophs,MeSH,D052684,Thyrotrophs
AnatomicalSite,zona fasciculata,MeSH,D015383,Zona Fasciculata
AnatomicalSite,zona glomerulosa,MeSH,D015384,Zona Glomerulosa
AnatomicalSite,zona reticularis,MeSH,D015385,Zona Reticularis
AnatomicalSite,adventitia,MeSH,D063194,Adventitia
AnatomicalSite,anterior cerebral artery,MeSH,D020771,Anterior Cerebral Artery
AnatomicalSite,aorta,MeSH,D001011,Aorta
AnatomicalSite,"aorta, abdominal",MeSH,D001012,"Aorta, Abdominal"
AnatomicalSite,"aorta, thoracic",MeSH,D001013,"Aorta, Thoracic"
AnatomicalSite,aortic valve,MeSH,D001021,Aortic Valve
AnatomicalSite,arteries,MeSH,D001158,Arteries
AnatomicalSite,arterioles,MeSH,D001160,Arterioles
AnatomicalSite,arteriovenous anastomosis,MeSH,D001163,Arteriovenous Anastomosis
AnatomicalSite,atrial appendage,MeSH,D020517,Atrial Appendage
AnatomicalSite,atrial septum,MeSH,D054087,Atrial Septum
AnatomicalSite,atrioventricular node,MeSH,D001283,Atrioventricular Node
AnatomicalSite,axillary artery,MeSH,D001366,Axillary Artery
AnatomicalSite,axillary vein,MeSH,D001367,Axillary Vein
AnatomicalSite,azygos vein,MeSH,D001401,Azygos Vein
AnatomicalSite,basilar artery,MeSH,D001488,Basilar Artery
AnatomicalSite,blood vessels,MeSH,D001808,Blood Vessels
AnatomicalSite,blood-aqueous barrier,MeSH,D018916,Blood-Aqueous Barrier
AnatomicalSite,blood-brain barrier,MeSH,D001812,Blood-Brain Barrier
AnatomicalSite,blood-nerve barrier,MeSH,D049428,Blood-Nerve Barrier
AnatomicalSite,blood-retinal barrier,MeSH,D001813,Blood-Retinal Barrier
AnatomicalSite,blood-spinal cord barrier,MeSH,D000099130,Blood-Spinal Cord Barrier
AnatomicalSite,brachial artery,MeSH,D001916,Brachial Artery
AnatomicalSite,brachiocephalic trunk,MeSH,D016122,Brachiocephalic Trunk
AnatomicalSite,brachiocephalic veins,MeSH,D016121,Brachiocephalic Veins
AnatomicalSite,bronchial arteries,MeSH,D001981,Bronchial Arteries
AnatomicalSite,bundle of his,MeSH,D002036,Bundle of His
AnatomicalSite,capillaries,MeSH,D002196,Capillaries
AnatomicalSite,cardiovascular system,MeSH,D002319,Cardiovascular System
AnatomicalSite,carotid arteries,MeSH,D002339,Carotid Arteries
AnatomicalSite,"carotid artery, common",MeSH,D017536,"Carotid Artery, Common"
AnatomicalSite,"carotid artery, external",MeSH,D002342,"Carotid Artery, External"
AnatomicalSite,"carotid artery, internal",MeSH,D002343,"Carotid Artery, Internal"
AnatomicalSite,carotid sinus,MeSH,D002346,Carotid Sinus
AnatomicalSite,cavernous sinus,MeSH,D002426,Cavernous Sinus
AnatomicalSite,celiac artery,MeSH,D002445,Celiac Artery
AnatomicalSite,cerebral arteries,MeSH,D002536,Cerebral Arteries
AnatomicalSite,cerebral veins,MeSH,D002550,Cerebral Veins
AnatomicalSite,chordae tendineae,MeSH,D002815,Chordae Tendineae
AnatomicalSite,ciliary arteries,MeSH,D019842,Ciliary Arteries
AnatomicalSite,circle of willis,MeSH,D002941,Circle of Willis
AnatomicalSite,coronary sinus,MeSH,D054326,Coronary Sinus
AnatomicalSite,coronary vessels,MeSH,D003331,Coronary Vessels
AnatomicalSite,cranial sinuses,MeSH,D003392,Cranial Sinuses
AnatomicalSite,ductus arteriosus,MeSH,D004373,Ductus Arteriosus
AnatomicalSite,endocardial cushions,MeSH,D054089,Endocardial Cushions
AnatomicalSite,endocardium,MeSH,D004699,Endocardium
AnatomicalSite,"endothelium, vascular",MeSH,D004730,"Endothelium, Vascular"
AnatomicalSite,epigastric arteries,MeSH,D019074,Epigastric Arteries
AnatomicalSite,femoral artery,MeSH,D005263,Femoral Artery
AnatomicalSite,femoral vein,MeSH,D005268,Femoral Vein
AnatomicalSite,fetal heart,MeSH,D005318,Fetal Heart
AnatomicalSite,foramen ovale,MeSH,D054085,Foramen Ovale
AnatomicalSite,gastric artery,MeSH,D000077426,Gastric Artery
AnatomicalSite,gastroepiploic artery,MeSH,D024405,Gastroepiploic Artery
AnatomicalSite,glymphatic system,MeSH,D000077502,Glymphatic System
AnatomicalSite,heart,MeSH,D006321,Heart
AnatomicalSite,heart atria,MeSH,D006325,Heart Atria
AnatomicalSite,heart conduction system,MeSH,D006329,Heart Conduction System
AnatomicalSite,heart septum,MeSH,D006346,Heart Septum
AnatomicalSite,heart valves,MeSH,D006351,Heart Valves
AnatomicalSite,heart ventricles,MeSH,D006352,Heart Ventricles
AnatomicalSite,hepatic artery,MeSH,D006499,Hepatic Artery
AnatomicalSite,hepatic veins,MeSH,D006503,Hepatic Veins
AnatomicalSite,iliac artery,MeSH,D007083,Iliac Artery
AnatomicalSite,iliac vein,MeSH,D007084,Iliac Vein
AnatomicalSite,jugular veins,MeSH,D007601,Jugular Veins
AnatomicalSite,mammary arteries,MeSH,D008323,Mammary Arteries
AnatomicalSite,maxillary artery,MeSH,D008438,Maxillary Artery
AnatomicalSite,meningeal arteries,MeSH,D008576,Meningeal Arteries
AnatomicalSite,mesenteric arteries,MeSH,D008638,Mesenteric Arteries
AnatomicalSite,"mesenteric artery, inferior",MeSH,D017537,"Mesenteric Artery, Inferior"
AnatomicalSite,"mesenteric artery, superior",MeSH,D017538,"Mesenteric Artery, Superior"
AnatomicalSite,mesenteric veins,MeSH,D008642,Mesenteric Veins
AnatomicalSite,microvessels,MeSH,D055806,Microvessels
AnatomicalSite,middle cerebral artery,MeSH,D020768,Middle Cerebral Artery
AnatomicalSite,mitral valve,MeSH,D008943,Mitral Valve
AnatomicalSite,"myoblasts, cardiac",MeSH,D032386,"Myoblasts, Cardiac"
AnatomicalSite,"myocytes, cardiac",MeSH,D032383,"Myocytes, Cardiac"
AnatomicalSite,ophthalmic artery,MeSH,D009880,Ophthalmic Artery
AnatomicalSite,pericardial fluid,MeSH,D000069236,Pericardial Fluid
AnatomicalSite,pericardium,MeSH,D010496,Pericardium
AnatomicalSite,pericytes,MeSH,D020286,Pericytes
AnatomicalSite,popliteal artery,MeSH,D011150,Popliteal Artery
AnatomicalSite,popliteal vein,MeSH,D011152,Popliteal Vein
AnatomicalSite,portal system,MeSH,D011168,Portal System
AnatomicalSite,portal vein,MeSH,D011169,Portal Vein
AnatomicalSite,posterior cerebral artery,MeSH,D020769,Posterior Cerebral Artery
AnatomicalSite,pulmonary artery,MeSH,D011651,Pulmonary Artery
AnatomicalSite,pulmonary valve,MeSH,D011664,Pulmonary Valve
AnatomicalSite,pulmonary veins,MeSH,D011667,Pulmonary Veins
AnatomicalSite,purkinje fibers,MeSH,D011690,Purkinje Fibers
AnatomicalSite,radial artery,MeSH,D017534,Radial Artery
AnatomicalSite,recipient vessels,MeSH,D000099134,Recipient Vessels
AnatomicalSite,renal artery,MeSH,D012077,Renal Artery
AnatomicalSite,renal veins,MeSH,D012082,Renal Veins
AnatomicalSite,retinal artery,MeSH,D012161,Retinal Artery
AnatomicalSite,retinal vein,MeSH,D012169,Retinal Vein
AnatomicalSite,retinal vessels,MeSH,D012171,Retinal Vessels
AnatomicalSite,saphenous vein,MeSH,D012501,Saphenous Vein
AnatomicalSite,sinoatrial node,MeSH,D012849,Sinoatrial Node
AnatomicalSite,sinus of valsalva,MeSH,D012850,Sinus of Valsalva
AnatomicalSite,splenic artery,MeSH,D013157,Splenic Artery
AnatomicalSite,splenic vein,MeSH,D013162,Splenic Vein
AnatomicalSite,subclavian artery,MeSH,D013348,Subclavian Artery
AnatomicalSite,subclavian vein,MeSH,D013350,Subclavian Vein
AnatomicalSite,superior sagittal sinus,MeSH,D054063,Superior Sagittal Sinus
AnatomicalSite,temporal arteries,MeSH,D013699,Temporal Arteries
AnatomicalSite,thoracic arteries,MeSH,D013895,Thoracic Arteries
AnatomicalSite,tibial arteries,MeSH,D016909,Tibial Arteries
AnatomicalSite,transverse sinuses,MeSH,D054064,Transverse Sinuses
AnatomicalSite,tricuspid valve,MeSH,D014261,Tricuspid Valve
AnatomicalSite,truncus arteriosus,MeSH,D014338,Truncus Arteriosus
AnatomicalSite,tunica intima,MeSH,D017539,Tunica Intima
AnatomicalSite,tunica media,MeSH,D017540,Tunica Media
AnatomicalSite,ulnar artery,MeSH,D017535,Ulnar Artery
AnatomicalSite,umbilical arteries,MeSH,D014469,Umbilical Arteries
AnatomicalSite,umbilical veins,MeSH,D014471,Umbilical Veins
AnatomicalSite,uterine artery,MeSH,D055988,Uterine Artery
AnatomicalSite,vasa nervorum,MeSH,D014650,Vasa Nervorum
AnatomicalSite,vasa vasorum,MeSH,D014651,Vasa Vasorum
AnatomicalSite,veins,MeSH,D014680,Veins
AnatomicalSite,"vena cava, inferior",MeSH,D014682,"Vena Cava, Inferior"
AnatomicalSite,"vena cava, superior",MeSH,D014683,"Vena Cava, Superior"
AnatomicalSite,venae cavae,MeSH,D014684,Venae Cavae
AnatomicalSite,venous valves,MeSH,D055422,Venous Valves
AnatomicalSite,ventricular septum,MeSH,D054088,Ventricular Septum
AnatomicalSite,venules,MeSH,D014699,Venules
AnatomicalSite,vertebral artery,MeSH,D014711,Vertebral Artery
AnatomicalSite,abducens nerve,MeSH,D000010,Abducens Nerve
AnatomicalSite,abducens nucleus,MeSH,D065827,Abducens Nucleus
AnatomicalSite,accessory nerve,MeSH,D000055,Accessory Nerve
AnatomicalSite,adrenergic fibers,MeSH,D000320,Adrenergic Fibers
AnatomicalSite,adrenergic neurons,MeSH,D059331,Adrenergic Neurons
AnatomicalSite,afferent pathways,MeSH,D000344,Afferent Pathways
AnatomicalSite,amacrine cells,MeSH,D025042,Amacrine Cells
AnatomicalSite,amygdala,MeSH,D000679,Amygdala
AnatomicalSite,"anterior commissure, brain",MeSH,D066240,"Anterior Commissure, Brain"
AnatomicalSite,anterior horn cells,MeSH,D000870,Anterior Horn Cells
AnatomicalSite,anterior hypothalamic nucleus,MeSH,D007025,Anterior Hypothalamic Nucleus
AnatomicalSite,anterior thalamic nuclei,MeSH,D020643,Anterior Thalamic Nuclei
AnatomicalSite,aortic bodies,MeSH,D001016,Aortic Bodies
AnatomicalSite,arachnoid,MeSH,D001099,Arachnoid
AnatomicalSite,arcuate nucleus of hypothalamus,MeSH,D001111,Arcuate Nucleus of Hypothalamus
AnatomicalSite,astrocytes,MeSH,D001253,Astrocytes
AnatomicalSite,auditory cortex,MeSH,D001303,Auditory Cortex
AnatomicalSite,auditory pathways,MeSH,D001306,Auditory Pathways
AnatomicalSite,"autonomic fibers, postganglionic",MeSH,D001338,"Autonomic Fibers, Postganglionic"
AnatomicalSite,"autonomic fibers, preganglionic",MeSH,D001339,"Autonomic Fibers, Preganglionic"
AnatomicalSite,autonomic nervous system,MeSH,D001341,Autonomic Nervous System
AnatomicalSite,autonomic pathways,MeSH,D017776,Autonomic Pathways
AnatomicalSite,axon initial segment,MeSH,D000071040,Axon Initial Segment
AnatomicalSite,axons,MeSH,D001369,Axons
AnatomicalSite,barrington's nucleus,MeSH,D065835,Barrington's Nucleus
AnatomicalSite,basal forebrain,MeSH,D066187,Basal Forebrain
AnatomicalSite,basal ganglia,MeSH,D001479,Basal Ganglia
AnatomicalSite,basal nucleus of meynert,MeSH,D020532,Basal Nucleus of Meynert
AnatomicalSite,basolateral nuclear complex,MeSH,D066272,Basolateral Nuclear Complex
AnatomicalSite,brachial plexus,MeSH,D001917,Brachial Plexus
AnatomicalSite,brain,MeSH,D001921,Brain
AnatomicalSite,brain stem,MeSH,D001933,Brain Stem
AnatomicalSite,broca area,MeSH,D065711,Broca Area
AnatomicalSite,"ca1 region, hippocampal",MeSH,D056547,"CA1 Region, Hippocampal"
AnatomicalSite,"ca2 region, hippocampal",MeSH,D056651,"CA2 Region, Hippocampal"
AnatomicalSite,"ca3 region, hippocampal",MeSH,D056654,"CA3 Region, Hippocampal"
AnatomicalSite,carotid body,MeSH,D002344,Carotid Body
AnatomicalSite,cauda equina,MeSH,D002420,Cauda Equina
AnatomicalSite,caudate nucleus,MeSH,D002421,Caudate Nucleus
AnatomicalSite,celiac plexus,MeSH,D002447,Celiac Plexus
AnatomicalSite,central amygdaloid nucleus,MeSH,D066274,Central Amygdaloid Nucleus
AnatomicalSite,central nervous system,MeSH,D002490,Central Nervous System
AnatomicalSite,central pattern generators,MeSH,D063226,Central Pattern Generators
AnatomicalSite,cerebellar cortex,MeSH,D002525,Cerebellar Cortex
AnatomicalSite,cerebellar golgi cells,MeSH,D000080906,Cerebellar Golgi Cells
AnatomicalSite,cerebellar nuclei,MeSH,D002529,Cerebellar Nuclei
AnatomicalSite,cerebellar vermis,MeSH,D065814,Cerebellar Vermis
AnatomicalSite,cerebellopontine angle,MeSH,D002530,Cerebellopontine Angle
AnatomicalSite,cerebellum,MeSH,D002531,Cerebellum
AnatomicalSite,cerebral aqueduct,MeSH,D002535,Cerebral Aqueduct
AnatomicalSite,cerebral cortex,MeSH,D002540,Cerebral Cortex
AnatomicalSite,cerebral crus,MeSH,D065843,Cerebral Crus
AnatomicalSite,cerebral peduncle,MeSH,D065850,Cerebral Peduncle
AnatomicalSite,cerebral ventricles,MeSH,D002552,Cerebral Ventricles
AnatomicalSite,cerebrum,MeSH,D054022,Cerebrum
AnatomicalSite,cervical cord,MeSH,D066193,Cervical Cord
AnatomicalSite,cervical plexus,MeSH,D002572,Cervical Plexus
AnatomicalSite,chemoreceptor cells,MeSH,D002628,Chemoreceptor Cells
AnatomicalSite,cholinergic fibers,MeSH,D002799,Cholinergic Fibers
AnatomicalSite,cholinergic neurons,MeSH,D059329,Cholinergic Neurons
AnatomicalSite,chorda tympani nerve,MeSH,D002814,Chorda Tympani Nerve
AnatomicalSite,choroid plexus,MeSH,D002831,Choroid Plexus
AnatomicalSite,cisterna magna,MeSH,D002946,Cisterna Magna
AnatomicalSite,claustrum,MeSH,D000079482,Claustrum
AnatomicalSite,cochlear nerve,MeSH,D003056,Cochlear Nerve
AnatomicalSite,cochlear nucleus,MeSH,D017626,Cochlear Nucleus
AnatomicalSite,commissural interneurons,MeSH,D066294,Commissural Interneurons
AnatomicalSite,corpora allata,MeSH,D003335,Corpora Allata
AnatomicalSite,corpus callosum,MeSH,D003337,Corpus Callosum
AnatomicalSite,corpus striatum,MeSH,D003342,Corpus Striatum
AnatomicalSite,corticomedial nuclear complex,MeSH,D066276,Corticomedial Nuclear Complex
AnatomicalSite,cranial nerves,MeSH,D003391,Cranial Nerves
AnatomicalSite,default mode network,MeSH,D000082702,Default Mode Network
AnatomicalSite,dendrites,MeSH,D003712,Dendrites
AnatomicalSite,dendritic spines,MeSH,D049229,Dendritic Spines
AnatomicalSite,dentate gyrus,MeSH,D018891,Dentate Gyrus
AnatomicalSite,diagonal band of broca,MeSH,D020667,Diagonal Band of Broca
AnatomicalSite,diencephalon,MeSH,D004027,Diencephalon
AnatomicalSite,dopaminergic neurons,MeSH,D059290,Dopaminergic Neurons
AnatomicalSite,dorsal raphe nucleus,MeSH,D065847,Dorsal Raphe Nucleus
AnatomicalSite,dorsolateral prefrontal cortex,MeSH,D000087643,Dorsolateral Prefrontal Cortex
AnatomicalSite,dorsomedial hypothalamic nucleus,MeSH,D004302,Dorsomedial Hypothalamic Nucleus
AnatomicalSite,dura mater,MeSH,D004388,Dura Mater
AnatomicalSite,edinger-westphal nucleus,MeSH,D065839,Edinger-Westphal Nucleus
AnatomicalSite,efferent pathways,MeSH,D004525,Efferent Pathways
AnatomicalSite,electrical synapses,MeSH,D054351,Electrical Synapses
AnatomicalSite,enteric nervous system,MeSH,D017615,Enteric Nervous System
AnatomicalSite,entopeduncular nucleus,MeSH,D020392,Entopeduncular Nucleus
AnatomicalSite,entorhinal cortex,MeSH,D018728,Entorhinal Cortex
AnatomicalSite,ependyma,MeSH,D004805,Ependyma
AnatomicalSite,ependymoglial cells,MeSH,D063928,Ependymoglial Cells
AnatomicalSite,epithalamus,MeSH,D019261,Epithalamus
AnatomicalSite,external capsule,MeSH,D066271,External Capsule
AnatomicalSite,extrapyramidal tracts,MeSH,D005116,Extrapyramidal Tracts
AnatomicalSite,facial nerve,MeSH,D005154,Facial Nerve
AnatomicalSite,facial nucleus,MeSH,D065828,Facial Nucleus
AnatomicalSite,femoral nerve,MeSH,D005267,Femoral Nerve
AnatomicalSite,"fornix, brain",MeSH,D020712,"Fornix, Brain"
AnatomicalSite,fourth ventricle,MeSH,D020546,Fourth Ventricle
AnatomicalSite,frontal lobe,MeSH,D005625,Frontal Lobe
AnatomicalSite,gabaergic neurons,MeSH,D059330,GABAergic Neurons
AnatomicalSite,ganglia,MeSH,D005724,Ganglia
AnatomicalSite,"ganglia, autonomic",MeSH,D005725,"Ganglia, Autonomic"
AnatomicalSite,"ganglia, invertebrate",MeSH,D017952,"Ganglia, Invertebrate"
AnatomicalSite,"ganglia, parasympathetic",MeSH,D005726,"Ganglia, Parasympathetic"
AnatomicalSite,"ganglia, sensory",MeSH,D017950,"Ganglia, Sensory"
AnatomicalSite,"ganglia, spinal",MeSH,D005727,"Ganglia, Spinal"
AnatomicalSite,"ganglia, sympathetic",MeSH,D005728,"Ganglia, Sympathetic"
AnatomicalSite,ganglionic eminence,MeSH,D000097803,Ganglionic Eminence
AnatomicalSite,geniculate bodies,MeSH,D005829,Geniculate Bodies
AnatomicalSite,geniculate ganglion,MeSH,D005830,Geniculate Ganglion
AnatomicalSite,globus pallidus,MeSH,D005917,Globus Pallidus
AnatomicalSite,glomus jugulare,MeSH,D005924,Glomus Jugulare
AnatomicalSite,glossopharyngeal nerve,MeSH,D005930,Glossopharyngeal Nerve
AnatomicalSite,golgi-mazzoni corpuscles,MeSH,D006057,Golgi-Mazzoni Corpuscles
AnatomicalSite,gray matter,MeSH,D066128,Gray Matter
AnatomicalSite,grid cells,MeSH,D000071038,Grid Cells
AnatomicalSite,gyrus cinguli,MeSH,D006179,Gyrus Cinguli
AnatomicalSite,habenula,MeSH,D019262,Habenula
AnatomicalSite,"hair cells, auditory",MeSH,D006198,"Hair Cells, Auditory"
AnatomicalSite,"hair cells, auditory, inner",MeSH,D006199,"Hair Cells, Auditory, Inner"
AnatomicalSite,"hair cells, auditory, outer",MeSH,D018072,"Hair Cells, Auditory, Outer"
AnatomicalSite,"hair cells, vestibular",MeSH,D018069,"Hair Cells, Vestibular"
AnatomicalSite,high vocal center,MeSH,D053400,High Vocal Center
AnatomicalSite,hippocampus,MeSH,D006624,Hippocampus
AnatomicalSite,hypogastric plexus,MeSH,D007001,Hypogastric Plexus
AnatomicalSite,hypoglossal nerve,MeSH,D007002,Hypoglossal Nerve
AnatomicalSite,"hypothalamic area, lateral",MeSH,D007026,"Hypothalamic Area, Lateral"
AnatomicalSite,hypothalamus,MeSH,D007031,Hypothalamus
AnatomicalSite,"hypothalamus, anterior",MeSH,D007032,"Hypothalamus, Anterior"
AnatomicalSite,"hypothalamus, middle",MeSH,D007033,"Hypothalamus, Middle"
AnatomicalSite,"hypothalamus, posterior",MeSH,D007034,"Hypothalamus, Posterior"
AnatomicalSite,inferior colliculi,MeSH,D007245,Inferior Colliculi
AnatomicalSite,inferior olivary complex,MeSH,D000095746,Inferior Olivary Complex
AnatomicalSite,insular cortex,MeSH,D000087623,Insular Cortex
AnatomicalSite,intercostal nerves,MeSH,D007367,Intercostal Nerves
AnatomicalSite,internal capsule,MeSH,D020772,Internal Capsule
AnatomicalSite,interneurons,MeSH,D007395,Interneurons
AnatomicalSite,interpeduncular nucleus,MeSH,D066268,Interpeduncular Nucleus
AnatomicalSite,intralaminar thalamic nuclei,MeSH,D020646,Intralaminar Thalamic Nuclei
AnatomicalSite,islands of calleja,MeSH,D020670,Islands of Calleja
AnatomicalSite,kolliker-fuse nucleus,MeSH,D065836,Kolliker-Fuse Nucleus
AnatomicalSite,laryngeal nerves,MeSH,D007823,Laryngeal Nerves
AnatomicalSite,lateral thalamic nuclei,MeSH,D020647,Lateral Thalamic Nuclei
AnatomicalSite,lateral ventricles,MeSH,D020547,Lateral Ventricles
AnatomicalSite,limbic lobe,MeSH,D065726,Limbic Lobe
AnatomicalSite,limbic system,MeSH,D008032,Limbic System
AnatomicalSite,lingual nerve,MeSH,D008036,Lingual Nerve
AnatomicalSite,locus coeruleus,MeSH,D008125,Locus Coeruleus
AnatomicalSite,lumbosacral plexus,MeSH,D008160,Lumbosacral Plexus
AnatomicalSite,mammillary bodies,MeSH,D008326,Mammillary Bodies
AnatomicalSite,mandibular nerve,MeSH,D008340,Mandibular Nerve
AnatomicalSite,maxillary nerve,MeSH,D008442,Maxillary Nerve
AnatomicalSite,mechanoreceptors,MeSH,D008465,Mechanoreceptors
AnatomicalSite,medial forebrain bundle,MeSH,D008474,Medial Forebrain Bundle
AnatomicalSite,median nerve,MeSH,D008475,Median Nerve
AnatomicalSite,mediodorsal thalamic nucleus,MeSH,D020645,Mediodorsal Thalamic Nucleus
AnatomicalSite,medium spiny neurons,MeSH,D000094242,Medium Spiny Neurons
AnatomicalSite,medulla oblongata,MeSH,D008526,Medulla Oblongata
AnatomicalSite,meninges,MeSH,D008578,Meninges
AnatomicalSite,merkel cells,MeSH,D018862,Merkel Cells
AnatomicalSite,mesencephalon,MeSH,D008636,Mesencephalon
AnatomicalSite,mesolimbic system,MeSH,D000098559,Mesolimbic System
AnatomicalSite,metencephalon,MeSH,D020540,Metencephalon
AnatomicalSite,microglia,MeSH,D017628,Microglia
AnatomicalSite,midbrain raphe nuclei,MeSH,D066267,Midbrain Raphe Nuclei
AnatomicalSite,midbrain reticular formation,MeSH,D066265,Midbrain Reticular Formation
AnatomicalSite,middle cerebellar peduncle,MeSH,D065837,Middle Cerebellar Peduncle
AnatomicalSite,midline thalamic nuclei,MeSH,D020644,Midline Thalamic Nuclei
AnatomicalSite,mirror neurons,MeSH,D059167,Mirror Neurons
AnatomicalSite,"mossy fibers, hippocampal",MeSH,D019599,"Mossy Fibers, Hippocampal"
AnatomicalSite,motor cortex,MeSH,D009044,Motor Cortex
AnatomicalSite,motor endplate,MeSH,D009045,Motor Endplate
AnatomicalSite,motor neurons,MeSH,D009046,Motor Neurons
AnatomicalSite,"motor neurons, gamma",MeSH,D009047,"Motor Neurons, Gamma"
AnatomicalSite,muscle spindles,MeSH,D009470,Muscle Spindles
AnatomicalSite,musculocutaneous nerve,MeSH,D009138,Musculocutaneous Nerve
AnatomicalSite,myelencephalon,MeSH,D054024,Myelencephalon
AnatomicalSite,myelin sheath,MeSH,D009186,Myelin Sheath
AnatomicalSite,myenteric plexus,MeSH,D009197,Myenteric Plexus
AnatomicalSite,neocortex,MeSH,D019579,Neocortex
AnatomicalSite,neostriatum,MeSH,D017072,Neostriatum
AnatomicalSite,nerve endings,MeSH,D009411,Nerve Endings
AnatomicalSite,nerve fibers,MeSH,D009412,Nerve Fibers
AnatomicalSite,"nerve fibers, myelinated",MeSH,D009413,"Nerve Fibers, Myelinated"
AnatomicalSite,"nerve fibers, unmyelinated",MeSH,D036421,"Nerve Fibers, Unmyelinated"
AnatomicalSite,nerve net,MeSH,D009415,Nerve Net
AnatomicalSite,nervous system,MeSH,D009420,Nervous System
AnatomicalSite,neural analyzers,MeSH,D009430,Neural Analyzers
AnatomicalSite,neural pathways,MeSH,D009434,Neural Pathways
AnatomicalSite,neurilemma,MeSH,D009441,Neurilemma
AnatomicalSite,neurites,MeSH,D016501,Neurites
AnatomicalSite,neuroeffector junction,MeSH,D009451,Neuroeffector Junction
AnatomicalSite,neuroepithelial bodies,MeSH,D046568,Neuroepithelial Bodies
AnatomicalSite,neuroepithelial cells,MeSH,D046569,Neuroepithelial Cells
AnatomicalSite,neurofibrillary tangles,MeSH,D016874,Neurofibrillary Tangles
AnatomicalSite,neurofibrils,MeSH,D009454,Neurofibrils
AnatomicalSite,neuroglia,MeSH,D009457,Neuroglia
AnatomicalSite,neuromuscular junction,MeSH,D009469,Neuromuscular Junction
AnatomicalSite,neurons,MeSH,D009474,Neurons
AnatomicalSite,"neurons, afferent",MeSH,D009475,"Neurons, Afferent"
AnatomicalSite,"neurons, efferent",MeSH,D009476,"Neurons, Efferent"
AnatomicalSite,neuropil,MeSH,D019581,Neuropil
AnatomicalSite,neuropil threads,MeSH,D019600,Neuropil Threads
AnatomicalSite,nissl bodies,MeSH,D009562,Nissl Bodies
AnatomicalSite,nitrergic neurons,MeSH,D026602,Nitrergic Neurons
AnatomicalSite,nociceptors,MeSH,D009619,Nociceptors
AnatomicalSite,nodose ganglion,MeSH,D009620,Nodose Ganglion
AnatomicalSite,nucleus accumbens,MeSH,D009714,Nucleus Accumbens
AnatomicalSite,nucleus raphe magnus,MeSH,D065846,Nucleus Raphe Magnus
AnatomicalSite,nucleus raphe obscurus,MeSH,D065849,Nucleus Raphe Obscurus
AnatomicalSite,nucleus raphe pallidus,MeSH,D065848,Nucleus Raphe Pallidus
AnatomicalSite,obturator nerve,MeSH,D009776,Obturator Nerve
AnatomicalSite,occipital lobe,MeSH,D009778,Occipital Lobe
AnatomicalSite,oculomotor nerve,MeSH,D009802,Oculomotor Nerve
AnatomicalSite,oculomotor nuclear complex,MeSH,D065838,Oculomotor Nuclear Complex
AnatomicalSite,olfactory bulb,MeSH,D009830,Olfactory Bulb
AnatomicalSite,olfactory cortex,MeSH,D066194,Olfactory Cortex
AnatomicalSite,olfactory nerve,MeSH,D009832,Olfactory Nerve
AnatomicalSite,olfactory pathways,MeSH,D009833,Olfactory Pathways
AnatomicalSite,olfactory tubercle,MeSH,D066208,Olfactory Tubercle
AnatomicalSite,oligodendrocyte precursor cells,MeSH,D000073637,Oligodendrocyte Precursor Cells
AnatomicalSite,oligodendroglia,MeSH,D009836,Oligodendroglia
AnatomicalSite,olivary nucleus,MeSH,D009847,Olivary Nucleus
AnatomicalSite,ophthalmic nerve,MeSH,D009882,Ophthalmic Nerve
AnatomicalSite,optic chiasm,MeSH,D009897,Optic Chiasm
AnatomicalSite,optic disk,MeSH,D009898,Optic Disk
AnatomicalSite,optic nerve,MeSH,D009900,Optic Nerve
AnatomicalSite,optic tract,MeSH,D065866,Optic Tract
AnatomicalSite,organum vasculosum,MeSH,D066278,Organum Vasculosum
AnatomicalSite,pacinian corpuscles,MeSH,D010141,Pacinian Corpuscles
AnatomicalSite,parabrachial nucleus,MeSH,D065823,Parabrachial Nucleus
AnatomicalSite,"paraganglia, nonchromaffin",MeSH,D010234,"Paraganglia, Nonchromaffin"
AnatomicalSite,parahippocampal gyrus,MeSH,D020534,Parahippocampal Gyrus
AnatomicalSite,"parasympathetic fibers, postganglionic",MeSH,D017777,"Parasympathetic Fibers, Postganglionic"
AnatomicalSite,parasympathetic nervous system,MeSH,D010275,Parasympathetic Nervous System
AnatomicalSite,paraventricular hypothalamic nucleus,MeSH,D010286,Paraventricular Hypothalamic Nucleus
AnatomicalSite,parietal lobe,MeSH,D010296,Parietal Lobe
AnatomicalSite,pars compacta,MeSH,D065842,Pars Compacta
AnatomicalSite,pars reticulata,MeSH,D065841,Pars Reticulata
AnatomicalSite,pedunculopontine tegmental nucleus,MeSH,D045042,Pedunculopontine Tegmental Nucleus
AnatomicalSite,perforant pathway,MeSH,D019580,Perforant Pathway
AnatomicalSite,periamygdaloid cortex,MeSH,D066277,Periamygdaloid Cortex
AnatomicalSite,periaqueductal gray,MeSH,D010487,Periaqueductal Gray
AnatomicalSite,peripheral nerves,MeSH,D010525,Peripheral Nerves
AnatomicalSite,peripheral nervous system,MeSH,D017933,Peripheral Nervous System
AnatomicalSite,perirhinal cortex,MeSH,D000071039,Perirhinal Cortex
AnatomicalSite,peroneal nerve,MeSH,D010543,Peroneal Nerve
AnatomicalSite,photoreceptor cells,MeSH,D010786,Photoreceptor Cells
AnatomicalSite,"photoreceptor cells, invertebrate",MeSH,D017956,"Photoreceptor Cells, Invertebrate"
AnatomicalSite,"photoreceptor cells, vertebrate",MeSH,D020419,"Photoreceptor Cells, Vertebrate"
AnatomicalSite,photoreceptor connecting cilium,MeSH,D055212,Photoreceptor Connecting Cilium
AnatomicalSite,phrenic nerve,MeSH,D010791,Phrenic Nerve
AnatomicalSite,pia mater,MeSH,D010841,Pia Mater
AnatomicalSite,piriform cortex,MeSH,D066195,Piriform Cortex
AnatomicalSite,place cells,MeSH,D000071037,Place Cells
AnatomicalSite,pons,MeSH,D011149,Pons
AnatomicalSite,pontine tegmentum,MeSH,D065821,Pontine Tegmentum
AnatomicalSite,post-synaptic density,MeSH,D057907,Post-Synaptic Density
AnatomicalSite,posterior cerebellar commissure,MeSH,D066243,Posterior Cerebellar Commissure
AnatomicalSite,posterior horn cells,MeSH,D020671,Posterior Horn Cells
AnatomicalSite,posterior thalamic nuclei,MeSH,D020656,Posterior Thalamic Nuclei
AnatomicalSite,prefrontal cortex,MeSH,D017397,Prefrontal Cortex
AnatomicalSite,preoptic area,MeSH,D011301,Preoptic Area
AnatomicalSite,pressoreceptors,MeSH,D011311,Pressoreceptors
AnatomicalSite,presynaptic terminals,MeSH,D017729,Presynaptic Terminals
AnatomicalSite,pretectal region,MeSH,D066250,Pretectal Region
AnatomicalSite,primary visual cortex,MeSH,D000087642,Primary Visual Cortex
AnatomicalSite,prosencephalon,MeSH,D016548,Prosencephalon
AnatomicalSite,pudendal nerve,MeSH,D060525,Pudendal Nerve
AnatomicalSite,pulmonary stretch receptors,MeSH,D011661,Pulmonary Stretch Receptors
AnatomicalSite,pulvinar,MeSH,D020649,Pulvinar
AnatomicalSite,purkinje cells,MeSH,D011689,Purkinje Cells
AnatomicalSite,putamen,MeSH,D011699,Putamen
AnatomicalSite,pyramidal cells,MeSH,D017966,Pyramidal Cells
AnatomicalSite,pyramidal tracts,MeSH,D011712,Pyramidal Tracts
AnatomicalSite,radial nerve,MeSH,D011826,Radial Nerve
AnatomicalSite,ranvier's nodes,MeSH,D011901,Ranvier's Nodes
AnatomicalSite,raphe nuclei,MeSH,D011903,Raphe Nuclei
AnatomicalSite,recurrent laryngeal nerve,MeSH,D012009,Recurrent Laryngeal Nerve
AnatomicalSite,red nucleus,MeSH,D012012,Red Nucleus
AnatomicalSite,renshaw cells,MeSH,D066293,Renshaw Cells
AnatomicalSite,respiratory center,MeSH,D012125,Respiratory Center
AnatomicalSite,reticular formation,MeSH,D012154,Reticular Formation
AnatomicalSite,retinal bipolar cells,MeSH,D051245,Retinal Bipolar Cells
AnatomicalSite,retinal cone photoreceptor cells,MeSH,D017949,Retinal Cone Photoreceptor Cells
AnatomicalSite,retinal ganglion cells,MeSH,D012165,Retinal Ganglion Cells
AnatomicalSite,retinal horizontal cells,MeSH,D051248,Retinal Horizontal Cells
AnatomicalSite,retinal neurons,MeSH,D055351,Retinal Neurons
AnatomicalSite,retinal photoreceptor cell inner segment,MeSH,D055211,Retinal Photoreceptor Cell Inner Segment
AnatomicalSite,retinal photoreceptor cell outer segment,MeSH,D055214,Retinal Photoreceptor Cell Outer Segment
AnatomicalSite,retinal rod photoreceptor cells,MeSH,D017948,Retinal Rod Photoreceptor Cells
AnatomicalSite,rhombencephalon,MeSH,D012249,Rhombencephalon
AnatomicalSite,rod cell outer segment,MeSH,D012374,Rod Cell Outer Segment
AnatomicalSite,"satellite cells, perineuronal",MeSH,D027161,"Satellite Cells, Perineuronal"
AnatomicalSite,schaffer collaterals,MeSH,D000094282,Schaffer Collaterals
AnatomicalSite,schwann cells,MeSH,D012583,Schwann Cells
AnatomicalSite,sciatic nerve,MeSH,D012584,Sciatic Nerve
AnatomicalSite,sensorimotor cortex,MeSH,D066191,Sensorimotor Cortex
AnatomicalSite,sensory receptor cells,MeSH,D011984,Sensory Receptor Cells
AnatomicalSite,septal nuclei,MeSH,D012686,Septal Nuclei
AnatomicalSite,septum pellucidum,MeSH,D012688,Septum Pellucidum
AnatomicalSite,septum of brain,MeSH,D020665,Septum of Brain
AnatomicalSite,serotonergic neurons,MeSH,D059326,Serotonergic Neurons
AnatomicalSite,solitary nucleus,MeSH,D017552,Solitary Nucleus
AnatomicalSite,somatosensory cortex,MeSH,D013003,Somatosensory Cortex
AnatomicalSite,spinal cord,MeSH,D013116,Spinal Cord
AnatomicalSite,spinal cord dorsal horn,MeSH,D066148,Spinal Cord Dorsal Horn
AnatomicalSite,spinal cord lateral horn,MeSH,D066152,Spinal Cord Lateral Horn
AnatomicalSite,spinal cord ventral horn,MeSH,D066151,Spinal Cord Ventral Horn
AnatomicalSite,spinal nerve roots,MeSH,D013126,Spinal Nerve Roots
AnatomicalSite,spinal nerves,MeSH,D013127,Spinal Nerves
AnatomicalSite,spinocerebellar tracts,MeSH,D020824,Spinocerebellar Tracts
AnatomicalSite,spinothalamic tracts,MeSH,D013133,Spinothalamic Tracts
AnatomicalSite,spiral ganglion,MeSH,D013136,Spiral Ganglion
AnatomicalSite,splanchnic nerves,MeSH,D013153,Splanchnic Nerves
AnatomicalSite,stellate ganglion,MeSH,D013233,Stellate Ganglion
AnatomicalSite,subarachnoid space,MeSH,D013346,Subarachnoid Space
AnatomicalSite,subdural space,MeSH,D013355,Subdural Space
AnatomicalSite,submucous plexus,MeSH,D013368,Submucous Plexus
AnatomicalSite,substantia gelatinosa,MeSH,D013376,Substantia Gelatinosa
AnatomicalSite,substantia innominata,MeSH,D013377,Substantia Innominata
AnatomicalSite,substantia nigra,MeSH,D013378,Substantia Nigra
AnatomicalSite,subthalamic nucleus,MeSH,D020531,Subthalamic Nucleus
AnatomicalSite,subthalamus,MeSH,D020530,Subthalamus
AnatomicalSite,superior cervical ganglion,MeSH,D017783,Superior Cervical Ganglion
AnatomicalSite,superior colliculi,MeSH,D013477,Superior Colliculi
AnatomicalSite,superior olivary complex,MeSH,D065832,Superior Olivary Complex
AnatomicalSite,suprachiasmatic nucleus,MeSH,D013493,Suprachiasmatic Nucleus
AnatomicalSite,suprachiasmatic nucleus neurons,MeSH,D000074523,Suprachiasmatic Nucleus Neurons
AnatomicalSite,supraoptic nucleus,MeSH,D013495,Supraoptic Nucleus
AnatomicalSite,sural nerve,MeSH,D013497,Sural Nerve
AnatomicalSite,"sympathetic fibers, postganglionic",MeSH,D017779,"Sympathetic Fibers, Postganglionic"
AnatomicalSite,sympathetic nervous system,MeSH,D013564,Sympathetic Nervous System
AnatomicalSite,synapses,MeSH,D013569,Synapses
AnatomicalSite,synaptic membranes,MeSH,D013570,Synaptic Membranes
AnatomicalSite,synaptic vesicles,MeSH,D013572,Synaptic Vesicles
AnatomicalSite,tectospinal fibers,MeSH,D065844,Tectospinal Fibers
AnatomicalSite,tectum mesencephali,MeSH,D003336,Tectum Mesencephali
AnatomicalSite,tegmentum mesencephali,MeSH,D013681,Tegmentum Mesencephali
AnatomicalSite,telencephalic commissures,MeSH,D066245,Telencephalic Commissures
AnatomicalSite,telencephalon,MeSH,D013687,Telencephalon
AnatomicalSite,temporal lobe,MeSH,D013702,Temporal Lobe
AnatomicalSite,thalamic nuclei,MeSH,D013787,Thalamic Nuclei
AnatomicalSite,thalamus,MeSH,D013788,Thalamus
AnatomicalSite,thermoreceptors,MeSH,D013823,Thermoreceptors
AnatomicalSite,third ventricle,MeSH,D020542,Third Ventricle
AnatomicalSite,thoracic nerves,MeSH,D013900,Thoracic Nerves
AnatomicalSite,tibial nerve,MeSH,D013979,Tibial Nerve
AnatomicalSite,trapezoid body,MeSH,D065833,Trapezoid Body
AnatomicalSite,trigeminal caudal nucleus,MeSH,D014275,Trigeminal Caudal Nucleus
AnatomicalSite,trigeminal ganglion,MeSH,D012668,Trigeminal Ganglion
AnatomicalSite,trigeminal motor nucleus,MeSH,D066266,Trigeminal Motor Nucleus
AnatomicalSite,trigeminal nerve,MeSH,D014276,Trigeminal Nerve
AnatomicalSite,trigeminal nuclei,MeSH,D014278,Trigeminal Nuclei
AnatomicalSite,"trigeminal nucleus, spinal",MeSH,D014279,"Trigeminal Nucleus, Spinal"
AnatomicalSite,trochlear nerve,MeSH,D014321,Trochlear Nerve
AnatomicalSite,tuber cinereum,MeSH,D014371,Tuber Cinereum
AnatomicalSite,tuft cells,MeSH,D000095491,Tuft Cells
AnatomicalSite,ulnar nerve,MeSH,D014459,Ulnar Nerve
AnatomicalSite,uncinate fasciculus,MeSH,D000083382,Uncinate Fasciculus
AnatomicalSite,vagus nerve,MeSH,D014630,Vagus Nerve
AnatomicalSite,vasomotor system,MeSH,D014666,Vasomotor System
AnatomicalSite,ventral striatum,MeSH,D066328,Ventral Striatum
AnatomicalSite,ventral tegmental area,MeSH,D017557,Ventral Tegmental Area
AnatomicalSite,ventral thalamic nuclei,MeSH,D020651,Ventral Thalamic Nuclei
AnatomicalSite,ventromedial hypothalamic nucleus,MeSH,D014697,Ventromedial Hypothalamic Nucleus
AnatomicalSite,vestibular nerve,MeSH,D014725,Vestibular Nerve
AnatomicalSite,vestibular nuclei,MeSH,D014726,Vestibular Nuclei
AnatomicalSite,"vestibular nucleus, lateral",MeSH,D003689,"Vestibular Nucleus, Lateral"
AnatomicalSite,vestibulocochlear nerve,MeSH,D000159,Vestibulocochlear Nerve
AnatomicalSite,visceral afferents,MeSH,D017833,Visceral Afferents
AnatomicalSite,visual cortex,MeSH,D014793,Visual Cortex
AnatomicalSite,visual pathways,MeSH,D014795,Visual Pathways
AnatomicalSite,wernicke area,MeSH,D065813,Wernicke Area
AnatomicalSite,white matter,MeSH,D066127,White Matter
AnatomicalSite,zona incerta,MeSH,D065820,Zona Incerta
AnatomicalSite,acoustic maculae,MeSH,D008267,Acoustic Maculae
AnatomicalSite,anterior capsule of the lens,MeSH,D057866,Anterior Capsule of the Lens
AnatomicalSite,anterior chamber,MeSH,D000867,Anterior Chamber
AnatomicalSite,anterior eye segment,MeSH,D000869,Anterior Eye Segment
AnatomicalSite,aqueous humor,MeSH,D001082,Aqueous Humor
AnatomicalSite,"axial length, eye",MeSH,D058452,"Axial Length, Eye"
AnatomicalSite,basilar membrane,MeSH,D001489,Basilar Membrane
AnatomicalSite,bowman membrane,MeSH,D050541,Bowman Membrane
AnatomicalSite,bruch membrane,MeSH,D016570,Bruch Membrane
AnatomicalSite,choroid,MeSH,D002829,Choroid
AnatomicalSite,ciliary body,MeSH,D002924,Ciliary Body
AnatomicalSite,cochlea,MeSH,D003051,Cochlea
AnatomicalSite,cochlear aqueduct,MeSH,D003052,Cochlear Aqueduct
AnatomicalSite,cochlear duct,MeSH,D003053,Cochlear Duct
AnatomicalSite,conjunctiva,MeSH,D003228,Conjunctiva
AnatomicalSite,cornea,MeSH,D003315,Cornea
AnatomicalSite,corneal stroma,MeSH,D003319,Corneal Stroma
AnatomicalSite,descemet membrane,MeSH,D003886,Descemet Membrane
AnatomicalSite,ear auricle,MeSH,D054644,Ear Auricle
AnatomicalSite,ear canal,MeSH,D004424,Ear Canal
AnatomicalSite,ear ossicles,MeSH,D004429,Ear Ossicles
AnatomicalSite,"ear, external",MeSH,D004431,"Ear, External"
AnatomicalSite,"ear, inner",MeSH,D007758,"Ear, Inner"
AnatomicalSite,"ear, middle",MeSH,D004432,"Ear, Middle"
AnatomicalSite,endolymphatic duct,MeSH,D004711,Endolymphatic Duct
AnatomicalSite,endolymphatic sac,MeSH,D004712,Endolymphatic Sac
AnatomicalSite,"endothelium, corneal",MeSH,D004728,"Endothelium, Corneal"
AnatomicalSite,"epithelium, corneal",MeSH,D019573,"Epithelium, Corneal"
AnatomicalSite,eustachian tube,MeSH,D005064,Eustachian Tube
AnatomicalSite,fovea centralis,MeSH,D005584,Fovea Centralis
AnatomicalSite,fundus oculi,MeSH,D005654,Fundus Oculi
AnatomicalSite,"hair cells, ampulla",MeSH,D054777,"Hair Cells, Ampulla"
AnatomicalSite,incus,MeSH,D007188,Incus
AnatomicalSite,iris,MeSH,D007498,Iris
AnatomicalSite,labyrinth supporting cells,MeSH,D007760,Labyrinth Supporting Cells
AnatomicalSite,labyrinthine fluids,MeSH,D007761,Labyrinthine Fluids
AnatomicalSite,lacrimal apparatus,MeSH,D007765,Lacrimal Apparatus
AnatomicalSite,"lens capsule, crystalline",MeSH,D007903,"Lens Capsule, Crystalline"
AnatomicalSite,"lens cortex, crystalline",MeSH,D007904,"Lens Cortex, Crystalline"
AnatomicalSite,"lens nucleus, crystalline",MeSH,D007907,"Lens Nucleus, Crystalline"
AnatomicalSite,"lens, crystalline",MeSH,D007908,"Lens, Crystalline"
AnatomicalSite,limbus corneae,MeSH,D016850,Limbus Corneae
AnatomicalSite,macula lutea,MeSH,D008266,Macula Lutea
AnatomicalSite,malleus,MeSH,D008307,Malleus
AnatomicalSite,meibomian glands,MeSH,D008537,Meibomian Glands
AnatomicalSite,nasolacrimal duct,MeSH,D009301,Nasolacrimal Duct
AnatomicalSite,organ of corti,MeSH,D009925,Organ of Corti
AnatomicalSite,otolithic membrane,MeSH,D010037,Otolithic Membrane
AnatomicalSite,"oval window, ear",MeSH,D010046,"Oval Window, Ear"
AnatomicalSite,pigment epithelium of eye,MeSH,D010857,Pigment Epithelium of Eye
AnatomicalSite,posterior capsule of the lens,MeSH,D057852,Posterior Capsule of the Lens
AnatomicalSite,posterior eye segment,MeSH,D057972,Posterior Eye Segment
AnatomicalSite,pupil,MeSH,D011680,Pupil
AnatomicalSite,retina,MeSH,D012160,Retina
AnatomicalSite,retinal pigment epithelium,MeSH,D055213,Retinal Pigment Epithelium
AnatomicalSite,"round window, ear",MeSH,D012405,"Round Window, Ear"
AnatomicalSite,saccule and utricle,MeSH,D012444,Saccule and Utricle
AnatomicalSite,scala tympani,MeSH,D012533,Scala Tympani
AnatomicalSite,scala vestibuli,MeSH,D054738,Scala Vestibuli
AnatomicalSite,schlemm's canal,MeSH,D000092662,Schlemm's Canal
AnatomicalSite,sclera,MeSH,D012590,Sclera
AnatomicalSite,semicircular canals,MeSH,D012665,Semicircular Canals
AnatomicalSite,semicircular ducts,MeSH,D054776,Semicircular Ducts
AnatomicalSite,sense organs,MeSH,D012679,Sense Organs
AnatomicalSite,spiral lamina,MeSH,D013137,Spiral Lamina
AnatomicalSite,spiral ligament of cochlea,MeSH,D055493,Spiral Ligament of Cochlea
AnatomicalSite,stapes,MeSH,D013199,Stapes
AnatomicalSite,stria vascularis,MeSH,D013316,Stria Vascularis
AnatomicalSite,tectorial membrane,MeSH,D013680,Tectorial Membrane
AnatomicalSite,trabecular meshwork,MeSH,D014129,Trabecular Meshwork
AnatomicalSite,tympanic membrane,MeSH,D014432,Tympanic Membrane
AnatomicalSite,uvea,MeSH,D014602,Uvea
AnatomicalSite,vestibular aqueduct,MeSH,D014723,Vestibular Aqueduct
AnatomicalSite,vestibular system,MeSH,D000091282,Vestibular System
AnatomicalSite,"vestibule, labyrinth",MeSH,D014722,"Vestibule, Labyrinth"
AnatomicalSite,vitreous body,MeSH,D014822,Vitreous Body
AnatomicalSite,vomeronasal organ,MeSH,D019147,Vomeronasal Organ
AnatomicalSite,abdominal fat,MeSH,D050153,Abdominal Fat
AnatomicalSite,acne keloid,MeSH,D000153,Acne Keloid
AnatomicalSite,adipose tissue,MeSH,D000273,Adipose Tissue
AnatomicalSite,"adipose tissue, beige",MeSH,D000069796,"Adipose Tissue, Beige"
AnatomicalSite,"adipose tissue, brown",MeSH,D002001,"Adipose Tissue, Brown"
AnatomicalSite,"adipose tissue, white",MeSH,D052436,"Adipose Tissue, White"
AnatomicalSite,allantois,MeSH,D000482,Allantois
AnatomicalSite,amnion,MeSH,D000650,Amnion
AnatomicalSite,apocrine glands,MeSH,D001050,Apocrine Glands
AnatomicalSite,basement membrane,MeSH,D001485,Basement Membrane
AnatomicalSite,body fluid compartments,MeSH,D001825,Body Fluid Compartments
AnatomicalSite,bone matrix,MeSH,D001857,Bone Matrix
AnatomicalSite,bony callus,MeSH,D002146,Bony Callus
AnatomicalSite,bursa of fabricius,MeSH,D002060,Bursa of Fabricius
AnatomicalSite,cancellous bone,MeSH,D000071556,Cancellous Bone
AnatomicalSite,chorioallantoic membrane,MeSH,D049033,Chorioallantoic Membrane
AnatomicalSite,chorion,MeSH,D002823,Chorion
AnatomicalSite,chorionic villi,MeSH,D002824,Chorionic Villi
AnatomicalSite,cicatrix,MeSH,D002921,Cicatrix
AnatomicalSite,"cicatrix, hypertrophic",MeSH,D017439,"Cicatrix, Hypertrophic"
AnatomicalSite,colonic pouches,MeSH,D039021,Colonic Pouches
AnatomicalSite,connective tissue,MeSH,D003238,Connective Tissue
AnatomicalSite,cortical bone,MeSH,D000071538,Cortical Bone
AnatomicalSite,"dendritic cells, follicular",MeSH,D020566,"Dendritic Cells, Follicular"
AnatomicalSite,eccrine glands,MeSH,D004439,Eccrine Glands
AnatomicalSite,elastic tissue,MeSH,D004547,Elastic Tissue
AnatomicalSite,endothelium,MeSH,D004727,Endothelium
AnatomicalSite,"endothelium, lymphatic",MeSH,D004729,"Endothelium, Lymphatic"
AnatomicalSite,epicardial adipose tissue,MeSH,D000095543,Epicardial Adipose Tissue
AnatomicalSite,epidermis,MeSH,D004817,Epidermis
AnatomicalSite,epithelium,MeSH,D004848,Epithelium
AnatomicalSite,exocrine glands,MeSH,D005088,Exocrine Glands
AnatomicalSite,extracellular space,MeSH,D005110,Extracellular Space
AnatomicalSite,extraembryonic membranes,MeSH,D005321,Extraembryonic Membranes
AnatomicalSite,free tissue flaps,MeSH,D058752,Free Tissue Flaps
AnatomicalSite,germinal center,MeSH,D018858,Germinal Center
AnatomicalSite,granulation tissue,MeSH,D006097,Granulation Tissue
AnatomicalSite,hair follicle,MeSH,D018859,Hair Follicle
AnatomicalSite,haversian system,MeSH,D006253,Haversian System
AnatomicalSite,interosseous membrane,MeSH,D000080944,Interosseous Membrane
AnatomicalSite,intra-abdominal fat,MeSH,D050152,Intra-Abdominal Fat
AnatomicalSite,intracellular space,MeSH,D042541,Intracellular Space
AnatomicalSite,keloid,MeSH,D007627,Keloid
AnatomicalSite,lymph nodes,MeSH,D008198,Lymph Nodes
AnatomicalSite,lymphoid tissue,MeSH,D008221,Lymphoid Tissue
AnatomicalSite,m cells,MeSH,D000092303,M Cells
AnatomicalSite,"mammary glands, animal",MeSH,D008321,"Mammary Glands, Animal"
AnatomicalSite,margins of excision,MeSH,D000072662,Margins of Excision
AnatomicalSite,membranes,MeSH,D008566,Membranes
AnatomicalSite,microphysiological systems,MeSH,D000094182,Microphysiological Systems
AnatomicalSite,mouth mucosa,MeSH,D009061,Mouth Mucosa
AnatomicalSite,mucous membrane,MeSH,D009092,Mucous Membrane
AnatomicalSite,"muscle fibers, fast-twitch",MeSH,D018656,"Muscle Fibers, Fast-Twitch"
AnatomicalSite,"muscle fibers, skeletal",MeSH,D018485,"Muscle Fibers, Skeletal"
AnatomicalSite,"muscle fibers, slow-twitch",MeSH,D018657,"Muscle Fibers, Slow-Twitch"
AnatomicalSite,"muscle, striated",MeSH,D054792,"Muscle, Striated"
AnatomicalSite,myocutaneous flap,MeSH,D064827,Myocutaneous Flap
AnatomicalSite,myofibrils,MeSH,D009210,Myofibrils
AnatomicalSite,nerve tissue,MeSH,D009417,Nerve Tissue
AnatomicalSite,organoids,MeSH,D009940,Organoids
AnatomicalSite,parenchymal tissue,MeSH,D000072356,Parenchymal Tissue
AnatomicalSite,perforator flap,MeSH,D061525,Perforator Flap
AnatomicalSite,periosteum,MeSH,D010521,Periosteum
AnatomicalSite,peyer's patches,MeSH,D010581,Peyer's Patches
AnatomicalSite,sarcomeres,MeSH,D012518,Sarcomeres
AnatomicalSite,sarcoplasmic reticulum,MeSH,D012519,Sarcoplasmic Reticulum
AnatomicalSite,sebaceous glands,MeSH,D012627,Sebaceous Glands
AnatomicalSite,sentinel lymph node,MeSH,D000071036,Sentinel Lymph Node
AnatomicalSite,serous membrane,MeSH,D012704,Serous Membrane
AnatomicalSite,skeletal muscle ventricle,MeSH,D019739,Skeletal Muscle Ventricle
AnatomicalSite,spleen,MeSH,D013154,Spleen
AnatomicalSite,subcutaneous fat,MeSH,D050151,Subcutaneous Fat
AnatomicalSite,"subcutaneous fat, abdominal",MeSH,D050507,"Subcutaneous Fat, Abdominal"
AnatomicalSite,subcutaneous tissue,MeSH,D040521,Subcutaneous Tissue
AnatomicalSite,surgical flaps,MeSH,D013524,Surgical Flaps
AnatomicalSite,surgical stomas,MeSH,D054047,Surgical Stomas
AnatomicalSite,surgically-created structures,MeSH,D019738,Surgically-Created Structures
AnatomicalSite,sweat glands,MeSH,D013545,Sweat Glands
AnatomicalSite,tertiary lymphoid structures,MeSH,D000072717,Tertiary Lymphoid Structures
AnatomicalSite,thymus gland,MeSH,D013950,Thymus Gland
AnatomicalSite,tissues,MeSH,D014024,Tissues
AnatomicalSite,"urinary reservoirs, continent",MeSH,D016476,"Urinary Reservoirs, Continent"
AnatomicalSite,urothelium,MeSH,D019459,Urothelium
AnatomicalSite,wharton jelly,MeSH,D059631,Wharton Jelly
AnatomicalSite,yolk sac,MeSH,D015017,Yolk Sac
AnatomicalSite,amniotic fluid,MeSH,D000653,Amniotic Fluid
AnatomicalSite,antilymphocyte serum,MeSH,D000961,Antilymphocyte Serum
AnatomicalSite,ascitic fluid,MeSH,D001202,Ascitic Fluid
AnatomicalSite,bile,MeSH,D001646,Bile
AnatomicalSite,blood,MeSH,D001769,Blood
AnatomicalSite,bodily secretions,MeSH,D012634,Bodily Secretions
AnatomicalSite,body fluids,MeSH,D001826,Body Fluids
AnatomicalSite,body water,MeSH,D001834,Body Water
AnatomicalSite,buttermilk,MeSH,D000070696,Buttermilk
AnatomicalSite,cerebrospinal fluid,MeSH,D002555,Cerebrospinal Fluid
AnatomicalSite,cerumen,MeSH,D002571,Cerumen
AnatomicalSite,cervix mucus,MeSH,D002582,Cervix Mucus
AnatomicalSite,chyle,MeSH,D002913,Chyle
AnatomicalSite,colostrum,MeSH,D003126,Colostrum
AnatomicalSite,cyst fluid,MeSH,D020420,Cyst Fluid
AnatomicalSite,dander,MeSH,D063607,Dander
AnatomicalSite,dentinal fluid,MeSH,D019234,Dentinal Fluid
AnatomicalSite,endolymph,MeSH,D004710,Endolymph
AnatomicalSite,extracellular fluid,MeSH,D045604,Extracellular Fluid
AnatomicalSite,extravascular lung water,MeSH,D015633,Extravascular Lung Water
AnatomicalSite,exudates and transudates,MeSH,D005122,Exudates and Transudates
AnatomicalSite,feces,MeSH,D005243,Feces
AnatomicalSite,fetal blood,MeSH,D005312,Fetal Blood
AnatomicalSite,fluids and secretions,MeSH,D005441,Fluids and Secretions
AnatomicalSite,gastric acid,MeSH,D005744,Gastric Acid
AnatomicalSite,gastric juice,MeSH,D005750,Gastric Juice
AnatomicalSite,gastrointestinal contents,MeSH,D005766,Gastrointestinal Contents
AnatomicalSite,gingival crevicular fluid,MeSH,D005883,Gingival Crevicular Fluid
AnatomicalSite,hyalin,MeSH,D006818,Hyalin
AnatomicalSite,immune sera,MeSH,D007106,Immune Sera
AnatomicalSite,intestinal secretions,MeSH,D007419,Intestinal Secretions
AnatomicalSite,intracellular fluid,MeSH,D007424,Intracellular Fluid
AnatomicalSite,kefir,MeSH,D000070716,Kefir
AnatomicalSite,koumiss,MeSH,D000070736,Koumiss
AnatomicalSite,lymph,MeSH,D008196,Lymph
AnatomicalSite,meconium,MeSH,D008470,Meconium
AnatomicalSite,melena,MeSH,D008551,Melena
AnatomicalSite,milk,MeSH,D008892,Milk
AnatomicalSite,milk proteins,MeSH,D008894,Milk Proteins
AnatomicalSite,"milk, human",MeSH,D008895,"Milk, Human"
AnatomicalSite,mucus,MeSH,D009093,Mucus
AnatomicalSite,nipple aspirate fluid,MeSH,D055966,Nipple Aspirate Fluid
AnatomicalSite,nipple discharge,MeSH,D000071936,Nipple Discharge
AnatomicalSite,pancreatic juice,MeSH,D010189,Pancreatic Juice
AnatomicalSite,perilymph,MeSH,D010498,Perilymph
AnatomicalSite,plasma,MeSH,D010949,Plasma
AnatomicalSite,platelet-rich fibrin,MeSH,D000073183,Platelet-Rich Fibrin
AnatomicalSite,platelet-rich plasma,MeSH,D053657,Platelet-Rich Plasma
AnatomicalSite,respiratory aerosols and droplets,MeSH,D000088343,Respiratory Aerosols and Droplets
AnatomicalSite,saliva,MeSH,D012463,Saliva
AnatomicalSite,sebum,MeSH,D012629,Sebum
AnatomicalSite,secretome,MeSH,D000089282,Secretome
AnatomicalSite,semen,MeSH,D012661,Semen
AnatomicalSite,serum,MeSH,D044967,Serum
AnatomicalSite,smegma,MeSH,D012902,Smegma
AnatomicalSite,sputum,MeSH,D013183,Sputum
AnatomicalSite,subretinal fluid,MeSH,D058471,Subretinal Fluid
AnatomicalSite,sweat,MeSH,D013542,Sweat
AnatomicalSite,tears,MeSH,D013666,Tears
AnatomicalSite,urine,MeSH,D014556,Urine
AnatomicalSite,venoms,MeSH,D014688,Venoms
AnatomicalSite,vernix caseosa,MeSH,D014708,Vernix Caseosa
AnatomicalSite,whey,MeSH,D000067796,Whey
AnatomicalSite,whey proteins,MeSH,D000067816,Whey Proteins
AnatomicalSite,bicuspid,MeSH,D001641,Bicuspid
AnatomicalSite,cuspid,MeSH,D003481,Cuspid
AnatomicalSite,dental cementum,MeSH,D003739,Dental Cementum
AnatomicalSite,dental enamel,MeSH,D003743,Dental Enamel
AnatomicalSite,dental fissures,MeSH,D003750,Dental Fissures
AnatomicalSite,dental papilla,MeSH,D003771,Dental Papilla
AnatomicalSite,dental pellicle,MeSH,D044622,Dental Pellicle
AnatomicalSite,dental pulp,MeSH,D003782,Dental Pulp
AnatomicalSite,dental pulp cavity,MeSH,D003786,Dental Pulp Cavity
AnatomicalSite,dental sac,MeSH,D003795,Dental Sac
AnatomicalSite,dentin,MeSH,D003804,Dentin
AnatomicalSite,"dentin, secondary",MeSH,D003809,"Dentin, Secondary"
AnatomicalSite,"dentition, mixed",MeSH,D003818,"Dentition, Mixed"
AnatomicalSite,"dentition, permanent",MeSH,D019229,"Dentition, Permanent"
AnatomicalSite,enamel organ,MeSH,D004658,Enamel Organ
AnatomicalSite,epithelial attachment,MeSH,D004846,Epithelial Attachment
AnatomicalSite,gingiva,MeSH,D005881,Gingiva
AnatomicalSite,incisor,MeSH,D007180,Incisor
AnatomicalSite,labial frenum,MeSH,D007742,Labial Frenum
AnatomicalSite,molar,MeSH,D008963,Molar
AnatomicalSite,"molar, third",MeSH,D008964,"Molar, Third"
AnatomicalSite,mouth floor,MeSH,D009060,Mouth Floor
AnatomicalSite,natal teeth,MeSH,D009306,Natal Teeth
AnatomicalSite,palate,MeSH,D010159,Palate
AnatomicalSite,"palate, soft",MeSH,D010160,"Palate, Soft"
AnatomicalSite,periapical tissue,MeSH,D010486,Periapical Tissue
AnatomicalSite,periodontal ligament,MeSH,D010513,Periodontal Ligament
AnatomicalSite,periodontium,MeSH,D010519,Periodontium
AnatomicalSite,stomatognathic system,MeSH,D013284,Stomatognathic System
AnatomicalSite,tooth,MeSH,D014070,Tooth
AnatomicalSite,tooth apex,MeSH,D019227,Tooth Apex
AnatomicalSite,tooth cervix,MeSH,D019237,Tooth Cervix
AnatomicalSite,tooth components,MeSH,D019589,Tooth Components
AnatomicalSite,tooth crown,MeSH,D019228,Tooth Crown
AnatomicalSite,tooth germ,MeSH,D014083,Tooth Germ
AnatomicalSite,tooth root,MeSH,D014092,Tooth Root
AnatomicalSite,"tooth, deciduous",MeSH,D014094,"Tooth, Deciduous"
AnatomicalSite,"tooth, unerupted",MeSH,D014097,"Tooth, Unerupted"
AnatomicalSite,uvula,MeSH,D014609,Uvula
AnatomicalSite,acanthocytes,MeSH,D000050,Acanthocytes
AnatomicalSite,antibody-producing cells,MeSH,D000921,Antibody-Producing Cells
AnatomicalSite,antigen-presenting cells,MeSH,D000938,Antigen-Presenting Cells
AnatomicalSite,b-lymphocyte subsets,MeSH,D016175,B-Lymphocyte Subsets
AnatomicalSite,b-lymphocytes,MeSH,D001402,B-Lymphocytes
AnatomicalSite,"b-lymphocytes, regulatory",MeSH,D060151,"B-Lymphocytes, Regulatory"
AnatomicalSite,basophils,MeSH,D001491,Basophils
AnatomicalSite,blood buffy coat,MeSH,D058621,Blood Buffy Coat
AnatomicalSite,blood cells,MeSH,D001773,Blood Cells
AnatomicalSite,blood platelets,MeSH,D001792,Blood Platelets
AnatomicalSite,bone marrow,MeSH,D001853,Bone Marrow
AnatomicalSite,bone marrow cells,MeSH,D001854,Bone Marrow Cells
AnatomicalSite,cd4-positive t-lymphocytes,MeSH,D015496,CD4-Positive T-Lymphocytes
AnatomicalSite,cd8-positive t-lymphocytes,MeSH,D018414,CD8-Positive T-Lymphocytes
AnatomicalSite,cytokine-induced killer cells,MeSH,D055612,Cytokine-Induced Killer Cells
AnatomicalSite,dendritic cells,MeSH,D003713,Dendritic Cells
AnatomicalSite,eosinophils,MeSH,D004804,Eosinophils
AnatomicalSite,epithelioid cells,MeSH,D015622,Epithelioid Cells
AnatomicalSite,erythroblasts,MeSH,D004900,Erythroblasts
AnatomicalSite,erythrocyte inclusions,MeSH,D004908,Erythrocyte Inclusions
AnatomicalSite,erythrocyte membrane,MeSH,D004910,Erythrocyte Membrane
AnatomicalSite,erythrocytes,MeSH,D004912,Erythrocytes
AnatomicalSite,"erythrocytes, abnormal",MeSH,D004913,"Erythrocytes, Abnormal"
AnatomicalSite,erythroid precursor cells,MeSH,D015672,Erythroid Precursor Cells
AnatomicalSite,foam cells,MeSH,D005487,Foam Cells
AnatomicalSite,"giant cells, foreign-body",MeSH,D015743,"Giant Cells, Foreign-Body"
AnatomicalSite,"giant cells, langhans",MeSH,D015744,"Giant Cells, Langhans"
AnatomicalSite,granulocyte precursor cells,MeSH,D042381,Granulocyte Precursor Cells
AnatomicalSite,granulocyte-macrophage progenitor cells,MeSH,D055014,Granulocyte-Macrophage Progenitor Cells
AnatomicalSite,granulocytes,MeSH,D006098,Granulocytes
AnatomicalSite,heinz bodies,MeSH,D006366,Heinz Bodies
AnatomicalSite,hematopoietic stem cells,MeSH,D006412,Hematopoietic Stem Cells
AnatomicalSite,hematopoietic system,MeSH,D006413,Hematopoietic System
AnatomicalSite,hemic and immune systems,MeSH,D006424,Hemic and Immune Systems
AnatomicalSite,hemocytes,MeSH,D006434,Hemocytes
AnatomicalSite,histiocytes,MeSH,D006644,Histiocytes
AnatomicalSite,immune system,MeSH,D007107,Immune System
AnatomicalSite,immunological synapses,MeSH,D054992,Immunological Synapses
AnatomicalSite,intraepithelial lymphocytes,MeSH,D000075942,Intraepithelial Lymphocytes
AnatomicalSite,jurkat cells,MeSH,D019169,Jurkat Cells
AnatomicalSite,"killer cells, lymphokine-activated",MeSH,D015979,"Killer Cells, Lymphokine-Activated"
AnatomicalSite,"killer cells, natural",MeSH,D007694,"Killer Cells, Natural"
AnatomicalSite,kupffer cells,MeSH,D007728,Kupffer Cells
AnatomicalSite,langerhans cells,MeSH,D007801,Langerhans Cells
AnatomicalSite,leukocytes,MeSH,D007962,Leukocytes
AnatomicalSite,"leukocytes, mononuclear",MeSH,D007963,"Leukocytes, Mononuclear"
AnatomicalSite,lymphatic system,MeSH,D008208,Lymphatic System
AnatomicalSite,lymphatic vessels,MeSH,D042601,Lymphatic Vessels
AnatomicalSite,lymphocyte subsets,MeSH,D016131,Lymphocyte Subsets
AnatomicalSite,lymphocytes,MeSH,D008214,Lymphocytes
AnatomicalSite,"lymphocytes, null",MeSH,D008215,"Lymphocytes, Null"
AnatomicalSite,"lymphocytes, tumor-infiltrating",MeSH,D016246,"Lymphocytes, Tumor-Infiltrating"
AnatomicalSite,lymphoid progenitor cells,MeSH,D054503,Lymphoid Progenitor Cells
AnatomicalSite,macrophages,MeSH,D008264,Macrophages
AnatomicalSite,"macrophages, alveolar",MeSH,D016676,"Macrophages, Alveolar"
AnatomicalSite,"macrophages, peritoneal",MeSH,D017737,"Macrophages, Peritoneal"
AnatomicalSite,mast cells,MeSH,D008407,Mast Cells
AnatomicalSite,megakaryocyte progenitor cells,MeSH,D055016,Megakaryocyte Progenitor Cells
AnatomicalSite,megakaryocyte-erythroid progenitor cells,MeSH,D055015,Megakaryocyte-Erythroid Progenitor Cells
AnatomicalSite,megakaryocytes,MeSH,D008533,Megakaryocytes
AnatomicalSite,megaloblasts,MeSH,D008534,Megaloblasts
AnatomicalSite,memory b cells,MeSH,D000091245,Memory B Cells
AnatomicalSite,memory t cells,MeSH,D000091246,Memory T Cells
AnatomicalSite,monocyte-macrophage precursor cells,MeSH,D055017,Monocyte-Macrophage Precursor Cells
AnatomicalSite,monocytes,MeSH,D009000,Monocytes
AnatomicalSite,"monocytes, activated killer",MeSH,D016260,"Monocytes, Activated Killer"
AnatomicalSite,mononuclear phagocyte system,MeSH,D012157,Mononuclear Phagocyte System
AnatomicalSite,mucosal-associated invariant t cells,MeSH,D000072336,Mucosal-Associated Invariant T Cells
AnatomicalSite,myeloid progenitor cells,MeSH,D023461,Myeloid Progenitor Cells
AnatomicalSite,natural killer t-cells,MeSH,D055611,Natural Killer T-Cells
AnatomicalSite,neutrophils,MeSH,D009504,Neutrophils
AnatomicalSite,phagocytes,MeSH,D010586,Phagocytes
AnatomicalSite,plasma cells,MeSH,D010950,Plasma Cells
AnatomicalSite,reticulocytes,MeSH,D012156,Reticulocytes
AnatomicalSite,spherocytes,MeSH,D013102,Spherocytes
AnatomicalSite,t follicular helper cells,MeSH,D000084522,T Follicular Helper Cells
AnatomicalSite,t-lymphocyte subsets,MeSH,D016176,T-Lymphocyte Subsets
AnatomicalSite,t-lymphocytes,MeSH,D013601,T-Lymphocytes
AnatomicalSite,"t-lymphocytes, cytotoxic",MeSH,D013602,"T-Lymphocytes, Cytotoxic"
AnatomicalSite,"t-lymphocytes, helper-inducer",MeSH,D006377,"T-Lymphocytes, Helper-Inducer"
AnatomicalSite,"t-lymphocytes, regulatory",MeSH,D050378,"T-Lymphocytes, Regulatory"
AnatomicalSite,th1 cells,MeSH,D018417,Th1 Cells
AnatomicalSite,th17 cells,MeSH,D058504,Th17 Cells
AnatomicalSite,th2 cells,MeSH,D018418,Th2 Cells
AnatomicalSite,thoracic duct,MeSH,D013897,Thoracic Duct
AnatomicalSite,tumor-associated macrophages,MeSH,D000084582,Tumor-Associated Macrophages
AnatomicalSite,acellular dermis,MeSH,D062088,Acellular Dermis
AnatomicalSite,animal fur,MeSH,D000076203,Animal Fur
AnatomicalSite,animal scales,MeSH,D000075342,Animal Scales
AnatomicalSite,dermis,MeSH,D020405,Dermis
AnatomicalSite,hair,MeSH,D006197,Hair
AnatomicalSite,integumentary system,MeSH,D034582,Integumentary System
AnatomicalSite,nails,MeSH,D009262,Nails
AnatomicalSite,skin,MeSH,D012867,Skin
AnatomicalSite,wool,MeSH,D014935,Wool
